Unnamed: 0,artist_name,track_name,release_date,genre,lyrics,len,dating,violence,world/life,night/time,shake the audience,family/gospel,romantic,communication,obscene,music,movement/places,light/visual perceptions,family/spiritual,sadness,feelings,topic,age
60867,between the buried and me,selkies: the endless obsession,2005,jazz,slip comfortable proceed space innocent individuals concern happiness progress easy social situation unfortunate turn events collapse idea childish think judgement social status compare market change exploit idea innocence goddamn television corrupt separate group difference comfort think head years enjoy life wonder imagination tear tear time hate kill fight conquer human life best televise event learn live breath finally sweet relief speak obsession endless,63,0.001879699,0.2681927422829094,0.5539028083845653,0.001879699,0.001879699,0.001879699,0.038067071,0.001879699,0.001879699,0.001879699,0.001879699,0.001879699,0.001879699,0.111641889,0.001879699,world/life,0.2142857142857142
12087,cake,mr. mastodon farm,1994,pop,bird fall window ledge flap wing second bird fall window ledge flap wing second dead weight drop like stone small loaves bread past window time walk room peer lastsecond curve horizontal flight bird fall ledge like stone construct mind make fall flight symbolic entire existence important lastsecond curve flight life fall ascent mastodon farm mastodon farm cut swatches material mastodon farm mastodon farm cut swatches material,66,0.001754386,0.3079203699300975,0.001754386,0.085733309,0.001754386,0.001754386,0.001754386,0.001754386,0.001754386,0.001754386,0.001754386,0.362545072,0.001754386,0.1607306640534221,0.001754386,violence,0.3714285714285714
42392,the pretty things,old man going,1968,blues,go hopscotch life lead grave face line street save black house build soon disappear corporation year go traffic thin drive slowly friend wipe streets fill bouquets cloudy soon forget field go,31,0.002105263,0.3756083358915321,0.1728387199678059,0.002105263,0.002105263,0.002105263,0.002105263,0.002105263,0.002105263,0.002105263,0.3437211406919205,0.002105263,0.002105263,0.002105263,0.076252855,violence,0.7428571428571429
8004,the j. geils band,centerfold,1981,pop,come walk talk come complete homeroom homeroom pull seat pure like snowflakes stain memory cause pain years lookin girly magazine homeroom page inbetween blood run cold memory sell centerfold centerfold blood run cold memory sell centerfold slip note desk thinkin dress turn away catch shakin shoe flash babyblues hold pass close soft fuzzy sweaters magical touch negligee blood run cold memory sell centerfold centerfold blood run cold memory sell centerfold okay understand nevernever land issue go clothe drive motel room private rip page mind strip guess gotta blood run cold memory sell centerfold centerfold blood run cold memory sell centerfold alright alright blood run cold memory sell centerfold centerfold blood run cold memory sell centerfold centerfold,116,0.000666223,0.3995795596904043,0.000666223,0.000666223,0.000666223,0.000666223,0.000666223,0.000666223,0.080203325,0.000666223,0.1518550825201699,0.000666223,0.000666223,0.2316901160336852,0.000666223,violence,0.5571428571428572
18084,august alsina,i luv this shit,2013,pop,shit shit okay shit shit shit shit okay shit shit clock fade kush feel amaze voicemail phone breezy feel xrated tell nigga hurt swerve walk bedroom certain stay ciroc stay take shots girl maybe cause bitch nigga nigga snitch nigga real nigga real nigga tryna chill cause drink talk like high trip like young live like like goddammit goddammit drink cause shit smoke cause shit grind cause shit tell fuck cause shit roll hood roll good lips roll damn ride good roll sleep roll roll floor laugh cause look surprise girl block ciroc circle block maybe cause bitch nigga nigga snitch nigga real nigga real nigga try chill cause drink talk like high trip like young live like like goddammit goddammit drink cause shit smoke cause shit grind cause shit tell fuck cause shit know know somethin refuse believe true prove proof dude like understand girls understand girls lookin real nigga like wrong place wrong ways care change cause want okay want okay say nothin nothin nothin nothin nothin nothin bitch goddammit goddammit drink cause shit smoke cause shit grind cause shit tell fuck cause shit,186,0.000324886,0.000324886,0.017138176,0.000324886,0.000324886,0.000324886,0.000324886,0.1430140708900488,0.7359967410473969,0.000324886,0.000324886,0.000324886,0.000324886,0.000324886,0.01599583,obscene,0.1
27692,david allan coe,gotta serve somebody (with lacy j. dalton),1983,country,ambassador england like gamble like dance heavyweight champion world socialite long string pearl gonna serve somebody serve somebody serve somebody serve somebody devil lord gonna serve somebody roll prance stage plenty drug command women cage businessman high degree thief doctor chief gonna serve somebody serve somebody serve somebody yeah yeah serve somebody devil lord gonna serve somebody state trooper young turk head great network poor blind chain live country gonna serve somebody serve somebody serve somebody serve somebody devil lord gonna serve somebody maybe construction worker work home live mansion live dome gun tank somebody landlord bank gonna serve somebody serve somebody yeah serve somebody serve somebody devil lord gonna serve somebody care gonna serve somebody serve somebody serve somebody serve somebody devil lord gonna serve somebody roll prance stage plenty drug command women cage businessman high degree thief doctor chief gonna serve somebody serve somebody serve somebody serve somebody devil lord gonna serve somebody devil lord gonna serve somebody serve somebody gonna serve somebody serve somebody serve somebody serve somebody serve somebody serve somebody devil lord serve somebody serve somebody serve somebody serve somebody serve somebody serve somebody somebody somebody devil lord,193,0.000469925,0.1280787497114782,0.027474597,0.000469925,0.03729843,0.1242678418270061,0.000469925,0.011258048,0.000469925,0.000469925,0.029243197,0.025850709,0.034500571,0.000469925,0.4319207155765686,feelings,0.5285714285714286
29531,george strait,"angel, angelina",1989,country,heaven wonder morning find pray night find wish stay right arm sweetest sweet lips touch finger tip bluest blue sparkle eye like hand glove know size special ways need stay right arm,32,0.002105263,0.002105263,0.1135946118344964,0.2588429151199644,0.002105263,0.002105263,0.4238042864253812,0.002105263,0.002105263,0.05577547,0.002105263,0.002105263,0.002105263,0.002105263,0.002105263,romantic,0.4428571428571428
41066,bo diddley,"hong kong, mississippi",1961,blues,dearest darling dearest darling dearest darling know lord create pick rest know love best dearest darling dearest darling dearest darling hand hand heart trill true go care like hearts dearest darling dearest darling dearest darling heaven hole pull dearest dearest dearest heaven gonna write heavenly stair aren turn know baby know dearest dearest dearest sweet baby sweet baby,58,0.085368763,0.001349528,0.001349528,0.001349528,0.001349528,0.030853717,0.5062379253514151,0.1842104404841437,0.001349528,0.001349528,0.1478460661567233,0.001349528,0.001349528,0.001349528,0.001349528,romantic,0.8428571428571429
75611,alice in chains,i can't remember,1990,rock,turn excuse attitude eat today eye turn grey remember remember bring feel pain eye blame remember remember remember identity visions mind scream mama mama angry brain infancy knock hate breathe throat steal energy take loss bleed alive,37,0.001949318,0.4045801484178409,0.2817685837543393,0.001949318,0.001949318,0.079272466,0.001949318,0.001949318,0.001949318,0.001949318,0.001949318,0.001949318,0.001949318,0.2051390343752344,0.001949318,violence,0.4285714285714285
20999,johnny cash,"cold, cold heart",1960,country,try hard dear dream afraid thing evil scheme memory lonesome past keep apart free doubtful mind melt cold cold heart time heart blue heart pay things anger unkind word say teardrops start yeah time believe belong know heart shackle memory learn care drift apart,44,0.001385042,0.046049838,0.1377576066837779,0.001385042,0.028719049,0.001385042,0.025015365,0.1516155077149764,0.001385042,0.090313627,0.001385042,0.001385042,0.029588313,0.4757052363043723,0.001385042,sadness,0.8571428571428571
81770,marc reis,new kid on the block,2015,hip hop,quiet piss somebody like motherfucker long fee insecurities stand bite hand feed wear lie inside head best friend heart bleed fellow break glass fake reflection time real respect word speak go clone feel know heart america blood hand fight defend right maintain lifestyle insult family existence special salute high pompous assholes spend days point finger fuck quiet piss somebody like heartbeat country antagonize long damn count generous hypocrisy collect enemies tabloid gossip queen worthless need bury selfish agenda right grave time real respect word speak go clone east high society look foundation constantly remind action cause problems point finger direction blame nation win elections contribute fuck thing country criticize excuse obscene ignore untrue depictions admit mistake hurt sure quiet piss somebody wear lie inside head best friend heart bleed fellow break glass fake reflection time real respect word speak go clone,141,0.000598086,0.3533559669936415,0.000598086,0.07496504,0.000598086,0.000598086,0.000598086,0.1042110461513917,0.1171599297612712,0.000598086,0.097158755,0.000598086,0.000598086,0.1020369762296332,0.1110292788028697,violence,0.071428571
55909,willie bobo,fried neck bones and some home fries,1966,jazz,sweet caress graze skin loveless hook sink disguise insect prey mandibles like knife reckon form cloud shroud louder tattered wing sound descend come swarm locusts sky converge choke feast souls consume harvest young suffer unto locust surrender vein bleed devour sacred string pull marionettes dance wind beget pestilence form cloud shroud louder tattered wing sound descend come swarm locusts sky converge choke feast souls consume harvest young suffer unto locust bleed eye plague send erase bleed inside vermin infiltrate appear hold candle hark angels sing form cloud shroud louder tattered wing sound tear veil lie derail purity prevail trumpet sound shatter crown halos truth surround charade come come swarm locusts sky converge choke feast souls consume harvest young suffer unto locust,121,0.001283697,0.3030436946500657,0.001283697,0.001283697,0.001283697,0.001283697,0.026358477,0.001283697,0.001283697,0.1665467259311843,0.001283697,0.3857596953417123,0.1003196485254225,0.001283697,0.001283697,violence,0.7714285714285715
33290,warren zevon,for my next trick i'll need a volunteer,2000,country,woman want look disappear trick need volunteer pull rabbit pull disappear trick need volunteer step right trick need volunteer trick need volunteer step right trick need volunteer lonely trick play spotlight fade plan fall apart lonely hell magic spell break heart chain escape better cause late disappear trick need volunteer lonely trick play spotlight fade plan fall apart lonely hell magic spell break heart woman wanna look disappear trick need volunteer step right trick need volunteer trick need volunteer step right trick need volunteer,84,0.000907441,0.000907441,0.000907441,0.047611885,0.1902738017097559,0.000907441,0.038069995,0.000907441,0.2025899650522816,0.000907441,0.000907441,0.045384072,0.000907441,0.3905050535046079,0.000907441,sadness,0.2857142857142857
40613,nina simone,black is the color of my true love's hair,1959,blues,black color true hair face soft wondrous fair purest eye strongest hand grind stand grind stand black color true hair true hair true hair lover know grind go time come pray time come black color true hair true hair true hair,41,0.001349528,0.4467355644179897,0.001349528,0.0554708,0.001349528,0.001349528,0.3298680057118992,0.001349528,0.001349528,0.001349528,0.001349528,0.001349528,0.001349528,0.001349528,0.021658517,violence,0.8714285714285714
19753,saweetie,icy grl,2018,pop,stop stop guap white toe flipflops manicure pedicure tiptop lie need stop cause wifey haters wanna fight white hand clean hittas move sheisty gucci bitch unlikely wrist look charge minute cause time pricey yeah boss judge vibe feel energy stack paper steadily live luxury look mirror thank beef enemy friend girls weird stay clear live drama free live comfortably goals meet team try grind mental bleed tryna weed tryna week save invest right company dream like child take custody obstacles slow buffer mold time cause suppose niggas close cause know hold probably solo meet make move sanity yeah team summer couple setbacks bounce recover clique real small make move head better view like catch overseas country hennessy chill beach count couple server bring receipt double check expense messy neat thats girl number stunner girl cuban cash money mama din bahamas eat fettucini pasta scallop lobsters time hoe speak like know bitch niggas gucci feet shit bitch,156,0.000572082,0.1104881998027789,0.1085326896128926,0.000572082,0.032162072,0.012710722,0.000572082,0.000572082,0.4123975729366342,0.000572083,0.1194386584002345,0.000572082,0.02707261,0.000572082,0.000572082,obscene,0.028571429
11429,ice cube,the predator,1992,pop,stoppin stop killin kill somethin waitin repeat hide westside night stalker shit talker tell nigga everyday prey slay south central monkeywrench know bozack cause stavin fuck late night comin shit steady mobbin cause flavor good go neighborhood nigga album come fall sawedoff gauge turn chapter catch rapture know floor motherfuck billboard editor come predator repeat check head style fuck briseno wind koon pretty soon fuck like fuck kiss riot nothin diet fightin beast justice peace fuck niggas sick white trick treat right sight muslim resident vote farrakhan president white america tear asshole nigga black strollin suburb house douse cleanin trash floor motherfuck billboard editor come predator repeat come predator somethin waitin black showin hoin reiner kiss grit like diner meaner motherfuckin hyena chasin antelope chrome dome watch bust like cantaloupe stand rope hang talk dog slang ratatattat noggin cause cream like häagendazs chocolate crazy catch wreck flippin tongue like dadiggitydung dasefx cube rapper actor macker little problem redneck cracker tallywacker heller devil shitpacker comin crazy pitch statue liberty nothin lazy bitch wanna crack black racial rape floor motherfuck billboard editor predator repeat repeat indicate trap creature activate selfdestruct device destroy rainforest cover city block kaboom,195,0.000565931,0.1922459928573762,0.000565931,0.037033028,0.000565931,0.010736255,0.022673639,0.000565931,0.6472866917423212,0.000565931,0.059313966,0.000565931,0.000565931,0.000565931,0.000565931,obscene,0.4
24771,bruce cockburn,all the diamonds in the world,1974,country,diamonds world mean conjure wind sunlight sparkle aground harbour lose taste free thank send gullchased ship thousand years half world away die tree grow greener pray silver scale flash bright fade reeds shore like liquid ship come shin like swan sun ship come shin,44,0.001644737,0.001644737,0.3139778042970558,0.001644737,0.001644737,0.001644737,0.001644737,0.001644737,0.001644737,0.001644737,0.001644737,0.5552782082517251,0.1044281966590813,0.001644737,0.001644737,world/life,0.6571428571428571
45340,ufo,it's killing me,1981,blues,live inside bottle string line catch life rough tumble blind lead blind wish answer easy know leave know stay kill mystery kill mystery hide small talk hide pain back wall vain kill mystery kill mystery know hard guard single go fool live tell secret surrender defeat pass walk different beat kill mystery kill mystery kill mystery kill mystery kill mystery kill,61,0.001119821,0.4780350313907449,0.1155054443548062,0.001119821,0.001119821,0.001119821,0.001119821,0.2378488149632461,0.001119821,0.001119821,0.067952798,0.001119821,0.001119821,0.08498042,0.001119821,violence,0.5571428571428572
3405,the marvelettes,reachin' for something i can't have,1968,pop,reachin reachin reachin reachin reachin somethin cause pain need till hurt remain stand high society voice call need say cause live live poor reachin reachin help reachin reachin cause tell nothin place pride keep away reachin somethin cause pain need till hurt remain say things stay look forget begin love reachin reachin help reachin reachin nothin need reachin somethin cause pain need till hurt remain need want care close need,70,0.000956938,0.000956938,0.1106846507428707,0.000956938,0.1185687644477464,0.047661817,0.05966573,0.1450855850517414,0.1660916097585658,0.000956938,0.000956938,0.000956938,0.000956938,0.3249106213685726,0.000956938,sadness,0.7428571428571429
1129,brian hyland,paper doll,1961,pop,paper gonna paper fellows steal flirty flirty guy flirty flirty eye flirt dollies real come home night wait truest world paper fickleminded real live girl guess million dolls guess play game quarrel blue go away leave like dolls tell tough tough fall whatcha gonna,44,0.001697793,0.001697793,0.085671156,0.053223005,0.001697793,0.001697793,0.001697793,0.001697793,0.3183430737590338,0.1287361363095209,0.001697793,0.001697793,0.001697793,0.198240519,0.044805212,obscene,0.8428571428571429
3047,the beach boys,with me tonight (mono),1967,pop,dhat clothe shoe bottom jet board mall ball stay call cars foreign everytime club pop bottle dhat dhat body beemer dhat dhat condo beach live horse polo tell boys yolo benz black solo black orange snapback call ocho yeah kill kill loso south beach tonight champagne pollo club tonight pop momo watch step bottom spike feet call thirsty white gold chain lawd layovers private jet trippy mane like turrets shut mall buy hear tag yeah blow money fast money brooky cash biscayne blvd penthouse suite month salary blow week jewelry hum speak pull beach swagger stupid belt cold winter sue bahamas germany chainz neck hurt ball hard habour mall stable closet yeah draw gators vnecks birdy vans week toms onda weekend chardonnay inda nuvo inda even yeah spender money brooky ball till december ball cook money,136,0.000862813,0.1697913754956324,0.000862813,0.042101629,0.066743293,0.000862813,0.000862813,0.000862813,0.4004490263619117,0.079594077,0.216577091,0.000862813,0.000862813,0.014389755,0.000862813,obscene,0.7571428571428571
72003,david bowie,soul love,1972,rock,stone kneel grave brave give life save slogan hover headstone eye penetrate grieve girl talk word share word strong tear hearts sleep fleet hours morning careless choose sweep cross baby descend defenseless idiot spark fusion inspirations touch flame love soul priest taste word tell high reach loneliness evolve blindness surround careless choose sweep cross baby descend defenseless idiot spark fusion inspirations touch flame love,64,0.073514473,0.3063811396626777,0.2136154951231239,0.001461988,0.001461988,0.001461988,0.1836189734274079,0.001461989,0.001461988,0.001461988,0.001461988,0.1683823579783956,0.001461988,0.001461988,0.001461988,violence,0.6857142857142857
61686,groove armada,history (love mix),2010,jazz,ohhhh sorry turnin away past lookin better place lonely find wrong history repeat keep follow wrong sick history repeat keep turn start push mind forget things take throw away dream dream dream dream wrong history repeat keep follow wrong history repeat history repeat long,44,0.001422475,0.001422475,0.2031845218088563,0.1213056996383235,0.001422475,0.001422475,0.001422475,0.1364545438486152,0.1476456345675265,0.001422475,0.001422475,0.001422475,0.001422475,0.3714949480010086,0.001422475,sadness,0.1428571428571428
31626,lee roy parnell,if the house is rockin',1995,country,hold hold hello baby call party goin free hear music loud drive till crowd cars park doorbell bust knock real hard second think house rockin bother knockin house rockin bother knockin step right begin javalina sausage crawfish tennessee whiskey texas barbecue pretty little girls know dance doin alligator leopard skin pant tell gettin tonight invitation party light house rockin bother knockin house rockin bother knockin step right begin yeah start uncle birthday bash angels drop decide crash friendly havin ball racin teachin singin bear wild lungs house rockin bother knockin house rockin bother knockin step right begin come street sayin gotta turn sleep band record start groove drink mood wife come door poundin yellin smile say shut house rockin bother knockin house rockin bother knockin step right begin,128,0.02352129,0.044939857,0.000657895,0.061531147,0.014266851,0.000657895,0.018881847,0.000657895,0.314109208,0.000657895,0.3837730541229414,0.083545704,0.048852093,0.000657895,0.000657895,obscene,0.3571428571428571
28093,reba mcentire,somebody should leave,1984,country,sure get quiet kid silence put say read book watch die quietly know read somebody leave need kid need somebody leave hate hop need goodnight turn face wall darkness tear start fall goodbye come easily baby,36,0.057872635,0.3057466622016047,0.001547988,0.001547988,0.09021909,0.001547988,0.032979944,0.001547988,0.001547988,0.001547988,0.2317007872065546,0.001547988,0.001547988,0.193797384,0.069107645,violence,0.5142857142857142
77786,keane,bedshaped,2004,rock,time rainy roads live live bury laugh look away follow eye bedshaped legs stone knock door white light think know know know know think hold fall wayside understand things laugh look away follow eye bedshaped legs stone knock door white light think know know know white light think know know know,51,0.001169591,0.3182911406540267,0.001169591,0.001169591,0.001169591,0.001169591,0.001169591,0.4491284446284895,0.001169591,0.001169591,0.001169591,0.1224597975689652,0.001169591,0.092576757,0.001169591,violence,0.2285714285714285
1517,bobby vee,walkin' with my angel,1962,pop,walkin walkin whoauhoh cause awishin thata walkin walkin awhen strollin hand hand prettiest girl belong feel proud good walkin cloud walkin walkin strollin hand hand cause prettiest girl belong feel proud good walkin cloud walkin walkin walkin walkin yeah walkin walkin,41,0.001547988,0.001547988,0.001547988,0.001547988,0.031790641,0.001547988,0.1033380249124205,0.001547988,0.5009206389354184,0.041034547,0.001547988,0.066884703,0.001547988,0.001547988,0.1077271478826312,obscene,0.8285714285714286
12764,republica,ready to go,1996,pop,ready ready weird tear near away say go home stay tshirt dish dirt hurt crack yeah stand rooftops shout baby ready ready rooftops shout crack yeah stand rooftops have baby ready ready rooftops shout shout sleep deep week world mouth mouth drop drop deserve strange insane thing change crack yeah stand rooftops shout baby ready ready rooftops shout crack yeah stand rooftops have baby ready ready rooftops shout shout ready abuse confuse hurt hurt hurt hurt crack yeah stand rooftops shout baby ready ready rooftops shout crack yeah stand rooftops have baby ready ready rooftops shout crack baby ready baby ready baby ready baby ready baby ready baby ready baby ready baby ready baby ready,115,0.1910222748979685,0.3146681855985783,0.011460642,0.3130506775458572,0.066074721,0.000537057,0.000537057,0.000537057,0.000537057,0.000537057,0.000537057,0.000537057,0.015924043,0.081354773,0.000537057,violence,0.3428571428571428
13893,cat power,(i can't get no) satisfaction,2000,pop,drive come radio tellin bout useless information tryin mess magination watchin come tell white shirt cause smoke cigarettes rid globe doin signin tryin baby baby baby come lose streak rid globe doin signin tryin tryin,35,0.2858238747762736,0.002192983,0.002192982,0.002192982,0.002192982,0.002192982,0.002192982,0.002192983,0.4522817147480847,0.002192983,0.1917479046404792,0.002192982,0.002192982,0.002192982,0.002192982,obscene,0.2857142857142857
7032,kate bush,the kick inside,1978,pop,pull lace chintz know face genius send time read touch give moment give moment give give give give kick inside make leave quilt warm sister bear lose like arrow shoot killer bob knee mythology read come home moon meet give moment give moment give give give itgiving kick inside make leave quilt warm sister bear lose like arrow shoot killer pull lace chintz know face genius send time read,69,0.000974659,0.2964363441485813,0.4105603172486493,0.000974659,0.000974659,0.059809206,0.074338146,0.000974659,0.000974659,0.000974659,0.000974659,0.03439564,0.065135728,0.000974659,0.000974659,world/life,0.6
31107,dwight yoakam,pocket of a clown,1993,country,inside pocket clown place hang watch smile turn frown inside pocket clown inside heartache fool learn things teach school lessons real cruel inside heartache fool hollow lie disguise little drop truth fall eye hollow lie disguise little drop truth fall eye inside memory past live sweet dream start fade real fast inside memory past real place hang inside pocket clown,60,0.001074114,0.001074114,0.1361301663799604,0.001074114,0.001074114,0.044688179,0.023334552,0.001074114,0.2268971915945732,0.001074114,0.001074114,0.001074114,0.001074114,0.5539123169764013,0.001074114,sadness,0.3857142857142857
15859,breaking benjamin,until the end,2006,pop,clever endeavor walk wind stay longer feel grow stronger live fade away desolate surround easy fall apart completely feel creep head longer feel grow colder know come life begin lose lose live hard fuck lose lose final fight final fight final fight,42,0.001644737,0.191423536,0.2885178939774306,0.001644737,0.001644737,0.001644737,0.001644737,0.001644737,0.037882112,0.001644737,0.001644737,0.001644737,0.001644737,0.3322662596664671,0.069054207,sadness,0.2
9326,heart,what about love?,1985,pop,lonely wait pretend send make heart hide let try control forget want care slip away want share need someday tell feel inside sell want miss look life know right want care slip away want share want care slip away want share,41,0.001253133,0.001253133,0.069443103,0.001253133,0.001253133,0.001253133,0.001253133,0.1820147862479748,0.001253133,0.001253133,0.001253133,0.001253133,0.049790939,0.4654466973784283,0.026144594,sadness,0.5
66907,bargain music,cum down,2003,reggae,tell drop bone fit blue rock swine silent pond frog jump splash haiku palm island cryin judge view ballyhoo typhoons feisty critters knapsack steakhouse pitch black right stand magazine cover attack black plaque coca cola goons praise celebrate music bassoon head juice trick ashy knees plus pixie stick return favor wager layer flavor spit acapella rockstar singin rella chop gonna gonna gonna gonna gonna gonna tell judge fettucine spin life coppin tornadoes tell truth talk quote sleepin cavern wipe blood hand chew beef hear come saturn meditate speeches gold sand ugly beach lyric killer dumb tough brain chum hertz,99,0.001349528,0.4696711949844855,0.001349528,0.001349528,0.001349528,0.001349528,0.001349528,0.083196237,0.001349528,0.07397065,0.001349528,0.06374391,0.032265868,0.001349528,0.001349528,violence,0.2428571428571428
61542,between the buried and me,fossil genera (a feed from cloud mountain),2009,jazz,satellite sweet populous worry free entrance world history underestimate think thoughts satellite tap cloud mountain command ancestors work centuries hear breath watch disease accept truth satellite leaders drive farthest retreat relax enjoy ride speak years night asleep discuss future hold outer space takeover worlds collide dreary predetermine idea bring fellow night owls stories mock ideas crush night control idea think government overthrow come tell prepare night owls speak overhead apocalypse apocalypse happen sooner think read journals station prepare night owls roam earth years keep world afloat stay comfortable precious home sleep discuss discuss future future journals detail instructions machine weapons build weapons begin think harm outside world know false instinct like say discuss plan decades trust essential time explain know soon change trust safe government satellite simple time control simple sky create simple land change simple life break forward fast grow,141,0.000711238,0.048701953,0.3994404383589454,0.091191445,0.000711238,0.000711238,0.019651065,0.166292724,0.000711238,0.037278538,0.063608061,0.094372007,0.044122864,0.000711238,0.000711238,world/life,0.1571428571428571
58366,the j.b.'s,givin' up food for funk,1986,jazz,givin food funk repeat givin food funk repeat givin food funk repeat,12,0.013157895,0.013157895,0.013157895,0.013157895,0.013157895,0.013157895,0.013157895,0.013157895,0.7631578808930539,0.013157895,0.013157895,0.013157895,0.013157906,0.013157895,0.013157895,obscene,0.4857142857142857
36928,kenny rogers,three times a lady,2012,country,thank time give memories mind come rainbow loud twice time lady twice time lady share dream joy pain life live live life dear spend moment twice time lady twice time lady moments beat heart touch hold feel need apart twice time lady twice time lady,45,0.1683706498342013,0.00122399,0.2424631967501075,0.3420977547868535,0.00122399,0.00122399,0.085185585,0.00122399,0.00122399,0.025781674,0.00122399,0.00122399,0.00122399,0.1201892663464151,0.00122399,night/time,0.1142857142857142
10704,julee cruise,rockin' back inside my heart,1989,pop,tell heart tell heart want rockin inside heart want rockin inside heart rockin inside heart house eye hollywood move want rockin inside heart want rockin inside heart rockin inside heart tell heart tell heart want rockin inside heart want rockin inside heart rockin inside heart house eye hollywood move want rockin inside heart want rockin inside heart rockin inside heart hollywood remember picnic lunch go lake walk pin bird sing song come smile beautiful touch cheek kiss night go stroll wind blow hair warm wind blow wave lake hear nearby tree think forever,93,0.00074129,0.00074129,0.00074129,0.00074129,0.00074129,0.00074129,0.052013644,0.00074129,0.00074129,0.1607969999728926,0.058613553,0.00074129,0.00074129,0.4961299007432795,0.00074129,sadness,0.4428571428571428
17085,hannah montana,i'll always remember you,2010,pop,know come stand future hand dream plan know years laughter tear think walk away pain hard goodbye yesterday go gotta move thankful moments know time like photograph hold heart forever remember chapter book look memories save ahead open doors know head wish wish luck world open hard goodbye yesterday go gotta move thankful moments know time like photograph hold heart forever remember good inside time share place touch life yeah look smile laugh right cause hard goodbye yesterday go gotta move thankful moments know time like photograph hold heart forever remember remember remember,93,0.000641849,0.000641849,0.3833459136679425,0.000641849,0.014802257,0.000641849,0.1045676632723675,0.1056852658939001,0.000641849,0.000641849,0.000641849,0.000641849,0.000641849,0.1983513737253752,0.050755879,world/life,0.1428571428571428
275,jerry vale,more,1956,pop,innamorata innamorata lips meet innamorata kiss kiss sweet innamorata hold close warm wine heaven door innamorata want innamorata symphony beautiful sonata innamorata sweetheart lips meet innamorata kiss kiss sweet innamorata hold close warm wine heaven door innamorata want innamorata symphony beautiful sonata innamorata sweetheart innamorata innamorata,46,0.001949318,0.001949318,0.001949318,0.001949318,0.001949318,0.001949318,0.7065372161094341,0.001949318,0.001949318,0.001949318,0.1050305035979079,0.001949318,0.001949318,0.001949318,0.001949318,romantic,0.9142857142857144
897,the flamingos,tell me how long,1960,pop,theatre darkness spotlight centre stage place want flower dress room die single remain token life song sing forever apart song sing heart song sing heart stage darkness curtain fall,29,0.00228833,0.00228833,0.092923128,0.00228833,0.00228833,0.00228833,0.00228833,0.00228833,0.00228833,0.3335114590403992,0.00228833,0.071383947,0.00228833,0.3437874919297063,0.00228833,sadness,0.8571428571428571
21449,hank snow,melba from melbourne,1963,country,foolish notion cross wide ocean future look bright sign tanker board raise anchor stand watch golden gate fade sight nineteen days nights travel seas battle till land australia away friends miss think miss till step ashore melbourne melbourne heart yearn tear flow like wine kiss miss cause couldn care couldn forget fell little like start break hearted recall leave australian shore standin tryin hard cryin try tear south breeze whisper hold close kiss hopeless turn away leave melbourne heart yearn tear roll like wine wouldn leave couldn stay,88,0.000785546,0.000785546,0.032031353,0.000785546,0.000785546,0.000785546,0.0893126,0.000785546,0.031916148,0.000785546,0.2657016489506735,0.1668328369731422,0.000785546,0.3449519575405399,0.032445798,sadness,0.8142857142857143
39904,ella fitzgerald,i've got you under my skin,1956,blues,skin deep heart deep heart skin try say affair resist baby know damn skin sacrifice come sake have near spite warn voice come night repeat repeat know fool mentality reality time think make stop begin skin,36,0.086929756,0.3517662176973579,0.001754386,0.095495436,0.001754386,0.001754386,0.001754386,0.2207961484419612,0.001754386,0.001754386,0.001754386,0.001754386,0.001754386,0.186205383,0.001754386,violence,0.9142857142857144
54365,bing crosby,santa claus is comin' to town,1951,jazz,better watch better better pout tell santa comin make list check twice gonna naughty nice santa comin see sleep know awake know good good goodness sake better watch better better pout tell santa comin santa comin santa comin santa comin santa comin better watch better better pout tell santa comin make list check twice gonna naughty nice santa comin see sleep know awake know good good goodness sake better watch better better pout tell santa comin santa comin santa comin santa comin santa comin santa comin santa comin santa comin santa comin santa comin,94,0.000822368,0.000822368,0.000822368,0.057997222,0.000822368,0.000822368,0.000822368,0.09562248,0.748351664,0.000822368,0.000822368,0.000822368,0.000822368,0.000822368,0.051362973,obscene,0.9857142857142858
53546,thee oh sees,keys to the castle,2017,blues,parade candy people turn bend castle steeple flood tower body fling upper belfry witness occasion pile body garden smash hedgerow plummet stop panic ugly banquet float vile moat yeah crack skulls cobble ring home lemming message streets awful mess hand key castle change hassle start crop good people lock door castle steeple,52,0.002392345,0.4188541536779254,0.054102233,0.002392345,0.048381577,0.002392345,0.002392345,0.002392345,0.002392345,0.1112497632985567,0.002392345,0.1055728634302322,0.1344037911987986,0.002392345,0.048068896,violence,0.042857143
57321,con funk shun,tears in my eyes,1977,jazz,hear speak baby things go go remain memories word yeah know want want things right shed tear think night ohoh tear tiny tear tear tear yeah yeah worlds things different blame time catch someday pass happen notice tear yeah attention think share yeah girl tear tear tiny tear tear tear whoaoh whoaoh tear tear attention attention tear tear yeah tear tear oohoohooh oohoohoohoohooh tear tear yeah yeah yeah tear tear tiny tear yeah tear tear,75,0.018100586,0.000848896,0.000848896,0.029953379,0.1692782781745635,0.000848896,0.000848896,0.1590599857099865,0.000848896,0.000848896,0.000848896,0.000848896,0.000848896,0.5666120134644408,0.000848897,sadness,0.6142857142857143
47054,traveling wilburys,congratulations,1988,blues,congratulations break heart congratulations tear apart congratulations finally succeed congratulations leave need morning look window bluebird sing night image goin head congratulations bring congratulations sorrow bind congratulations good deal congratulations good feel guess love know world cause heart things differently pretend congratulations make congratulations late congratulations come congratulations know stop congratulations congratulations congratulations congratulations,54,0.00150376,0.00150376,0.071825906,0.042789802,0.00150376,0.00150376,0.036712277,0.1912540743914484,0.086056345,0.075989156,0.001503759,0.001503759,0.001503759,0.3370826454717449,0.1153428204869469,sadness,0.4571428571428571
76831,the goo goo dolls,hate this place,1998,rock,go away know lie wish away doubt poison confusion face feel mean think say know hold dream away sweet charade time yeah lie fall away know lose hide think wrong go head feel mean think say know hold dream away sweet charade come yeah certain mess life tell lie know need hold dream away sweet charade hold dream away sweet charade hold dream away hold dream away,67,0.000862813,0.000862813,0.039717048,0.000862813,0.043628982,0.000862813,0.21913559,0.3116365790520826,0.000862813,0.000862813,0.000862813,0.000862813,0.000862813,0.3302947386173989,0.044370495,sadness,0.3142857142857143
62064,eva cassidy,you take my breath away,2012,jazz,amaze strong power breath away watch grow like child gentle wild breath away good slip good lose good gonna stand mountain tell view breath away amaze strong power breath away beauty feel eye know breath away good slip good lose good gonna stand mountain tell view breath away good slip good lose good gonna stand mountain tell view breath away breath away,62,0.000877193,0.000877193,0.000877193,0.000877193,0.000877193,0.000877193,0.000877193,0.050618912,0.000877193,0.000877193,0.000877193,0.209132556,0.000877193,0.3977358928351522,0.195198137,sadness,0.1142857142857142
7716,the psychedelic furs,president gas,1980,pop,party state like vote change right like mess yeah believe lie government tear party time president president line kiss yeah stand head count president roller skate sick medicine stand feet open eye check asleep president president come leave come right heavily advertise want real cowboy electric company days hell lie government tear party time president president line kiss yeah stand head count president roller skate sick medicine stand feet open eye check asleep president president,75,0.001052632,0.4815860810303939,0.097092142,0.090073369,0.064397024,0.001052632,0.0444834,0.001052632,0.183825214,0.001052632,0.001052632,0.001052632,0.001052632,0.001052632,0.001052632,violence,0.5714285714285714
77229,deftones,back to school,2000,rock,right school check look sift cliques roam halls year make sick try think know right switch wall smokin cigarettes sippin vodka fence catch stop break mess like push square need cause school leaders stop quit quit ruin grab notebook start take note think watch backpack pencil like kool flippin simple wrong rock clothe coppin stance cause push square need cause school leaders transpose stop lie transpose stop lie school time close book close book push square need cause school leaders leaders leaders school,83,0.00093985,0.00093985,0.00093985,0.00093985,0.00093985,0.00093985,0.00093985,0.2391351944601457,0.6999064285795893,0.00093985,0.00093985,0.00093985,0.00093985,0.00093985,0.00093985,obscene,0.2857142857142857
54324,dean martin,absence makes the heart grow fonder (for somebody else),1950,jazz,leave know grieve remember absence make heart grow fonder somebody dearly sincerely remember absence make heart grow fonder somebody away mice play blue away fretful forgetful remember absence make heart grow fonder somebody away mice play blue away fretful forgetful remember absence make heart grow fonder somebody somebody,48,0.001644737,0.001644737,0.2944249651157028,0.001644737,0.001644737,0.001644737,0.001644737,0.001644737,0.001644737,0.1482532158588046,0.001644737,0.001644737,0.001644737,0.3505688790191815,0.1820818869615994,sadness,1.0
64937,wailing souls,carry on,1989,reggae,lord hear hear tonight lord know face know tear rain inside rage darkness fill soul wait wait voice like watchman break,21,0.002631579,0.002631579,0.002631579,0.1311373018888121,0.002631579,0.1083543240879081,0.002631579,0.002631579,0.002631579,0.188998614,0.002631579,0.002631579,0.002631579,0.5320360734819738,0.002631579,sadness,0.4428571428571428
14120,p!nk,misery (with steven tyler),2001,pop,shadow fall night blue misery sure company sing girl go weight like ball chain guess mean cause misery misery misery tell heart fool destiny cause misery road passion turn pain time walk door swear catch true take take smart leave heartache night misery misery misery tell heart fool misery misery tell heart fool destiny cause misery misery guess mean cause misery yeah misery,63,0.000923361,0.000923361,0.000923361,0.042453845,0.019297687,0.000923361,0.000923361,0.1924747151932131,0.000923361,0.037377321,0.062855204,0.000923361,0.039075467,0.5664325473881853,0.000923361,sadness,0.2714285714285714
19832,mac miller,what's the use?,2018,pop,yeah leave need somethin freak want minute fuck little superficial know little sentimental juice yeah okay colder breeze breeze flowin like motherfucker need yeah truly nothin know need drug space shuttle elon time waste fuck sing like céline catch catch damn exit plan leave land yeah time tickin come ride inside highly different talkin pilot mind business trippin somethin eye witness close understand doin leave nothin need freak want want nother minute minute fuck little super super ficial ficial know know little little senti senti mental juice turn come yeah shit work hard clue parlay crib long range know probably pray gotta cause save spendin money nothin shit wasn funny promise homies hungry look come throwin dirt worry brain head turnin like hurricane swervin tell outta shade picture frame shit thou plus change till yeah oooh wanna leave nothin need freak want want nother minute minute fuck little super super ficial ficial know know little little senti senti mental juice juice freak,162,0.000482859,0.000482859,0.000482859,0.061623125,0.1036740206011128,0.1173833157520041,0.000482859,0.1469915367776132,0.4455833221928207,0.012579012,0.000482859,0.054524018,0.008167709,0.000482859,0.000482859,obscene,0.028571429
56487,eugene mcdaniels,the parasite (for buffy),1971,jazz,land plymouth smile face say brothers away place indians greet wide open arm simple mind trust charm exhoodlums jail bird background crime breathe freely time drink cool clear water clean mountain stream take grant land plymouth smile face say brothers away place know indians greet wide open arm simple mind charm slowly surely come fork tongue trick trust humiliate young say indians different stay place pure holy inferior race land plymouth smile face say brothers away place know indians greet wide open arm simple mind trust charm come religions liquor gun claim good guy yeah act like huns create chaos spread disease agents damn land plymouth smile face say brothers away place indians greet wide open arm simple mind charm pollute water damn defile rewrite standards good fair promote order yeah justice hell laws hard swallow wish land plymouth smile face say brothers away place indians greet wide open arm simple mind charm slowly set indians murder pillage strand desert barren foul water yeah exist land plymouth smile face say brothers away place indians greet wide open arm scream terror,180,0.000465766,0.099873183,0.1355346940854473,0.000465766,0.029105073,0.000465766,0.035883719,0.000465766,0.000465766,0.000465766,0.1785368069222278,0.000465766,0.1419890997109558,0.344461436,0.000465766,sadness,0.7
30833,vince gill,no future in the past,1992,country,tonight darkness felt tomorrow lonesome cause things change go walk angry word speak leavin right bone pick piece break strength remember hold long memories forget admit future past,28,0.002105263,0.1282106635707232,0.3772917364591477,0.1383288237353103,0.002105263,0.002105263,0.002105263,0.002105263,0.002105263,0.070115688,0.002105263,0.002105263,0.002105263,0.2565794023546402,0.002105263,world/life,0.4
31443,tim mcgraw,not a moment too soon,1994,country,stand rainbow gold sight wish know see light moment soon minute spare touch heart prayer darkest hour world fill gloom sweet save moment soon think care lose time know forever rescue cross line moment soon minute spare touch heart prayer darkest hour world fill gloom sweet save moment soon sweet save moment soon ohoh ohoh moment soon,57,0.001144165,0.001144165,0.4366369248504556,0.163407512,0.001144165,0.001144165,0.2337383622258914,0.001144165,0.001144165,0.001144165,0.001144165,0.1490547287564121,0.001144165,0.001144165,0.001144165,world/life,0.3714285714285714
28544,eddie money,calm before the storm,1986,country,whoa believe heaven knock hit listen tell stop start great talk listen heart like calm yeah like sunlight break cold warm write song write write call song somebody hold reach rebelshe appreciate things go like calm yeah like sunlight break cold warm write song wonder chatter sweets peace like moonlight tree get need write song write write call song want world know yeah right like calm yeah like sunlight break cold warm write song wonder chatter calm like sunlight break cold get warm write song write write call song,89,0.000692521,0.000692521,0.000692521,0.000692521,0.088162833,0.000692521,0.000692521,0.085361444,0.000692521,0.4380626505950723,0.000692521,0.043199622,0.039084634,0.120793071,0.018650246,music,0.4857142857142857
60877,fattburger,trail of tears,2005,jazz,break promise trail tear time leave cold yearstoo time walk away feel ashamed try blamedhow world dark unfair untrue card life fold right yougod heaven hear prayer send children hop dream lot lot lovefor conquer fear soar like eagle trail tear,41,0.002024292,0.002024292,0.1600393259101707,0.095316579,0.002024292,0.002024292,0.002024292,0.002024292,0.002024292,0.002024292,0.002024292,0.002024292,0.1286560875037371,0.5856236335230719,0.002024292,sadness,0.2142857142857142
36629,thieving birds,"hey, leigh",2011,country,autumn leave fallin tree float like need nothin starlit texas catch ride interstate little money little late catch december july outside tryin tryin tryin live life tryin live cold wind blowin make warm hand skin need nothin starlit texas stay come try talk takin catch december july tryin tryin tryin live life tryin live cold wind blowin make warm hand skin need nothin starlit texas tryin tryin tryin live life tryin tryin tryin live life tryin live,77,0.000848896,0.094385771,0.2392829857095882,0.000848896,0.000848897,0.039235319,0.000848897,0.000848896,0.4986084106110013,0.000848896,0.000848896,0.1166029637649535,0.000848896,0.000848896,0.000848896,obscene,0.1285714285714285
55502,bill evans,i hear a rhapsody,1962,jazz,lyric song transcribe,3,0.01754386,0.01754386,0.01754386,0.01754386,0.01754386,0.01754386,0.01754386,0.01754386,0.01754386,0.3508771929824704,0.01754386,0.01754386,0.01754386,0.01754386,0.01754386,music,0.8285714285714286
81788,timbaland & magoo,drop,2015,hip hop,scoop crooklyn clan timbaland timbaland scoop crooklyn clan timbaland timbaland gotta gotta gotta awww lord guess come timbaland freaky drummond crunk like timbaland nigga scoop weed guarantee party people bounce fellas girls sayah lookin cornrows club girl bashfull girl throw girl like poke shake fast white girl shake like burn grip grab like soda talk bout hold dance floor drop like cadillac talk bout cut nigga slack girl girl bend girls roll deep club thug dog buck freak butt start turn learn crunk start turn begin breathe breathe breathe breathe breathe breathe lyric commercial,94,0.000892061,0.1777407087180799,0.000892061,0.000892061,0.000892061,0.017977318,0.000892061,0.000892061,0.3750796893365922,0.000892061,0.000892061,0.056818286,0.040428613,0.000892061,0.000892061,obscene,0.071428571
47325,little milton,i can't quit you baby,1989,blues,quit baby little weell quit baby little weell mess home mistreat child hear moanin groanin whoa know hurt inside whoa hear moanin groanin know hurt inside hear howlin know alright cryin tear fall vain cryin darlin tear fall vain lord know know heart fill pain whoa hear howlin baby know hurt inside,52,0.1306437235848399,0.00131579,0.001315789,0.001315789,0.1083781397130468,0.1255118520646906,0.001315789,0.1114754415781719,0.00131579,0.1071023146184747,0.001315789,0.001315789,0.00131579,0.3626894363309453,0.001315789,sadness,0.4428571428571428
35956,keith urban,why's it feel so long,2009,country,kiss goodbye half hour know drive airport gotta pick phone hear time say go outta mind feel long go feel long time keep drag till home feel long baby cause miss babe love like confess lose know crazy crazy feel long go feel long time keep drag till home feel long baby cause miss babe finally know like leave cantillation tonight wait pray maybe come come come babe tell feel long go feel long time keep drag till home feel long baby cause miss babe feel long go feel long time keep drag till home feel long baby cause miss babe look watch stare clock freeze couch second feel like hours hour like twilight zone home away away,118,0.1761999541686766,0.029335446,0.000465766,0.3301795951598649,0.000465766,0.000465766,0.037169434,0.000465766,0.000465766,0.051115725,0.06073525,0.000465766,0.000465766,0.037771966,0.2028114954736147,night/time,0.1571428571428571
42405,jethro tull,a song for jeffrey,1968,blues,gonna lose tomorrow gonna away want hear want continue goin goin goin want everyday mornin come tell tomorrow bring things dream today,22,0.002392345,0.002392345,0.408474057,0.002392345,0.002392345,0.2109114128990001,0.002392345,0.002392345,0.002392345,0.087019542,0.002392345,0.002392345,0.002392345,0.002392345,0.002392345,world/life,0.7428571428571429
52079,seasick steve,you can't teach and old dog new tricks,2011,blues,wrong right need change style long long maybe things oughta teach trick wanna little life climb little higher right tire ordinary bullshit need change style long long maybe things oughta teach trick teach trick right maybe leave perfect bone need change style long long teach trick teach trick teach teach trick teach trick teach teach trick teach teach teach lord,60,0.001074114,0.022723855,0.4321276232373578,0.2809516054716475,0.037957348,0.09640179,0.001074114,0.001074114,0.070447026,0.001074114,0.001074114,0.027019248,0.001074114,0.001074114,0.001074114,world/life,0.1285714285714285
68453,ballyhoo!,meathead,2011,reggae,vibe nod like freight train come roll track mind boil vein change tide want shudder prick want flip switch exercise right alpha male flinch voice shout stereo gotta turn gotta turn yeah real attitude gotta cause drag hell know like happen wasn daddy say innocence meat head time anger get cross line want step outside come drink beer kick school muscle mass voice shout stereo gotta turn gotta turn yeah real attitude gotta cause drag hell know like yeah real attitude gotta cause drag hell know like yeah real attitude real attitude real,93,0.000773994,0.200314918,0.000773994,0.000773994,0.070130695,0.000773994,0.000773994,0.1093147677167013,0.3075863983631789,0.000773994,0.120955191,0.000773994,0.000773994,0.000773994,0.000773994,obscene,0.1285714285714285
67659,the beautiful girls,spanish town,2007,reggae,money leave throw away go mexico try escape rain time feel long somethings change know spanish friend remember church street drink wine meet prison oval days grow longer longer away place lonely music play know spanish friend,37,0.001644737,0.001644737,0.1577585294213983,0.001644737,0.001644737,0.001644737,0.001644737,0.090345257,0.001644737,0.091253075,0.3049927589966982,0.001644737,0.001644737,0.3326240622101829,0.001644737,sadness,0.1857142857142857
809,neil sedaka,one way ticket,1959,pop,choo choo train chuggin track gotta travel comin ticket blue baby leavin lonely teardrops ticket blue gonna lonesome gonna stay heartbreak hotel fool cry tear choo choo train chuggin track gotta travel comin ticket blue woah ticket blue gonna lonesome gonna stay heartbreak hotel fool cry tear choo choo train chuggin track gotta travel comin ticket blue woah ticket blue woah ticket blue woah ticket blue woah ticket blue,69,0.027240071,0.001283697,0.001283697,0.001283697,0.001283697,0.001283697,0.001283697,0.001283697,0.087616111,0.3323487236805708,0.001283697,0.001283697,0.001283697,0.2005441040433383,0.001283697,music,0.8714285714285714
58320,george benson,nothing's gonna change my love for you,1985,jazz,live life near days nights long forever clearly felt strong dream young know want hold touch want live nothings gonna change ought know thing sure nothings gonna change ought know world change life nothings gonna change road ahead easy lead like guide need change thing come share view help forever hold touch want live nothings gonna change ought know thing sure nothings gonna change ought know world change life nothings gonna change,72,0.000862813,0.000862813,0.6083657917828875,0.000862813,0.000862813,0.000862813,0.082907872,0.1355509942310784,0.000862813,0.000862813,0.000862813,0.000862813,0.000862813,0.000862813,0.000862813,world/life,0.5
80967,boogie down productions,the style you haven't done yet,1989,hip hop,number soundlive ghetto music produce krsone widdybyebye byebye byebye widdybyebye byebye byebye come claim attain level rhymin listen lyin tryin years stop change rearrange producer touch microphone loser laugh smirk belong perform song specific style gift poetically uplift speak attack maybe rhyme statue tell people literally come rockin funky lyric better endlessly recitin poetry time street hear voice know krnope ready teach style attain widdybyebye widdybyebye widdy byebye byebye byebye widdybyebye widdy byebye widdybyebye widdy byebye byebye byebye widdybyebye plumb know krsone come sing style sing rock party gotta suckers want krsone instead japslap teacher wack like stack hit albums triplelayer cake throw face waste pick taste poet black race whip whine touch time rhyme black effect jeeeeeeesus gosh dude gosh dude crew juice crew,125,0.001012146,0.1448893670547829,0.001012146,0.054947,0.001012146,0.001012146,0.001012146,0.079490216,0.4778620985568221,0.1912445822555723,0.001012146,0.001012146,0.001012146,0.001012146,0.001012146,obscene,0.4428571428571428
22410,sonny james,the minute you're gone,1966,country,minute go minute go walk sight like child night stare emptiness fill loneliness world go right wrong minute go minute go lonely life blue couldn minute go pray minute go stay away long minute go minute go,37,0.001461988,0.001461988,0.094905242,0.3821142112950684,0.001461988,0.001461988,0.001461988,0.001461988,0.001461988,0.033666205,0.001461988,0.001461988,0.028362273,0.1767851096388585,0.2651611112512078,night/time,0.7714285714285715
79112,green river ordinance,dancing shoes,2012,rock,black dress grab dance shoe head dance away blue spend week wait mind hold love arm love arm yeah yeah tire weigh soul uptown life head country road forget things right little emmylou dance night sing hold love arm love arm say hold love arm love arm come need time need time porch kick shoe need need tune world get lose make plan woman yeah yeah need time alright yeah yeah need time hold love arm love arm say hold love arm love arm sing hold love arm love arm say hold love arm love arm black dress grab dance shoe head dance away blue,105,0.000515996,0.020651727,0.048562631,0.079844291,0.12384184,0.000515996,0.3809124982113407,0.000515996,0.000515996,0.05397172,0.2208678061773797,0.065671532,0.000515996,0.000515996,0.000515996,romantic,0.1142857142857142
78607,arctic monkeys,crying lightning,2009,rock,outside cafe cracker factory practice magic trick thoughts rude talk chew pick say mistake think call cold strawberry lace offer attention form gobstopper leave go waste pastimes consist strange twist derange little game call cry lightning like aggravate icecream rainy afternoons time catch reflection meet think excuse postpone look like profile hide fact know approach throne fold arm occupy bench like toothache stand puff chest like lose try suffer indignity reaction crack grasp gap claw pastimes consist strange twist derange hate little game call cry lightning like aggravate icky rainy afternoons uninviting half impossible assume cry lightning pastimes consist strange twist derange hate little game call cry lightning cry lightning cry lightning cry lightning pastimes consist strange twist derange hate little game call cry,124,0.000822368,0.3090181659234017,0.000822368,0.000822368,0.000822368,0.07330895,0.000822368,0.1862303207029784,0.000822368,0.000822368,0.000822368,0.02552487,0.059953936,0.2648409157861175,0.000822368,violence,0.1571428571428571
12718,nancy sinatra,wait 'till you see him,1996,pop,till look till hear laugh painters paint writers book tell half till feel warmth glance pensive sweet wise lovely thrill will free believe eye,24,0.002923977,0.002923977,0.002923977,0.002923977,0.002923977,0.002923977,0.3731371889308763,0.2535675805973557,0.002923977,0.002923977,0.208108172,0.002923977,0.072480837,0.002923977,0.051770547,romantic,0.3428571428571428
22583,jim reeves,is it really over?,1966,country,line tell lose leave remember sweet wonder step shoe tell eye die instrumental wonder step shoe tell eye die,19,0.002770083,0.3295949501445909,0.002770083,0.002770083,0.002770083,0.002770083,0.071952275,0.3709328969461852,0.002770083,0.002770083,0.1859686291178085,0.002770083,0.002770083,0.002770083,0.002770083,violence,0.7714285714285715
9705,firehose,brave captain,1986,pop,captain doubt ability lead lead doubt ability blank analogies lieutenant talk pertain interpretations problems problems doubt ability blank analogies enemy turn captain captain turn civilian lieutenant casualty lieutenant casualty enemy turn captain captain turn civilian lieutenant casualty lieutenant casualty doubt ability blank analogies doubt ability blank analogies,47,0.004048583,0.004048583,0.3314060511048158,0.004048583,0.004048583,0.004048583,0.004048583,0.2598733979942447,0.004048583,0.004048583,0.004048583,0.343943222,0.004048583,0.004048583,0.004048583,world/life,0.4857142857142857
74739,ozzy osbourne,fool like you,1986,rock,hear breathe away go couldn damn fool like true cool perfectly cold go come think sum fool like true today hold ticket stay turn nightmare think know think know clue control view fool like true reason come naturally idiosyncrasy fool like true hear want hear attitude hide reside deep crowd hand pull guilty commit crime free look like haunt fool like true fool like look like haunt fool like true fool like look like haunt fool like true,78,0.000822369,0.000822368,0.000822368,0.000822368,0.000822368,0.000822368,0.072435906,0.314300424,0.000822368,0.037485835,0.000822368,0.000822368,0.018154164,0.3000319320989092,0.000822369,sadness,0.4857142857142857
46203,chris rea,bombollini,1984,blues,sing song sing sing free sing sing smile laugh dance bombo little inside come come deep wish sing sing smile laugh dance bombo,23,0.002392345,0.002392345,0.002392345,0.002392345,0.002392344,0.047878969,0.002392345,0.002392345,0.002392345,0.5135073025650612,0.002392345,0.1778937989101793,0.050893141,0.1763339644471029,0.002392345,music,0.5142857142857142
16782,owl city,fireflies,2009,pop,believe eye million fireflies world fell asleep cause open leave teardrops think rude stand stare like believe planet earth turn slowly hard stay awake asleep cause cause thousand hug thousand lightning bug try teach dance foxtrot head sock beneath disco ball hang thread like believe planet earth turn slowly hard stay awake asleep cause fall asleep leave door open crack away cause feel like insomniac away tire count sheep away tire fall asleep haha million fireflies weird cause hate goodbyes eye say farewell say farewell know dream real bizarre cause save like believe planet earth turn slowly hard stay awake asleep cause fall asleep like believe planet earth turn slowly hard stay awake asleep cause fall asleep like believe planet earth turn slowly hard stay awake asleep dream burst seam,130,0.000554017,0.000554017,0.1241714538300223,0.000554017,0.000554017,0.000554017,0.000554017,0.094447196,0.095311234,0.000554017,0.000554017,0.1110114106287954,0.042321901,0.4993361722852233,0.000554017,sadness,0.1571428571428571
80791,slenderbodies,belong,2019,rock,damn live life mean swear know greet hard breathe ceiling dream palaces countrysides want want want want morning light laugh break away city light hide dark cause belong belong yeah belong belong belong belong belong belong belong yeah yeah lyric commercial,41,0.001385042,0.001385042,0.1042530518551745,0.001385042,0.087827423,0.001385042,0.001385042,0.001385042,0.042696203,0.1224839232294923,0.001385042,0.136196484,0.001385042,0.3188953245265554,0.001385042,sadness,0.014285714
9567,r.e.m.,hyena,1986,pop,night time fell open final begin time hyena role stage safe tonight hyena ahead hyena cry hyena know hyena sister look hand serve communal tell hurt beautiful young lady hyena ahead hyena cry hyena know thing fear fearlessness bigger weapon greater fear hyena ambassador nighttime fell like close meager recognition hyena crawl belly safe tonight hyena change hyena go hyena road ahead hyena know stay hyena hold hyena cry hyena know,71,0.001283697,0.09592692,0.001283697,0.1556338955909759,0.001283697,0.029115811,0.001283697,0.1956875542009787,0.001283697,0.001283697,0.102923827,0.001283697,0.02335817,0.3274317348065482,0.001283697,sadness,0.4857142857142857
26593,charley pride,you win again,1980,country,news see run round know leave heart everybody know trust great sorry victim cause soon head like heart vain someday heart shame true blame guess complain,26,0.002192982,0.002192983,0.002192983,0.002192982,0.002192983,0.002192983,0.002192983,0.3665874109143965,0.002192983,0.002192983,0.2719837432627937,0.002192983,0.002192983,0.3263411242320372,0.002192983,sadness,0.5714285714285714
43981,al green,could i be the one?,1975,blues,think goal dream wanna gold rainbow trust hard time wanna chip opposition shin solve problems help solve know know yeah yeah yeah trust dream come true rest life grateful time pass spend life cherish life rainbow late night time right wanna sight girl rainbow yeah rainbow,46,0.00150376,0.001503759,0.4338368672005034,0.2001277398947718,0.1279807035439799,0.00150376,0.001503759,0.00150376,0.001503759,0.001503759,0.001503759,0.070213463,0.001503759,0.001503759,0.001503759,world/life,0.6428571428571429
55023,art pepper,you'd be so nice to come home to,1957,jazz,nice come home nice breeze high sing lullaby desire star chill winter moon burn nice paradise come home star chill winter moon burn nice paradise come home,27,0.002105263,0.002105263,0.002105263,0.002105263,0.002105263,0.002105263,0.002105263,0.002105263,0.002105263,0.3288400190914011,0.002105263,0.4642296165916286,0.002105263,0.002105263,0.002105263,music,0.9
67374,iration,the rock,2006,reggae,say plant seed raise stock build whoooaaa yeahhh edge sharp battle blade whoooaaa yeahhh piece demand happen give hand whoooaaa yeahhh say come play stay build change ways whoooaaa yeahhh goal push burn hand busy whoooaaa yeahhh say positive live forget forever forgive whoooaaa yeahhh land soul away yeahhh build sand whoooaaa yeahhh land soul away say build spliff iration crowd higher whoooaaa yeahhh innocent right wicked plan whoooaaa yeahhh straight core mountain solidify ways whoooaaa yeahhh whoooaaa yeahhh,79,0.001283697,0.2311392125459896,0.3032888056300927,0.001283697,0.001283697,0.001283697,0.001283697,0.001283697,0.001283697,0.001283697,0.2380476003196513,0.096335591,0.042286391,0.072214337,0.001283697,world/life,0.2
27294,eddie rabbitt,years after you,1982,country,dont know explain cause theres different burn earth tuns winter follow fall know wouldn easy heart somebody think break years tell time natural healer kinda smooth pain away hurtin give like million days remember taste kiss eye beautifully blue hear sound voice say years years years cryin tear years tryin years mornings couldn even couldn sleep life fine months time break week cause tell forever know think true forever compare nights years,72,0.000862813,0.000862813,0.3308851981345422,0.000862813,0.000862813,0.000862813,0.000862813,0.2108251323538205,0.04474481,0.098798992,0.000862813,0.039898161,0.000862813,0.1633122307810591,0.018328774,world/life,0.5428571428571428
19611,ed sheeran,happier,2017,pop,walk month apart look happier walk inside say laugh smile twice wide yeah look happier hurt like hurt like promise personal baby move cause baby look happier friends tell feel smile hide truth know happier corner room remind nurse bottle tell happier aren hurt like hurt need like know deserve darling guess look happier friends tell feel smile hide truth know happier cause baby look happier know fall break heart like lovers know wait,74,0.055662747,0.000848896,0.000848896,0.000848896,0.024308621,0.000848896,0.025209272,0.2974481911441524,0.000848896,0.000848896,0.035637824,0.000848896,0.000848896,0.3283967002449265,0.000848896,sadness,0.042857143
54797,dizzy gillespie,all the things you are,1955,jazz,promise kiss springtime make lonely winter long breathless hush even tremble brink lovely song glow light dearest things know arm hold know moment divine things glow light dearest things know arm hold know moment divine things,36,0.001879699,0.001879699,0.001879699,0.001879699,0.001879699,0.001879699,0.3791550659747824,0.2999611535201991,0.001879699,0.096434047,0.001879699,0.1962542440330584,0.001879699,0.001879699,0.001879699,romantic,0.9285714285714286
48908,santana,freeway,1997,blues,santana jones killa freekey long shit lock give right track kanye listen coppin maybe reason feel like boxer bobbin weavin gettin head bobbin weave grabbin neck stop breathin wild breathin spark leakin cement need somethin pure like garden wouldn mind makin achievements happen cause music discourage pride courage ride ride dirty inside like playin hazin grams gauge snub check cheap deface blue steel true skills stories soul sing flip water like poland spring hold things forever right diplomats forever yeayeah forever look talk look fella say coppin latest caper propellers drop fuck think killa definite chop rock stop drop blocka blocka block hello mate yellow tape helicopter spot want cop cause homeboy bout backwards mathematics cause cash matter important little niggas need breathe leave niggas trick sleeve nigga like brick sleeve forever forever jones freekey santana forever yeayeah guru wrap shit block coppin dust look dogg girls gotta rush shit gotta blush wanna mall shop piss bitch mile fuck killa damn gotta smile grand demand goddamn child forever hear dash hoffa young guru good holla shit lock kanye harlem chicago columbus holla chicago kanye track harlem know fuck killa want know diplomats go holla boyboy ride,196,0.000491884,0.04811042,0.000491884,0.000491884,0.000491884,0.010627363,0.000491884,0.1485543912191171,0.4452876435431731,0.052180279,0.000491884,0.000491884,0.033408738,0.000491884,0.017947104,obscene,0.3285714285714285
12027,mary j. blige,you gotta believe,1994,pop,believe believe yeah gotta believe gotta believe gotta believe gotta believe gotta believe hurt gotta believe gotta believe gotta believe gotta believe gotta believe hurt tell need tell closest friend leave hold tight night caress tender care anytime anytime trust baby trust baby stay death death right heart stay baby believe believe gotta believe gotta believe gotta believe believe baby gotta believe hurt gotta believe gotta believe gotta believe believe gotta believe hear loud clear believe tell trust lead baby hand need wanna hold tight afraid gotta believe gotta believe gotta believe believe gotta believe gotta believe hurt gotta believe gotta believe gotta believe believe gotta believe gotta believe hurt hand understand understand baby believe hand say understand baby believe believe gotta believe gotta believe gotta believe gotta believe gotta believe hurt gotta believe gotta believe gotta believe believe gotta believe gotta believe gotta believe yeah gotta believe hurt gotta believe gotta believe gotta believe gotta believe believe gotta believe hurt gotta believe gotta believe gotta believe gotta believe gotta believe hurt gotta believe yeah believe gotta believe baby yeah yeah yeah gotta believe want away,186,0.049556499,0.015505403,0.4116806872274247,0.000289185,0.048141695,0.000289185,0.036182579,0.086237973,0.000289185,0.000289185,0.000289185,0.000289185,0.000289185,0.050838588,0.000289185,world/life,0.3714285714285714
28458,hank williams,the blues come around,1985,country,fool blue come go blue come blue come lawd blue come evenin go long doggone blue leave blue come go blue come blue come lawd blue come evenin go build castle high go say goodbye blue come go blue come blue come lawd blue come evenin go call go evenin sorrow bind cause blue come go blue come blue come lawd blue come evenin go,65,0.2979450425922981,0.000956938,0.000956938,0.000956938,0.000956938,0.000956938,0.018957308,0.000956938,0.000956938,0.4367285885752181,0.000956938,0.022753253,0.000956938,0.052879131,0.1582964852431498,music,0.5
37524,bubba sparxxx,country folks (feat. colt ford & danny boone),2013,country,scenario young sittin dough walk road year number buy ring say laugh say nothin quit smokin reel drinkin tell thinkin dance need dancin work church crawl right listen instead have answer slap say breathe nothin trouble word dish break baby come money go learn ride down wanna quit million time hang years unwind blush turn beautiful quit smokin reel drinkin tell thinkin dance need dancin go work go church crawl right listen instead have answer know nothin nothin,78,0.024311329,0.074868662,0.000822368,0.000822368,0.000822369,0.000822368,0.000822368,0.1905988026327234,0.3663446779697786,0.000822368,0.2843941435346762,0.000822369,0.031555904,0.000822368,0.000822368,obscene,0.1
69907,dirty heads,diamonds & pearls,2017,reggae,say wanna outside today say wanna real high today catch vibe today eye today world handstand upside world handstand grind hate allergic fake verdict pray virgin yeah version purchase birth pray verse surface kiss gram bitch brain better thing sing rain claim wonderful world yeah fuck diamonds pearl yeah understand live understand life beautiful wonderful world yeah fuck diamonds pearl yeah understand life beautiful wonderful wonderful doin doin doin climb boat movin take doubt removin beautiful life provin feel know good high things misunderstand feel like good like gotta gotta cause plan rendezvous people understand fuckers attitude time foolishness apologize cause people ruthless upset wonder takin runway wrong away days mark spot money lay beautiful life lovin think forget lovin provin cause come wonderful world yeah fuck diamonds pearl yeah understand live understand life beautiful wonderful world yeah fuck diamonds pearl yeah understand life beautiful wonderful wonderful understand life beautiful wonderful wonderful wonderful,153,0.025623304,0.000501253,0.3454455778435228,0.000501253,0.096970273,0.000501253,0.000501253,0.088997634,0.2385261196404652,0.011632966,0.000501253,0.000501253,0.000501253,0.000501253,0.037313937,world/life,0.042857143
19661,kodak black,transportin',2017,pop,pocket orbit norbit mean gotta move cause load gotta move cause load drinkin tote nigga foreign steal ridin sporty actin sporty control fraud yeah transportin nigga like jansportin drop mixtape think woulda repost post mixtape cause fuck boot morning morning woadie wanna want rollie hold nigga yeah like islands adventure stay roll tryna diss leave feet miss wanna kiss damn crispy xans dizzy glizzy spendin yeah yeah frisbee lick read baby come lick ridin speed ballin niggas league gotta move cause load drinkin tote nigga foreign steal ridin sporty actin sporty control fraud yeah transportin nigga like jansportin drop mixtape think woulda repost post mixtape cause fuck yeah glock extend like outlet outchea catch damn step yeah check know goin floatin dawg license hold niggas phony condone goin baloney kodak moment yeah buy cause want corner yeah fuck enforcement project baby stroller pushin shawty choke pussy gotta move cause load drinkin tote nigga foreign steal ridin sporty actin sporty control fraud yeah transportin nigga like jansportin drop mixtape think woulda repost post mixtape cause fuck,175,0.029445646,0.00055991,0.00055991,0.00055991,0.1172386619058911,0.00055991,0.042401143,0.00055991,0.5378041936210533,0.00055991,0.099229231,0.00055991,0.00055991,0.00055991,0.014127072,obscene,0.042857143
78870,memphis may fire,the sinner,2011,rock,dig hole deeper deeper surface feel forth felt close close head water need hear voice beneath rot like ones come walk crawl felt felt lose know escape escape run chaos light tunnel need save feel close close head water need hear voice close close head water guilt pride want know sincerely knees want feel feel guilt pride want feel close close head water need hear voice close close head water,70,0.000877193,0.4304661759602772,0.000877193,0.000877193,0.074811582,0.000877193,0.000877193,0.000877193,0.000877193,0.000877193,0.000877193,0.2477961926010468,0.000877193,0.000877193,0.1054297337068446,violence,0.1285714285714285
81284,trip lee,hip hop,2008,hip hop,spit silly gritty rhyme hit block get shoot time get mine say commit crimes lie shine tragedy blueprint spit bout renegade get weight bricks try dollars cents nuisance true cause dudes sick contagious time throw flow overstuff motives blow hop dough hop right doors open focus mouth like motor bruh load flow focus jehovah soldier hop folks notice intentions point great lord reason noise represent great hook yeah come spit chain chicks lyric commercial,74,0.00131579,0.00131579,0.00131579,0.054828526,0.028318912,0.031439787,0.00131579,0.1935146128210861,0.4777001341924724,0.00131579,0.00131579,0.056406294,0.061575338,0.00131579,0.001315789,obscene,0.1714285714285714
55097,julie london,what is this thing called love?,1958,jazz,thing call funny thing call solve mystery fool wonderful take heart throw heart away lord heaven thing call,18,0.003289474,0.003289474,0.003289474,0.003289474,0.003289474,0.1988570538069006,0.003289474,0.2054748257146398,0.003289474,0.1726977846283016,0.003289474,0.003289474,0.003289474,0.3736282287887548,0.003289474,sadness,0.8857142857142857
26521,the charlie daniels band,blue star,1979,country,blue shoulder blue blue little colder go away wish see sunlight eye wish learn game play wish listen tell lie wish see walk away want sweet mystery blue night hold go away wish see sunlight eye wish learn game play wish listen tell lie wish see walk away dark eye shin like diamonds fill dark hair blow wind desire lips pull dark eye glow like diamonds fill dark hair blow wind desire blue shoulder blue blue little colder go away wish see sunlight eye wish learn game play wish listen tell lie wish see walk away wish see walk away,100,0.000565931,0.000565931,0.000565931,0.000565931,0.000565931,0.023671244,0.024702641,0.049063606,0.000565931,0.1922251020735745,0.000565931,0.2401521107434076,0.000565931,0.4533428732290464,0.000565931,sadness,0.5857142857142857
18509,aronchupa,i'm an albatraoz,2014,pop,mesdames messieurs vous plaît soyez prêts pour aronchupa albatraoz parti tell story mouse name yeah mouse house call money money blow fuck little mouse cause albatraoz albatraoz albatraoz yeah say mouse smoke cheese light moniley money money katching katching katching kablow witch yeah sneaky little bitch fuck little mouse cause albatraoz albatraoz albatraoz mesdames messieurs vous plaît soyez prêt pour aronchupa albatraoz parti haha hum albatraoz stop haha albatraoz albatraoz jeah,71,0.001879699,0.001879699,0.001879699,0.001879699,0.1171481790864405,0.1227679969994159,0.001879699,0.001879699,0.4796970621342575,0.001879699,0.191091784,0.0018797,0.001879699,0.001879699,0.001879699,obscene,0.085714286
47381,robert johnson,come on in my kitchen,1990,blues,better come kitchen goin rainin outdoors woman take best friend joker steal better come kitchen goin rainin outdoors go know come take nickel nation sack better come kitchen goin rainin outdoors hear wind howl hear wind howl better come kitchen go rainin outdoors woman get trouble everybody throw look good friend better come kitchen go rainin outdoors winter time comin slow winter babe long better come kitchen cause go rainin outdoors,71,0.1517379129610605,0.001096491,0.001096491,0.001096491,0.001096491,0.1164082740586019,0.001096491,0.1455096568801698,0.3224278496118611,0.1536863107807833,0.001096491,0.001096491,0.001096491,0.001096491,0.095975609,obscene,0.4285714285714285
44468,al green,chariots of fire,1977,blues,parole chanson chariot house house yeah build house baby stone walk door desire baby come home need window watch baby need roof overhead need unlock baby lovin instead tire higher build house baby buildin buildin house time touch house house gotta rent baby landlord throw want play garden baby want shout tire higher build house baby buildin build house time touch build house baby stand solid grind build house tear brick brick flame higher build strong desire build house baby build build house time touch build house baby stand solid grind build house tear build house baby build build house time touch build house baby stand solid grind build house tear green green music publish corp,116,0.1791624908255988,0.3366589305557737,0.000537057,0.034443053,0.048163731,0.000537057,0.000537057,0.000537057,0.000537057,0.016546496,0.2687929049853556,0.088987236,0.000537057,0.000537057,0.000537057,violence,0.6142857142857143
64113,black slate,romans,1980,reggae,captain supplemental entire race count wipe menace hold culture lock standstill centuries help starship phasers arm ready general arm ready universe galaxy world circumfrence counterattack begin deltron clingon like falcon norelco gillette step like piazza poppin blaseblasah students come word scientific father transportin delco batteries accessories ingredients minerals collect coil turn chest burn degrees flammable mass overcast nucleus comin damage universal feel talk romans source compel jump cars like kneivel thousand people acceleration level rebel courtside viewmaster master cast spellphonic creator sonic high ventilation overmind stimulation orchestration devestation hemisphere sort plantation altercation step talk romans baffle symphony tweeters delivery expand production beat highs crank bass motivation astonish voice crispy newer fake jazz artists dizzy gillespie illustration tough circuitry better highest jupiter satellite test galaxy hold stir like small plane turbulence hospital feedback operation urgence dictatorship foresee future galactica funk jump dunk talk romans space believe conceivable possible contrary doctor impossible term science talk science,154,0.001144165,0.099768654,0.1429622852938379,0.001144165,0.001144165,0.001144165,0.080081037,0.001144165,0.5412937323209903,0.001144165,0.001144165,0.075286818,0.045733331,0.001144165,0.001144165,obscene,0.5714285714285714
26599,george jones,i'm a fool for loving her,1980,country,want give know go walk door wrap round finger fool fool love fool love want keep hangin talk know hop someday free fool love fool love steal pride nothin drive insane change feel inside take livin live blind fool love fool love fool love fool love,46,0.001144165,0.001144165,0.05242568,0.001144165,0.001144165,0.001144165,0.2257912060836578,0.065652632,0.074071856,0.001144165,0.048163449,0.001144165,0.0231929,0.4537232879585606,0.001144165,sadness,0.5714285714285714
74236,mötley crüe,looks that kill,1983,rock,listen razor sharp slice apart cool cool black move like look kill kill kill look kill kill kill look look kill look kill bulletproof keep motor clean believe number thirteen lyric commercial,32,0.001949318,0.4305503277527812,0.037967349,0.001949318,0.001949318,0.001949318,0.001949318,0.001949318,0.001949318,0.001949318,0.001949318,0.001949318,0.001949318,0.047656553,0.001949318,violence,0.5285714285714286
71168,the chambers brothers,time has come today,1966,rock,time come today young hearts care think listen time come today rule change today place stay think subway fly away tear come go lord roam home home time come time place time burn time time love aside time crush tumble tide time soul psychedelicized time time come time things realize time time come today time time come today time time time time time time time time time time time time time come time place time burn time time love aside time crush tumble tide time soul psychedelicized time time come time things realize time time come today time time come today time time time time time yeah,107,0.094637419,0.000548246,0.2675889620188663,0.4993465730670074,0.011212367,0.012484805,0.023338403,0.000548246,0.000548246,0.025416654,0.000548246,0.037283088,0.000548246,0.023209272,0.000548246,night/time,0.7714285714285715
6294,little river band,days on the road,1976,pop,remember days road tryin time spend wheel remember face people wrong know country date fan hours strange remember patiently know bear dream chaser run away country roll home breaker turnin head family love hate hate leave send share help peace mind remember days road die year harder remember face friends know remember days road remember days road remember days road remember days road remember days road remember days road know,70,0.000822368,0.000822368,0.5527574453803963,0.000822368,0.000822368,0.000822369,0.01758159,0.095023717,0.000822369,0.000822368,0.2369317316643347,0.000822368,0.069331852,0.000822368,0.000822368,world/life,0.6285714285714286
29407,vern gosdin,tight as twin fiddles,1988,country,grow western swing will hook early teens fiddle thing finger fade till come tight twin fiddle will band fiddle play come straight fiddle understand tight twin fiddle will band fiddler playin tell will sound alive twin fiddle flow right wrong let know tight twin fiddle will band fiddle play come straight fiddle understand tight twin fiddle will band tight twin fiddle will band,63,0.001461988,0.050934742,0.001461988,0.001461988,0.001461988,0.001461988,0.2111824980334987,0.1427117853799082,0.2004149166931836,0.3742882210240841,0.001461988,0.001461988,0.001461988,0.001461988,0.001461988,music,0.4571428571428571
37363,craig campbell,keep them kisses comin',2013,country,hair look say come right yeah goin bottle wine nothin time hand gonna tonight imagine doin nothin doin layin round tangle buzz sippin little need lovin kiss comin long week missin wanna lips girl know imagine doin nothin doin layin round tangle buzz sippin little need lovin kiss comin yeah comin night stop killin baby stop drivin crazy swear lips baby long slow kiss imagine doin nothin doin layin round tangle buzz sippin little need lovin kiss comin comin night,80,0.1279810401194615,0.000835422,0.000835422,0.1047923464303087,0.074109789,0.058994326,0.1267798733926744,0.000835422,0.3394791905031394,0.000835422,0.070570061,0.000835422,0.000835422,0.000835422,0.000835422,obscene,0.1
19357,khalid,keep me,2017,pop,roses favorite couldn stand scent take smile face guess deal hang popular kid couldn stand suck want friends walk away heart mind speak past life alive alive alive alive alive alive ohhhhh nooooo ohhhhh nooooo ridin dyer singin favorite songs funny thing time word wrong biggest forget like like like noooo walk away heart mind speak past life alive alive alive alive alive alive alive alive alive ohhhhh nooooo ohhhhh nooooo walk away heart mind speak past life alive alive alive alive alive alive ohhhhh nooooo ohhhhh nooooo,88,0.000773994,0.5152065397154991,0.089009153,0.000773994,0.000773994,0.000773994,0.000773994,0.1042587111759937,0.000773994,0.02511132,0.000773994,0.000773994,0.000773994,0.1793806310885398,0.000773994,violence,0.042857143
15513,fall out boy,i slept with someone in fall out boy and all i got was this stupid song written about me,2005,pop,cure grow older place feel like home know know secrets weren mean tell cure grow older write hearts lie friends sorry conscience call sick arrogance science write hearts lie friends douse cheap perfume fit fit cover cover douse cheap perfume fit fit cover cover safe place brace bite lips send fingernails bottle sip family cause know miss safe place brace kid like vicious carve stone feel weigh leave progress report miss death douse cheap perfume fit fit cover cover douse cheap perfume fit fit cover cover feel borrow blue feel borrow blue feel borrow blue borrow blue cure grow older cure grow older douse cheap perfume fit fit cover cover douse cheap perfume fit fit cover cover,117,0.000848896,0.4054328249252983,0.000848896,0.000848896,0.000848896,0.000848896,0.022604814,0.1513245340447476,0.000848896,0.1404794589280515,0.084085383,0.000848896,0.000848896,0.074536757,0.1113494704813844,violence,0.2142857142857142
12203,green day,longview,1994,pop,watch tube change channel hour twiddle thumb sick shit house unlock doors fuck lazy bite close eye away paradise damn bore go blind smell like shit peel velcro seat move sure hell lyric commercial,34,0.002192982,0.2364725963575743,0.002192983,0.002192983,0.002192982,0.002192982,0.002192983,0.002192983,0.3680866970866108,0.002192983,0.1582904724823531,0.002192983,0.002192982,0.075856378,0.002192983,obscene,0.3714285714285714
60731,zero 7,morning song,2004,jazz,days behold live unfold untold shade gold sell deceive believe today tomorrow illusion believe strive small eternity today tomorrow illusion believe today tomorrow illusion believe,25,0.003095975,0.003095975,0.8497869210795814,0.003095975,0.003095975,0.003095975,0.003095975,0.003095975,0.003095976,0.003095975,0.003095976,0.097581499,0.003095976,0.003095975,0.003095975,world/life,0.2285714285714285
56063,frank zappa,love of my life,1968,jazz,life life life life life star tell need goodbye life star tell need goodbye darling leave lonely leave life life life star tell need goodbye darling leave lonely life life life life life life life,35,0.001461988,0.001461988,0.5916464428597072,0.001461988,0.040311835,0.001461988,0.1803058218198211,0.08040317,0.001461988,0.001461988,0.001461988,0.001461989,0.001461988,0.086864894,0.001461988,world/life,0.7428571428571429
5754,bob dylan,wedding song,1974,pop,time money star madness wave life mean walk right circle complete say goodbye haunt room face street courtyard jester hide begin breathe life richer live deep poverty teach dry tear dream pull hole quench thirst satisfy burn soul give baby save life tooth tooth cut like knife thoughts rest kill sacrifice world watch sense tune play earth play best know lose lose regain go flood happiness blood duty remake world large intention sound battle charge cause bend eternity bear stand bear bear half miss piece cease turn tide teach eye natural thing matter go cause past go,97,0.017431744,0.2719151379346771,0.3047621038848482,0.00074129,0.00074129,0.00074129,0.017371358,0.06797136,0.07095916,0.028610984,0.00074129,0.1192783213528176,0.044582213,0.00074129,0.050446009,world/life,0.6571428571428571
27124,"hank williams, jr.",i don't care (if tomorrow never comes),1981,country,care tomorrow come world hold nothin lonely night go away care tomorrow come tomorrow come shine matter go away world end care tomorrow come lonely mind wander days break heart cry dear care tomorrow come tomorrow come shine matter go away world end care tomorrow come,46,0.1515176559949332,0.001144165,0.4450412327528279,0.001144165,0.001144165,0.001144165,0.051348157,0.001144165,0.001144165,0.001144165,0.001144165,0.070681301,0.001144165,0.2187229955692058,0.047814515,world/life,0.5571428571428572
61041,pink martini,hang on little tomato,2006,jazz,leave forget dark rain pour gonna drown deep confusion somebody tell know blue feelin leave look inside gotta hold hold night hang things right dark spark singsong spread ray hang hang vine stay soon divine start look come ahead turn tear instead hold advice change hard nice listen heart night someday come soon,53,0.001119821,0.001119821,0.001119821,0.078841531,0.001119821,0.001119821,0.047765669,0.1831966064948524,0.001119821,0.073427896,0.001119821,0.1186756299533889,0.001119821,0.3241320237943348,0.044191629,sadness,0.2
79875,awolnation,woman woman,2015,rock,night fell apart break swell heart bear simple time raise simple mind natural woman natural woman natural woman natural woman worthless decide replace amen worst woman woman ohoh worthless decide replace amen worst woman woman woman natural woman natural woman natural woman natural woman night fell apart choke drunken heart worthless decide replace amen worst woman woman ohoh worthless decide replace amen worst woman woman woman natural woman natural woman woman woman woman woman woman woman dark woman woman woman woman woman woman dark worthless decide replace amen worst woman woman ohoh worthless decide replace amen worst woman woman woman woman natural woman natural woman natural woman natural woman,109,0.000797448,0.1048462246708215,0.05080671,0.058761774,0.000797448,0.000797448,0.6843608893475378,0.000797448,0.000797448,0.000797448,0.000797448,0.000797448,0.000797448,0.090060127,0.000797448,romantic,0.071428571
79084,walk the moon,shiver shiver,2012,rock,grip hand throat strip button coat choose methods best thump thump thump chest close shiver close shiver close shiver close shiver shiver leave mark neck know check thump thump thump chest lose feel fingertips close shiver close shiver close shiver close shiver shiver owley dear check clothe door suppose leave want owley dear shall intimate owley dear shall intimate shall intimate shall intimate think think shall intimate owley dear close shiver close shiver close shiver close shiver shiver close shiver close shiver close shiver close shiver shiver,87,0.00122399,0.00122399,0.00122399,0.00122399,0.00122399,0.00122399,0.4520042098136338,0.1602030396709165,0.1168304025615544,0.00122399,0.00122399,0.00122399,0.1293585171950949,0.1098043275082477,0.00122399,romantic,0.1142857142857142
1451,chubby checker,the hucklebuck,1962,pop,dance know baby light grab baby know luck push baby hunch start little movement sacrolliac wiggle like stick wobble like duck hucklebuck workout dance know baby light grab baby little twist little know little push partner hunch start little movement sacrolliac wiggle like stick wobble like duck hucklebuck little twist little know little push partner hunch start little movement sacrolliac wiggle like stick wobble like duck hucklebuck dance know light,70,0.176933777,0.001119821,0.001119821,0.001119821,0.001119821,0.2116569677268049,0.001119821,0.001119821,0.4545115264070422,0.001119821,0.001119821,0.1401004158425808,0.001119821,0.001119821,0.001119821,obscene,0.8285714285714286
74740,journey,it could have been you,1986,rock,close away reach go moments breath away life love need life street break dream istill wonder remember night time wash memories look change forsake promise hold stop cry remember remember girl remember ican life street break dream istill wonder remember night,41,0.001461988,0.001461988,0.4516895873515117,0.05756427,0.001461988,0.001461988,0.086280254,0.001461988,0.001461988,0.001461988,0.076399878,0.001461988,0.001461988,0.2333323812052904,0.001461988,world/life,0.4857142857142857
21856,lee hazlewood,forget marie,1964,country,stand corner raggediold suitcase wait greyhound come hook ride gonna dollars fool like gotta place hide know forget stand corner feel raindrops raise tear face losers tear know race build house fall gotta place hide know forget,37,0.001697793,0.1773833965852357,0.001697793,0.001697793,0.001697793,0.001697793,0.001697793,0.073597615,0.001697793,0.001697793,0.187020496,0.001697793,0.001697793,0.4303216791686601,0.001697793,sadness,0.8
76844,queens of the stone age,you can't quit me baby,1998,rock,mistake know follow home crawl window life psycho know follow friends slash bleed sink hear say laugh maybe slash want notice solid gold hell solid gold hell solid gold hell solid gold hell,33,0.002024292,0.5516628253438566,0.002024292,0.002024292,0.002024292,0.002024292,0.002024292,0.2409369772254083,0.002024292,0.062716295,0.002024292,0.085433532,0.002024292,0.002024292,0.002024292,violence,0.3142857142857143
14413,hot water music,trusty chords,2002,pop,right tell need latch little limbo scene repetitious exhaust need therapy check think lover steady shake need sedative hate taste medicine need pills shake hand feel defeat like able away hate place chord fate mean score pain morning fill head mean dead away thing escape sedatives state clutch limbo scene change stop shake constantly repeat days days hate place chord fate mean score pain morning fill head mean dead hate place chord fate mean score pain morning fill head mean dead,81,0.000862813,0.4228012535379433,0.1003142538614017,0.000862813,0.05553271,0.018431049,0.022960432,0.1582221908471844,0.000862813,0.000862813,0.000862813,0.000862813,0.058457018,0.069426904,0.068011658,violence,0.2571428571428571
35646,hank williams iii,stoned & alone,2008,country,hurt memories daniels understand know control cause lately spinnin drinkin pick dear asleep cause sleepin misery cuttin real deep driftin stone bein go stone hell surround whore thieve tryin best mind gettin throw streets cause pick dear asleep cause sleepin misery cuttin real deep driftin stone bein go stone,49,0.001594896,0.001594896,0.001594896,0.001594896,0.001594896,0.001594896,0.070522185,0.08481058,0.3593067680120126,0.001594896,0.001594896,0.001594896,0.001594896,0.1973452221234367,0.091554819,obscene,0.1714285714285714
52237,blues traveler,things are looking up,2012,blues,things look grass turn things look white picket fence things look happiness good league things look remind fiery burn burn wind medicine lose learn learn want care look share promise play fair lonely things look hard rain fall things look pile leave rake things look giveth unto break cause things look remind fiery burn burn wind medicine lose learn learn want care look share promise play fair hand pocket eye grind like cloud walk dream gutter spirit floor dumpster room things look grass turn things look remind fiery burn burn wind medicine lose learn learn want care look share promise play fair,102,0.000598086,0.000598086,0.3290051807393309,0.000598086,0.000598086,0.000598086,0.000598086,0.000598086,0.000598086,0.025262637,0.000598086,0.3353370494910642,0.000598086,0.1152389897236773,0.012001184,world/life,0.1142857142857142
57245,tony bennett,make someone happy,1977,jazz,heart heart sing smile cheer face light near fame come go minute real stuff life cling answer answer build world,20,0.002923977,0.002923977,0.4419451290313138,0.002923977,0.002923977,0.002923977,0.002923977,0.002923977,0.002923977,0.075343571,0.086165114,0.087052091,0.002923977,0.1715901273533521,0.099892269,world/life,0.6142857142857143
29519,mary chapin carpenter,late for your life,1989,country,say longest time time come talk like mind change maybe city quiet little porch step watch know belong search go choice end wrong right change scene sure great think nice contemplate question beg late life perfect set rooftop city sound like gershwin clarinet search face forget stranger clothe know belong search go end wrong right fate cause celebrate question beg late life baby fate cause celebrate question late life,69,0.02496232,0.000907441,0.3215265648825414,0.1039084234343836,0.000907441,0.000907441,0.000907441,0.2665009624424448,0.000907441,0.02358102,0.1804178601450786,0.000907441,0.000907441,0.000907441,0.000907441,world/life,0.4428571428571428
39144,upchurch,dirty hat,2018,country,church bottleneck cash nasty shoulder pick favorite country rapper everybody know golden biggest number music country chart couple weeks come better drop albums years damn billboards kick twist number country album call night say drop worst time damn minute stapleton number right damn near shit pant summer break ghost month video million murder gettin motherfucking game like capcom fuck come cap white stick ridin country seat lean thinkin bout success underneath dirty underneath dirty underneath dirty thinkin bout success underneath dirty start leavin stick lockjaw fuckin game takin like saw bitch country rappin category want money fuck fame need fakin country real get wear dirty hat honkey hustler straight cracker talk number fake bitch haha steady makin hit redneck nation livin bold prediction hit million bottleneck upchurch hell gonna miss motherfuckin haters know kiss drivin country seat lean bunch fake bitch game fact damn view legend game nothin prove ridin country seat lean thinkin bout success underneath dirty underneath dirty underneath dirty thinkin bout success underneath dirty ridin country seat lean thinkin bout success underneath dirty underneath dirty underneath dirty thinkin bout success underneath dirty,185,0.000401768,0.034580674,0.000401768,0.000401768,0.000401768,0.000401768,0.015944261,0.000401768,0.5513567006344211,0.000401768,0.3773831504623983,0.000401768,0.000401768,0.000401768,0.000401768,obscene,0.028571429
80112,metallica,hardwired,2016,rock,desperation wretched pain creation go insane fuck shit outta luck hardwired selfdestruct paranoia crook borderline great destroyer doom design fuck shit outta luck hardwired selfdestruct planet burn flame fear return vain feel fade comprehend feel terminate fuck shit outta luck hardwired selfdestruct hardwired selfdestruct selfdestruct selfdestruct selfdestruct,47,0.002192982,0.080555772,0.002192983,0.002192982,0.002192982,0.002192982,0.002192982,0.002192982,0.4801934272200486,0.002192982,0.002192982,0.1503528546626837,0.002192983,0.002192983,0.2560032083670506,obscene,0.057142857
76720,ween,i'll be your jonny on the spot,1997,rock,spot spot daddy die leave spot early morn early morn slop pig momma shuck corn early morn mopar mopar amoparcam spot solo goin goin goin goin goin goin goin spot spot spot daddy die leave spot,36,0.002105263,0.002105263,0.002105263,0.002105263,0.002105263,0.4834833761915283,0.002105263,0.002105263,0.4022596095028919,0.002105263,0.002105263,0.002105263,0.002105263,0.080572803,0.002105263,obscene,0.3285714285714285
12410,michael jackson,d.s.,1995,pop,wanna dead alive know try surprise missioned half cold cold cold cold shock single stop political think cause bsta social life think brother mother teach right want vote remain half cold cold cold cold cold cold cold cold send letter cold cold cold cold cold cold cold cold cold cold cold cold cold cold cold cold,56,0.001031992,0.7316052426067923,0.001031992,0.001031992,0.001031992,0.001031992,0.001031992,0.1327843269485073,0.001031992,0.001031992,0.001031992,0.001031992,0.060372324,0.001031992,0.001031992,violence,0.3571428571428571
72163,the beatles,i want to hold your hand,1973,rock,yeah tell think understand want hold hand want hold hand want hold hand hold hand hold hand want hold hand touch feel inside feel hide hide hide yeah think understand want hold hand want hold hand want hold hand touch feel inside feel hide hide hide yeah think understand feel want hold hand want hold hand want hold hand want hold hand,62,0.000835422,0.000835422,0.000835422,0.000835422,0.048844367,0.000835422,0.4834212190561489,0.056775145,0.000835422,0.000835422,0.000835422,0.000835422,0.000835422,0.1489527288727768,0.07189702,romantic,0.6714285714285714
79036,mumford & sons,whispers in the dark,2012,rock,hold truth purely swerve mind dead taste holy brush devil clear mind strengthen spine finger worry blow whisper dark steal kiss break heart pick clothe curl toe learn lesson lead home spare sin slow depart fraud serve lord heart colder go lose head love finger worry blow finger worry blow heart colder go lose head live young young young young,60,0.001169591,0.4358268384342172,0.001169591,0.001169591,0.001169591,0.1122315668074006,0.122166677,0.001169591,0.001169591,0.048396829,0.001169591,0.001169591,0.095829221,0.1115791200042949,0.033954928,violence,0.1142857142857142
65444,buju banton,no respect,1993,reggae,trus sing fada sing pull vibes play play play pull come play play dancehall woulda reggae music answer whine jump hear sweet reggae buju banton beres hammond haffi tell dancehall woulda reggae muzik ansa wine jump hear sweet reggae buju banton beres hammond tell dance dancehall form grude greet enter come spread listen sweet rubbadub pull vibes play play play pull come play play scary skellion know ting gwaan rope corner bredren lawn look pare scanking statue yeah ratid girls wild selector spin muzik versatile dung sound bruk vibes turn clown dancehall caan sistren dance muzik play people jump prance bruk selector pull come play play whol dance whol dance whol dance caan likkle step dancehall place police come turn vibes waan wreck buju banton respeck listen beres hammond true interlek corner express come neva see good vibes flow inside like family strangers massive tonight care kill violence dead instead jump palve everyman pull vibes play play play dancehall woulda reggae muzik ansa woman jump woman wine hear sweet reggae buju banton dancehall woulda,174,0.000619195,0.085417139,0.000619195,0.013324496,0.012819444,0.000619195,0.065176735,0.033137829,0.000619195,0.3603581515775487,0.2318568631819781,0.1304404609517379,0.016005927,0.000619195,0.000619195,music,0.3857142857142857
57728,al jarreau,spain (i can recall),1980,jazz,yesterday photograph yesterday edge fold corner fade sepia past post script end brighter days brighter days song sing sing know know time good lovers near remember rain december leave grind spain nights fill yesterdays tomorrow bring near recall desire reverie picture yesterdays today kick time play spain remember rain december leave grind spanish fiesta bright light sound nights heat yearn recall desire reverie picture yesterdays today kick time gaze moments history eye meet dance live dream sound hearts beat like castanets forever know mean recall desire reverie picture yesterdays today kick time gaze music solo gaze moments history eye meet dance live dream sound hearts beat like castenets forever know mean recall desire reverie picture yesterdays today kick time gaze scat solo gaze moments history eye meet dance live dream sound hearts beat like castanets forever know mean remember rain december leave tumble spain nights fill yesterdays tomorrow bring near recall desire reverie picture yesterdays today kick time sing spain whoa whoa yeah,163,0.000469925,0.000469925,0.3865750872687696,0.000469925,0.028572736,0.000469925,0.000469925,0.000469925,0.1392840062342777,0.1152956794598873,0.000469925,0.296525958,0.000469925,0.000469925,0.000469925,world/life,0.5714285714285714
74912,kiss,reason to live,1987,rock,hear sound break heart time wait hurt start feel change life sail dark endless nights alive everybody reason live baby everybody dream hunger inside everybody reason live touch long feelin strong come line lesson learn burn change life strong inside realize feel change life strong inside realize,47,0.033696222,0.001169591,0.375222134,0.06588309,0.069174681,0.001169591,0.001169591,0.001169591,0.001169591,0.044779585,0.001169591,0.085963953,0.001169591,0.1936738277504625,0.1187410093524448,world/life,0.4714285714285714
76504,ween,help me scrape the mucus off my brain,1996,rock,guess somethin brain need whiskey ease pain early mornin feelin love easy coffee come think spend dogfood money baby help scrape mucus brain shame morning hurt see see worse nature bein take money purse frenchman love party know blame lookin baby help feel shame think spend dogfood money baby help scrape mucus brain baby help scrape mucus brain,58,0.1161732378501144,0.001169591,0.001169591,0.001169591,0.001169591,0.1211274879196701,0.049327537,0.1826826112656203,0.3499960325106599,0.001169591,0.038689854,0.001169591,0.001169591,0.070733073,0.058404668,obscene,0.3428571428571428
43649,zz top,beer drinkers & hell raisers,1973,blues,life take life care betray true friend betray forever dream real eye steal pain feel true dream mind astray eye away pain repay know true true mask cover shelter mask blame work dirty work scapegoat deeds sham dream real eye steal pain feel true dream mind astray eye away pain repay know true true dream eye pain dream dream eye eye pain pain know true hate hate hate hate want fair life take life longer care dream real eye steal pain feel true truth tell lie reason alibi inside open eye true,92,0.000657895,0.076494278,0.2223534121600599,0.000657895,0.000657895,0.019186107,0.093274257,0.156481396,0.000657895,0.000657895,0.000657895,0.000657895,0.000657895,0.3613362999415486,0.062979511,sadness,0.6714285714285714
35105,eleven hundred springs,thunderbird will do just fine,2006,country,roll joint time clear head right point better feelin better better dead pass whiskey joint whiskey pass beer bridge dollars know cents agree drive head liquor store somethin cure ills whiskey cheap wine surely stumble liquor store dollarfifty bottle wine know lookin thunderbird fine solo repeat bridge repeat,48,0.001547988,0.070813068,0.001547988,0.001547988,0.001547988,0.001547988,0.001547988,0.001547988,0.3713221628065676,0.001547988,0.5330969666448463,0.001547988,0.001547988,0.001547988,0.001547988,obscene,0.2
74564,rush,grand designs,1985,rock,different degrees style substance stuff style hard recognize real thing come like rare precious metal beneath take time trouble separate stock listen useless talk shape form swim stream life dimension mass production scheme poison power principles leave mind matter spirit get forget like righteous inspiration overlook haste like teardrop ocean waste worldviews spacious merely space static break surface tension wild kinetic dream curve line grand design swim stream life dimension mass production scheme static break surface tension wild kinetic dream,80,0.001349528,0.001349528,0.2262545605058646,0.091256854,0.001349528,0.001349528,0.001349528,0.001349528,0.3779641088839577,0.001349528,0.001349528,0.04811238,0.1468533262193771,0.001349528,0.001349528,obscene,0.5
46671,alice cooper,the great american success story,1986,blues,bear depress nation start tough work right street thumb nose graduation wheel deal education complete hair life wreck brat respect time money better better watch school gonna plunge gonna jump school gonna shape mind gonna shed skin school spend time appreciation finer arts human body mysteries score high procreation study female anatomy think teacher literary class star legs dream bout face time money better better watch school gonna plunge gonna jump school gonna shape mind gonna shed skin school,79,0.001031992,0.1070349868498988,0.001031992,0.1128076559152928,0.001031992,0.001031992,0.001031992,0.001031992,0.3793498491511575,0.001031992,0.1625214410480419,0.057746069,0.001031992,0.001031992,0.001031992,obscene,0.4857142857142857
32033,billy joe shaver,black rose,1996,country,tall grow sugar can live simple dominicker different time felt lightning stand drizzle rain tremble hand bottle different devil time second time lord handle simple head help leave black devil woman lord throw pattern away build speed tool need fool deep dirty darker shame catch cane cuttin bottle different devil time second time lord handle simple head help leave black devil time second time lord handle simple head help leave black,71,0.000907441,0.301265895,0.2419641319393821,0.1225012191308857,0.000907441,0.1385657125520247,0.000907441,0.000907441,0.000907441,0.000907441,0.070398455,0.000907441,0.000907441,0.079880214,0.000907441,violence,0.3428571428571428
68112,pat kelly,i am coming home,2009,reggae,list okay fuck tire bull shit yeah tire talk didint listen fuck embarrass gonna listen person shut fuck listen want tire come fuck hatter fuck haters time crap gotta fuck look like shit know lonely sign tinder people tinder tinder whats kid look like machine look like humpty dumty shit go walmart night look fell wall fell explain come home looken like crack shit looken like fucken eggplant couch potato drink coke life break joke shes move poke stick joke like life,82,0.000907441,0.000907441,0.028007456,0.053676194,0.019372862,0.000907441,0.000907441,0.000907441,0.5404351206396506,0.051720428,0.127427786,0.000907441,0.000907441,0.000907441,0.000907441,obscene,0.1571428571428571
74115,billy joel,this night,1983,rock,wasn ready romance promise friends dance slow dance start break promise right swear complications want see situation suddenly remember rule anymore night tomorrow long time away night forever like know better fall worst thing need time forget aren run nights lonely tell care nights think want hold know night tell forget yesterday night night tomorrow long time away night forever night tomorrow long time away night forever,67,0.000835422,0.000835422,0.1548622740080495,0.3459767526009456,0.000835422,0.000835422,0.000835422,0.2074177149262054,0.000835422,0.000835422,0.000835422,0.05551326,0.000835422,0.1673867668193054,0.000835422,night/time,0.5285714285714286
49619,black rebel motorcycle club,tonight's with you,2001,blues,couldn tell couldn help tonight tonight couldn couldn kill tonight tonight like tear fall like dream like dream go away go away go away go away couldn shouldn wonder tonight tonight,31,0.001697793,0.040769332,0.001697793,0.2007386701049106,0.001697793,0.001697793,0.001697793,0.073155802,0.001697793,0.001697793,0.001697793,0.001697793,0.001697793,0.4675441043029176,0.11864051,sadness,0.2714285714285714
57034,camel,rhayader goes to town,1975,jazz,townsfolk react coldly rhayader appearance fear mix curiosity bear,9,0.01754386,0.313640582,0.01754386,0.01754386,0.01754386,0.01754386,0.01754386,0.01754386,0.01754386,0.01754386,0.01754386,0.01754386,0.3881138021833976,0.01754386,0.01754386,violence,0.6428571428571429
74337,ratt,scene of the crime,1984,rock,wanna dare roll come house weren home knock door hear break felony think catch catch scene crime catch scene know scene crime cold blood bitch goin weapon load know track break degree cold blood bitch goin know think cold blood bitch goin know know know know game wanna play solo break degree cold blood bitch goin know think cold blood bitch goin solo cheat lie know scene crime cold blood bitch goin scene catch scene crime yeah catch scene break degree scene crime cold blood bitch goin scene crime,89,0.000711238,0.2877043262979321,0.000711238,0.000711238,0.014679564,0.032710224,0.000711238,0.1235957379645592,0.5102542470925522,0.000711238,0.000711238,0.000711238,0.000711238,0.000711238,0.000711238,obscene,0.5142857142857142
34282,lester flatt,roll in my sweet baby's arms,2003,country,gonna work railroad gonna work farm shack till mail train come roll sweet baby arm roll sweet baby arm roll sweet baby arm shack till mail train come roll sweet baby arm friday night lyin jail walkin streets wouldn bail roll sweet baby arm roll sweet baby arm shack till mail train come roll sweet baby arm know parent like drive away door life live roll sweet baby arm roll sweet baby arm shack till mail train come roll sweet baby arm,82,0.2503172230343131,0.000773994,0.042087267,0.000773994,0.000773994,0.030361806,0.3716981104572015,0.000773994,0.024494427,0.000773994,0.000773994,0.000773994,0.000773994,0.015008689,0.000773994,romantic,0.2428571428571428
18383,somo,we can make love,2014,pop,tender rough care baby body ride body kiss favorite spot hand feel fingertips shoulder like drive yeah push clutch want rush fuck romantic dirty dancin feel hand come fuck fuck fuck fuck fuck sleep bite cover eye minute nights tickle reach underneath grab thighs like baby body ride body kiss favorite spot scream tell stop body move like bubble bout want stop fuck romantic dirty dancin feel hand come fuck fuck fuck fuck fuck fuck fuck fuck fuck fuck fuck romantic dirty dancin feel hand come baby body ride body kiss favorite spot hand feel fingertips shoulder like drive yeah push clutch want rush fuck fuck fuck fuck fuck ride ride ride swear clothe leave right tell wanna tonight care ride ride ride,123,0.053072574,0.000478469,0.000478469,0.02078476,0.01898264,0.000478469,0.077422972,0.000478469,0.4855089782378541,0.000478469,0.1167417608754134,0.000478469,0.000478469,0.000478469,0.039564806,obscene,0.085714286
61213,chinese man,i've got that tune,2007,jazz,word tune rehearse moon hear song hummin hummin word tune rehearse moon hear song hummin hummin place time word rhyme hear song hummin hummin place time word rhyme hear song hummin hummin little tune play ladies go like place time word rhyme hear song hummin hummin guess come listen,49,0.001385042,0.001385042,0.001385042,0.083533079,0.001385042,0.027871626,0.001385042,0.001385042,0.062281363,0.7340618541161774,0.001385042,0.072861495,0.001385042,0.001385042,0.001385042,music,0.1857142857142857
59294,vera lynn,lili marlene,1994,jazz,underneath lantern barrack gate darling remember twas whisper tenderly love lili lamplight lili time come roll time darling caress press heart neath lantern light hold tight kiss good night lili lamplight lili order come sail confine barrack twas know wait street hear feet meet lili lamplight lili rest billet line part lips close lantern softly gleam sweet face haunt dream lili lamplight lili lili lamplight lili,66,0.001594897,0.001594896,0.001594897,0.1597011942168634,0.001594896,0.001594896,0.3858203557325994,0.001594896,0.001594896,0.045713235,0.001594897,0.3128808774112874,0.001594896,0.001594896,0.032941774,romantic,0.3714285714285714
61524,parov stelar,wake up sister,2009,jazz,ways today ride ways today ride hell ariding cowboy change ways hell ariding endless sky ways today ride ways today ride ways today ride cowboy change ways hell ariding endless sky,31,0.002105263,0.002105263,0.5532545864621532,0.002105263,0.002105263,0.002105263,0.002105263,0.002105263,0.002105263,0.002105263,0.3303371549498008,0.082724048,0.002105263,0.002105263,0.002105263,world/life,0.1571428571428571
72169,golden earring,radar love,1973,rock,drive night hand wheel voice head drive heel baby call say need half past shift gear lonely long get send cable come need phone thing call radar wave radar radio play forget song come strong road hypnotize speed sunrise lonely sure send comfort come need letter thing call radar line radar speed gotta cool gotta care pass line cars drive real slow radio play forget song come strong newsman sing song radar go lonely sure send comfort come need letter thing call radar line radar thing call radar thing call radar,91,0.052575005,0.000730994,0.000730994,0.000730994,0.05928795,0.000730994,0.000730994,0.000730994,0.000730994,0.4166621050251744,0.3245287340374999,0.000730994,0.000730994,0.000730994,0.062979386,music,0.6714285714285714
57885,change,hold tight,1981,jazz,hold tight hold tight wanna feel stay hold tight hold tight moment fade away hold tight tear gonna stay everybody get someday think word change feel cause know real choose fall anybody moment cause matter choose loose gonna best hold tight wanna feel stay hold tight hold tight moment fade away tear gonna stay hold tight wanna feel stay hold tight hold tight moment hold tight tear want help easy right time gonna shine everybody someday moment come eye hold tight wanna feel stay hold tight moment lifetime come baby time place everybody true gotta dream catch night come true hold tight,102,0.035196876,0.000515996,0.070220363,0.06108063,0.033417727,0.000515996,0.3729035003503105,0.000515996,0.000515996,0.000515996,0.000515996,0.013082453,0.000515996,0.216892156,0.048108057,romantic,0.5571428571428572
712,simon & garfunkel,mrs. robinson,1959,pop,love know bless heaven hold place pray like know little file like help learn help look sympathetic eye stroll ground feel home love know bless heaven hold place pray hide hide place go pantry cupcakes little secret robinsons affair hide kid cachoo love know bless heaven hold place pray sit sofa sunday afternoon go candidates debate laugh shout choose look lose go dimaggio nation turn lonely eye joltin leave go away,71,0.00093985,0.00093985,0.00093985,0.00093985,0.00093985,0.14975907,0.1240674603476992,0.089196593,0.00093985,0.00093985,0.00093985,0.00093985,0.1486593635657121,0.3362967493596305,0.08084161,sadness,0.8714285714285714
26995,little feat,lonesome whistle,1981,country,ridin head south hear lonesome whistle blow trouble roam leave girl leave home hear lonesome whistle blow actin smart go break darlin heart guess young young know take main lock ball chain hear lonesome whistle blow shame number hear lonesome whistle blow lock cell till body hear lonesome whistle blow actin smart go break darlin heart guess young young know girl doin time hear lonesome whistle blow hear lonesome whistle blow hear lonesome whistle blow,75,0.04481245,0.000877193,0.000877193,0.000877193,0.000877193,0.000877193,0.000877193,0.000877193,0.1209689006176699,0.4727312184573243,0.000877193,0.000877193,0.128525941,0.1751195746925585,0.000877193,music,0.5571428571428572
19784,cardi b,thru your phone,2018,pop,look want break shit mama phone know raise bitch dial tone click fuck little fake friends come actin like bros see little group texts like brag hoe tell little bitch screenshotted naked pics wanna send nudes boob gram bitch stand right hand tongue sneakers smash best turn leave wanna hear bout invasion privacy feel turn holdin inside fuckin bitch follow heart beat like bleed sleepin sleepin sleepin sleep like baby right creepin creepin creepin go phone night go phone night things like go phone night killin killin killin different scenarios beyoncé stereo resentment repeat bowl cereal teaspoon bleach serve like nigga appétit look risk home want hoe bitch cheat badder bitch shit eatin sleepin peacefully gettin thinkin bout stabbin know close dyin like attitude heart beat like bleed sleepin sleepin sleepin sleep like baby right creepin creepin creepin go phone night go phone night things like go phone night killin killin killin killin killin killin killin killin killin killin killin killin killin killin killin killin go phone night go phone night things like go phone night killin killin killin,179,0.030097038,0.06200386,0.000501253,0.1445294939046912,0.000501253,0.052971331,0.000501253,0.09184729,0.3858229245932041,0.000501253,0.000501253,0.000501253,0.000501253,0.038141703,0.094163695,obscene,0.028571429
25389,the bellamy brothers,inside of my guitar,1976,country,place want know place want know inside guitar guitar garden rainbows bloom shine like star pardon come inside guitar laugh sing play star dance beneath string inside guitar feel think bizarre hear music girl laughter inside guitar laugh sing play star dance beneath string inside guitar come inside guitar,49,0.001196172,0.001196172,0.001196172,0.001196172,0.001196172,0.001196172,0.001196172,0.001196172,0.001196172,0.4026299132448801,0.001196172,0.2619701553927085,0.001196172,0.2116866718704593,0.001196172,music,0.6285714285714286
3930,free,songs of yesterday,1969,pop,sing song right song like songs yesterday father sing blue good mother chase blood song like songs yesterday song right know father workman blame tool use tool fool song right song like songs yesterday streets fill silent cars world stage work today today wage song like song yesterday listen gonna,50,0.00122399,0.031514872,0.1459513571396491,0.068079367,0.00122399,0.00122399,0.00122399,0.00122399,0.00122399,0.4234525778087147,0.038827833,0.00122399,0.075720339,0.057607555,0.023820333,music,0.7285714285714285
32525,steve wariner,why goodbye,1998,country,look window wish memories hide heart star come tonight dark cloud cause lonely night movin goodbye goodbye blue say love lie goodbye goodbye light eye yesterday walk away tonight think leavin leavin goodbye goodbye blue say love lie goodbye goodbye goodbye say love lie goodbye goodbye lonely night goodbye goodbye goodbye lonely night goodbye,54,0.001012146,0.001012146,0.001012146,0.075695797,0.001012146,0.001012146,0.4180268664364164,0.07168095,0.001012146,0.056347841,0.001012146,0.1102552384940645,0.001012146,0.254835412,0.001012146,romantic,0.3142857142857143
6336,kenny nolan,love's grown deep,1976,pop,time friend grow little closer spirit strong friend things wrong write word know love grow deep deep heart plant seed watch grow love grow deep deep heart travel road sidebyside share load handinhand begin count bless onebyone thank life thank love grow deep deep heart plant seed watch grow love grow deep deep heart season slip away forever lovers stay doordie hearts love grow deep deep heart plant seed watch grow love grow deep deep heart,76,0.000797448,0.000797448,0.3673654013699524,0.000797448,0.000797448,0.018022364,0.1230256292053266,0.000797448,0.000797448,0.000797448,0.022644916,0.000797448,0.02805497,0.4305198936122641,0.000797448,sadness,0.6285714285714286
24162,"hank williams, jr.",leave them boys alone,1972,country,stray away songs daddy early grave daddy proud bocephus leave sing song know play half time know mind know right wrong string hit long leave sing song leave boys sing songs know gonna want like sing gonna cast stone leave boys sing song williams country soul daddy take lubuck people go home thing record guess leave sing song leave boys sing songs know gonna want like sing gonna cast stone time earnest leave boys sing song leave boys sing song,80,0.000720981,0.030116648,0.000720981,0.060423967,0.000720981,0.042685684,0.000720981,0.133467982,0.000720981,0.4153239957569159,0.2143839813747985,0.000720981,0.011638793,0.000720981,0.000720981,music,0.6857142857142857
64286,triston palma,girl i love,1982,reggae,forgive look know longer deserve little compassion girl wish tell know like know fall asleep phone ready hold weak know hear voice gonna hurt tryna away heart disturb hard hurt anybody think call hurt picture hook paso todo tiempo mentiste forever estariamos siempre ahora triste estoy quebraste corazon quebraste corazon carino write letter understand feel letter everyword write swear feel break heart feel die cause tear apart forgive look longer deserve little compassion girl mama explain away pain look inside memories right darkest time tubimos momentos compartidos kiere baby nunca enemigo baby life best thing realize mismo ruego todito corazon nunca fallo palabra blame stupidity lose mind girl like know wanna build trust wanna babygirl bestfriend necesito abre corazon porque estoy muriendo amor forgive look longer deserve little compassion girl second blury vision tear fall paper tryna hold best think lose isnt understand stomach hurt feel betray need life desespero cause want second pass lose wanna text cause dont anymore dont wanna past cause give give backi know hurt hurt lose unhappily lose carino forget bout time know feel maybe undestand amor,182,0.019055684,0.000434972,0.067588501,0.015180138,0.000434972,0.045278643,0.000434972,0.2717823205580125,0.051434308,0.036457328,0.000434972,0.000434972,0.000434972,0.3125708559788951,0.000434972,sadness,0.5428571428571428
45512,thin lizzy,renegade,1981,blues,lose rebel fall fool blow away renegade clown renegade bike throne rid like wind renegade lose sight stranger prowl night devil right renegade check check face look eye wonder cry inside wonder renegade beg bend knees heed lose,38,0.001949318,0.096606929,0.001949318,0.04805717,0.001949318,0.001949318,0.001949318,0.001949318,0.1142605230308584,0.001949318,0.001949318,0.2867783436534933,0.001949318,0.3701441849818652,0.001949318,sadness,0.5571428571428572
61519,nat king cole,"those lazy, hazy, crazy days of summer",2009,jazz,roll lazy hazy crazy days summer days soda pretzels beer roll lazy hazy crazy days summer dust moon sing song cheer basket sandwich weenies lock house beach girls bikinis cute roll lazy hazy crazy days summer days soda pretzels beer roll lazy hazy crazy days summer wish summer roll lazy hazy crazy days summer days soda pretzels beer roll lazy hazy crazy days summer dust moon sing song cheer hafta tell girl fella drivein romantic moon right moment lovers start arrivin kissin whistle cars screen roll lazy hazy crazy days summer days soda pretzels beer roll lazy hazy crazy days summer wish summer wish summer wish summer,107,0.000773994,0.000773994,0.1060048710371455,0.000773994,0.000773994,0.000773994,0.000773994,0.000773994,0.000773994,0.3792883972707189,0.172907921,0.06829161,0.000773994,0.000773994,0.000773994,music,0.1571428571428571
11445,sugar,hoover dam,1992,pop,stand edge hoover centerline right state mind wind traffic blow away altitude come know time leave slight insanity right know mississippi away orleans maybe someday dream feel sweat gulf mouth carousel tell direction home spin hole lose control center earth cover lava feel fine wash keep feel warm night deal horn cape later later stand edge hoover stand edge hoover,60,0.00122399,0.344226942,0.00122399,0.1705173268687042,0.00122399,0.00122399,0.00122399,0.1412679116082724,0.00122399,0.052872057,0.00122399,0.080209806,0.00122399,0.1012512334794622,0.059600101,violence,0.4
44021,leon russell,make you feel good,1975,blues,come house baby gonna roll come baby gonna dance stroll gonna feel good gonna feel good yeah gonna feel good tonight come house baby know gonna mighty good time feelin kinda frisky baby know feel fine roll record dance shoe come baby fool baby gonna feel real good tonight whoa babe gonna feel good tonight feel good feel real good tonight little song sing baby gonna feel right gonna feel good yeah feel good good time music roll beat feel feet want good lovin right cause feel good tonight whoa,90,0.1587372858958319,0.000591366,0.000591366,0.1086388590077319,0.049324228,0.007792552,0.000591366,0.000591366,0.000591366,0.045451739,0.086626661,0.024931552,0.000591366,0.000591366,0.3356649409946301,feelings,0.6428571428571429
66765,peter tosh,fight on,2002,reggae,africa free fight brothers fight fight free land fight sisters fight fight free fellow africa free come brothers fight pay dues lose view fight cause africa free shackle brothers fight brothers go exile long fascism vile brothers fight need majority rule scimit vasta cruel early morning fight fight fight fight free fight fight fight free land fight fight fight free fellow,61,0.001119821,0.4889004078112712,0.001119821,0.031846073,0.025349929,0.001119821,0.001119821,0.001119821,0.001119821,0.001119821,0.001119821,0.001119821,0.3720144661927911,0.001119821,0.066211631,violence,0.2571428571428571
47007,keith richards,rockawhile,1988,blues,rockawhile baby stay yeah need believe leave baby stay rockawhile hold breath babe close shop close shop yeah baby come stay yeah tell want need stay baby baby stay rockawhile cheaped shoot baby square rockawhile come rockawhile style string attach rockawhile baby stay stay yeah tell wanna stay yeah rockawhile string attach stay awhile tell trouble,56,0.3020817079352793,0.00122399,0.00122399,0.00122399,0.1650112059195603,0.00122399,0.00122399,0.00122399,0.065166886,0.00122399,0.00122399,0.00122399,0.025191629,0.3763778294993595,0.00122399,sadness,0.4571428571428571
11483,samantha fox,touch me (i want your body),1992,pop,touch touch night touch touch wanna feel body moon city night young hungry hungry hunt bait need hesitate night night time right night touch touch wanna feel body heartbeat night touch touch quick flash disappear night hurt treat right feel good feel somebody night night time right night touch touch wanna feel body heartbeat night touch touch touch touch touch touch cold emotion confuse brain decide pleasure pain like tramp night beg treat body like want beg night touch touch wanna feel body heartbeat night cause want body time night touch touch wanna feel body heartbeat night cause want body time touch touch touch night touch touch wanna feel body touch touch touch night touch touch wanna feel body touch touch touch night,123,0.000474158,0.020692072,0.000474158,0.2173917169622399,0.000474158,0.000474158,0.3391748643051665,0.000474158,0.000474158,0.000474158,0.000474158,0.047896753,0.02748994,0.000474158,0.1125597586361798,romantic,0.4
63313,phyllis dillon,perfidia,1967,reggae,youmy heart cry perfidia life somebody arm eye echo perfidia forgetful promise share charm lament dream fade like break gods look laugh romantic fool mortals sigh perfidia goodbye sigh perfidia goodbye goodbye repeat fade,34,0.00228833,0.00228833,0.077763174,0.00228833,0.00228833,0.00228833,0.3408996116382005,0.00228833,0.00228833,0.00228833,0.00228833,0.00228833,0.00228833,0.4316937956009836,0.046146718,sadness,0.7571428571428571
41605,the animals,blue feeling,1964,blues,wonder blue blue blue feel today blue blue feel baby go away go know guess somebody blue blue feel today blue blue feel baby go away baby leave leave go feel kind blue guess somebody blue blue feel today blue blue feel baby go away baby leave baby awhhoney child leave baby baby,53,0.2055033174771407,0.000993049,0.000993049,0.000993049,0.000993049,0.000993049,0.000993049,0.000993049,0.000993049,0.3395317223754627,0.000993049,0.000993049,0.000993049,0.16204986,0.2780193699700591,music,0.8
9403,prefab sprout,when love breaks down,1985,pop,work apart absence make heart lose weight yeah till break break see weather sweet september rain rain like drown drown break things stop truth hurt break lie tell serve fool break things stop truth hurt break break box clever crowd fall free confetti paint paint break things stop truth hurt break lie tell serve fool break things stop truth hurt break lie tell serve fool break things stop truth hurt break join wreck leave hearts easy break break,78,0.000773994,0.000773994,0.000773994,0.000773994,0.015493911,0.000773994,0.021381617,0.271359886,0.000773994,0.000773994,0.000773994,0.000773994,0.015875753,0.5382815268221413,0.000773994,sadness,0.5
34450,jim white,static on the radio,2004,country,awaken sweet summer rain distant howl pass southbound coal train dream lie hear things room long forget music start play know put word mouth dead know crime weave wish say know fool venture spirit tread cause know word sound bounce round head static radio static radio static radio static radio static radio think know static radio static radio think know static radio midnight rendevous pretty girl wear tear tearstained gown like ghost ship appear lonely highway flag give lift downtown greyhound station flicker neon light kiss goodbye mirror eye reflection know blind lead blind know shadowlands trouble time know forsake sign know truths forever static radio static radio static radio static radio static radio think know static radio static radio think know static radio church house stone throw place stay sunday morning sittin truck listen neighbor sing years join time change incline think write write line cause know dream asleep know put word mouth dead cause know ruminations change thing listen static radio static radio static radio think know static radio static radio pray miracles knees static radio listen song think know static radio think know static radio,188,0.000389864,0.1036851629172572,0.000389864,0.000389864,0.000389864,0.000389864,0.019539302,0.3403472792577232,0.000389864,0.3234788885447812,0.107070037,0.040791798,0.010428999,0.000389864,0.000389864,music,0.2285714285714285
71722,the doors,peace frog,1970,rock,blood streets ankles come blood streets knee come blood streets chicago come blood rise follow think break come drive away sunlight hair come blood streets run river sadness come blood streets thigh come yeah river run legs city come women cry rivers weepin come drive away sunlight hair indians scatter highway bleed ghost crowd young child fragile eggshell mind blood streets blood stain roof palm tree venice blood terrible summer bloody fantastic blood scream brain chop finger blood bear birth nation blood mysterious union blood streets ankles blood streets knee blood streets chicago blood rise follow,96,0.078500019,0.6117114606342331,0.000773994,0.000773994,0.015648371,0.000773994,0.000773994,0.000773994,0.000773994,0.000773994,0.144338051,0.000773994,0.058244102,0.037372307,0.000773994,violence,0.7142857142857143
11019,mariah carey,you're so cold,1991,pop,lord know heartless understand gotta need cold cold cold cruel cold feel kiss like deep inside cold play game mind cheat time time know change break away know treat good wish fell cold baby cold cruel cold feel kiss like deep inside cold cold time wait endlessly laugh drown despair worry care know hurt spell hopelessly cold cold cruel cold feel kiss like deep inside cold cold cold cold cruel cold feel kiss deep inside cold stone wicked bone heart tear apart like devil like devil disguise cold cold cold cruel cold feel cold cold cruel baby heartless cold cold feel kiss like deep inside cold cold cold yeah kiss like deep inside cold,114,0.025383378,0.3787004302304547,0.000526316,0.032899048,0.018036869,0.018967422,0.080118219,0.036097256,0.000526316,0.000526316,0.000526316,0.000526316,0.000526316,0.2569234439927099,0.056191893,violence,0.4142857142857143
50039,supersuckers,the fight song,2003,blues,fight fight fight fight catfight hallway school night jump fence clear bench party time turn light screamin right fight fight fight fight girlfriend husband bastard yeah brat brawl hard head woman baseball reason time attack fight fight fight fight knockout fight chug bloody street stumble rumble laugh get beat lovely anger live rage unspoken hatred sweet promote condone dead meat,60,0.001422475,0.5939313654110181,0.001422475,0.1676062041537892,0.030476338,0.001422475,0.083941629,0.001422475,0.036400861,0.001422475,0.069151426,0.001422475,0.001422475,0.001422475,0.001422475,violence,0.2428571428571428
15054,hilary duff,fly,2004,pop,moment change feel wind shoulder minute world yesterday hear call feel soul trust long control open want hide away shine forget reason life start cause time time worry leave dream follow reach leave world feel hollow hear call feel soul trust long control open want hide away shine forget reason life start cause time time feel wanna away trust know better moment change feel wind shoulder minute world yesterday open want hide away shine forget reason life start forget reason life start cause time time moment change,87,0.000604961,0.000604961,0.3979457148312676,0.090245558,0.000604961,0.000604961,0.000604961,0.000604961,0.000604961,0.048723642,0.000604961,0.076206596,0.000604961,0.2470489751928714,0.050878084,world/life,0.2285714285714285
47259,alice cooper,this maniac's in love with you,1989,blues,control reality lose hold know begin look state mind total decay come away maniac biggest fear come true maniac maniac maniac maniac heart strap straight jacket therapy boys fit like glove cross line brain line pleasure pain take survive madness alive maniac lock inside maniac maniac know begin look state mind total decay come away maniac biggest fear come true maniac maniac maniac maniac maniac biggest fear come true maniac maniac,71,0.1235640335002773,0.4997100035821656,0.001283697,0.001283697,0.001283697,0.001283697,0.084008088,0.001283697,0.001283697,0.001283697,0.001283697,0.001283697,0.001283697,0.1893750930614284,0.001283697,violence,0.4428571428571428
61749,devin townsend project,fly,2011,jazz,mountain save solar mountain save solar ways mountain save solar gain mountain save soul monday morning monday morning monday morning monday morning monday morning monday morning,26,0.003095975,0.003095975,0.3443586438696109,0.003095975,0.003095975,0.003095975,0.003095975,0.003095975,0.003095975,0.003095975,0.003095975,0.3222918756151016,0.003095975,0.003095975,0.2838138761039698,world/life,0.1285714285714285
25100,bachman-turner overdrive,down to the line,1975,country,mind hurry state need come worry cause real straight shooter boot heel clean better live dream live line know right line stay night line live life line live line line line sooner later get time line stand cryin ask complainin instead tryin real straight shooter boot heel clean better live dream live line know right line stay night line live line life line line line sooner later get time line,70,0.000848896,0.000848896,0.2445661069054136,0.4477463112521069,0.000848896,0.000848896,0.000848896,0.000848896,0.1532456767566119,0.000848896,0.1417084581322623,0.000848896,0.000848896,0.000848896,0.000848896,night/time,0.6428571428571429
45438,the allman brothers band,i beg of you,1981,blues,want heart break cause darling careful know care darling break heart want tear fall know hate bind happen goodbye darling goodbye hold hand promise true know little girl hold hand promise true know little girl advantage cause know true darling darling break heart darling goodbye,45,0.001196172,0.001196172,0.001196172,0.001196172,0.001196172,0.04942323,0.4394286639558164,0.1813260173617422,0.001196172,0.001196172,0.001196172,0.001196172,0.001196172,0.2123892216758124,0.001196172,romantic,0.5571428571428572
14037,big pun,it's so hard (featuring donell jones),2000,pop,catch onefifty glizzy lock stizzy clizzy go onewizzy drink pissy tryin cruise avenue people poppin bottle rendevous fuck spin lose hubcap shack come straight paris checkin baby carriage auburn reddish fresh dealer squealers wear vest killers nothin cause realer apple quick shit tackle enemies spit best friends kidnap trust beef bust need talk bout dolo manolo deep solo bustin heat throwin bolos hard hard yeah niggas wanna like bust gun hard niggas wanna fuck wife nggas wanna life hard hard work baby lose pound tryin live goin stayin alive baby wife pay titties hear squad like gods catch bardebardebars strip bar miami come home grammy year bring home family watch catch live hitachi poppin shit like nazi ice like debiase fuck liberace versace somebody stop skeeyu niggas uptown uptown know feelin cash rule hardcore dance biggie glance hand drawers jerk like source award hiphop probably best lyricist alive terror squad nigga stop sleepin hard yeah niggas wanna like bust gun hard niggas wanna fuck wife nggas wanna life hard know elementary school know money yeah fuck wife takin life hatin walk haters walk schemin homie better walk role talk boricuas stay stay stay homies gotta know,196,0.045493098,0.000449843,0.095866355,0.000449843,0.032608392,0.03206092,0.000449843,0.000449843,0.5815162527945594,0.000449843,0.1151449465371047,0.000449843,0.000449843,0.000449843,0.013830554,obscene,0.2857142857142857
82130,young dro,man in the trunk,2018,hip hop,nitti tell bout young real know style dunn nitti tell bout nigga nitti beat nigga know young young playin playin trunk sound like band band freshest niggaz fugazzin fugazzin diamonds look like koolaid like koolaid different flavor cartier cartier paint bitch play bitch play playin ihop blue cutlass inch ihop blue button hand snipe arm russian nigga talk russian slug start bustin ammo serial catch nigga slippin equilibrium impala shawty cartiers prada shawty killin look chain look triple blue poppin nigga bring triple bitch block like sick like bitch dickin vert blue chirp bigger lyric commercial,96,0.000956938,0.000956938,0.000956938,0.000956938,0.000956938,0.000956938,0.025105309,0.000956938,0.650438744,0.1478882711336233,0.000956938,0.000956938,0.032547906,0.000956938,0.000956938,obscene,0.028571429
66929,midnite,crown aim,2003,reggae,rhythm drum rhythm drum rhythm drum rhythm drum color complex thank ask opposite starks lecture gasp dark skin drum sound pure blackness black joke whisper package biters bootlip tims brillo afro nigga white brim buffalo soldier point think jungle bunnies uncle jims jigaboo zigaboo zigzag lifers cream wheat sambo fame biters pool stickcarrying eightball nigga default ghetto figure bigger crow mascot porch monkey dancer junebug maroon fish knuckle dragger little mandingo melanoid mistake nineteen play cosby southern wind chime spoonbill spade swoop backward smoke shit thirtysix thirty cross risk go bear black lips baboon americoon candyman buckwheat peanuts fellow ducky choose look friends start laugh rhythm hear sit dark skin drum turn burn blow face blackface host steal fame head jangle fuse pointsix pontiac fill pickaninnies raisin head quashy burntoast nigga coal miner mammy jellybean spinster koolaid minister parttime magilla mouse fight british snip militia nonswimmers fake november ninja black black crime loudly applaud slick black friend order mow movie cop slaughter spook white lawyer hottentot black booty bare moon cricket godfather slander biggie black ugly minus coogie mississippi bluelip hang tree choose look friends start laugh choose look friends start laugh,192,0.000666223,0.3795964438659195,0.000666223,0.000666223,0.000666223,0.016646544,0.01650135,0.087754208,0.1565817767748751,0.000666223,0.082652378,0.091030179,0.000666223,0.000666223,0.000666223,violence,0.2428571428571428
58278,wynton marsalis,blues,1985,jazz,tell go tell go tell go tell go tell go tell go tell go tell go tell go tell go tell go tell go,24,0.002105263,0.002105263,0.002105263,0.002105263,0.002105263,0.002105263,0.002105263,0.4928948557885061,0.002105263,0.002105263,0.002105263,0.002105263,0.002105263,0.002105263,0.4713156703561553,feelings,0.5
53838,anderson east,somebody pick up my pieces,2018,blues,somebody pick piece scatter contention surrender crown somebody pick piece come sure think know think heaven fall breeze life crazy hell start somebody pick piece think fall apart apart fallow footsteps step trail road narrow foot fail fall tear apart apart pick piece heart somebody pick piece scatter contention surrender crown somebody pick piece come come come,57,0.085152203,0.001144165,0.029620919,0.001144165,0.001144165,0.001144165,0.001144165,0.001144165,0.001144165,0.001144165,0.2830207781704728,0.050746248,0.001144165,0.4194148341256791,0.1171708748212286,sadness,0.028571429
23185,jerry jeff walker,my old man,1968,country,rounder soul hear freight train say bless bone reason guess curse roam come know lookin carry tattered violin lot songs place talk real easy smile wave pass fiddle play makin people drop care woes loud tune fiddle bow people begin join sound laughin singin dancin round fiddler tune hear night like dream say world right fiddler catch beauty flowin golden kind hair play dance play favorite songs ones call dancin room thing leave movin fiddler tune play stop pack say home nights pass child bear years pass warm live share dream come true dance fiddler tune train mornin blow lonesome sound sing blue take recall say young sing songs sing,110,0.000604961,0.000604961,0.1043908752091026,0.000604961,0.000604961,0.000604961,0.000604961,0.057487383,0.095117226,0.3522341827986474,0.1476844641676354,0.095446613,0.080600051,0.000604961,0.000604961,music,0.7428571428571429
60009,will downing,every time it rains,2000,jazz,go hard lay like reality room memories break heart wonder pain finally fade away face pass memory think stay heavy mind time rain wonder near night time rain affect tear drop like water fall passion pain time rain pour pray days move hear arm gonna baby like things touch place drive break heart wonder pain finally fade away face memory yeah go lonely lonely baby lonely come stop rain adlib whoa time rain lookin time rain pour want baby come home time rain baby time rain pour want baby woman time rain oohh thinkin thinkin baby everytime rain baby,99,0.1194539423231694,0.00055991,0.037430631,0.112630064,0.02201416,0.00055991,0.023514795,0.00055991,0.05679181,0.00055991,0.00055991,0.00055991,0.00055991,0.4117539938799172,0.00055991,sadness,0.2857142857142857
6066,bob dylan,goin' to acapulco,1975,pop,go wrong put plain give song wicked life hell everybody come scratch meat go acapulco go go soft go yeah go need quick live complainin pull plum drink home go acapulco go go soft go yeah go offer joke thank tell like away prank everytime know break pump like place waitin come go acapulco go go soft go yeah go,60,0.001096491,0.001096491,0.098076075,0.001096491,0.105327035,0.001096491,0.001096491,0.001096491,0.2063183590558268,0.076418709,0.1540687728628864,0.001096491,0.001096491,0.001096491,0.3455366622901513,feelings,0.6428571428571429
44219,alice cooper,going home,1976,blues,go home bedroom safe snug snore go home happen change go home go home room mess dirty laundry look good care home sweet home wonder miss go long think die say wonder happen shrug laugh cry damn go home go home room mess dirty laundry look good care home go home stop go home stop go home stop go home stop go home stop go home stop,67,0.000848896,0.1194996929285971,0.000848896,0.000848896,0.000848896,0.000848896,0.000848896,0.2006197312527265,0.000848896,0.3287891555630627,0.000848896,0.000848896,0.000848896,0.000848896,0.2415837796471564,music,0.6285714285714286
27514,waylon jennings,gonna write a letter,1982,country,go write letter go mail today soon think word need send nearly year woman home wait hear mean tell dear long louisiana know promise return soon save money earn marry twin live peru gonna write letter mind know word hard sit think hand understand mean tell dear long state mosquitoes send money help kid like thank true louisiana letter arrive today word read blow away believe felt treat say mean tell sweet long money think believe understand grill kalamazoo,79,0.000773994,0.000773994,0.1823691856324913,0.000773994,0.000773994,0.000773994,0.081247719,0.3089343887234042,0.091224037,0.3102765105453702,0.000773994,0.000773994,0.000773994,0.000773994,0.000773994,music,0.5428571428571428
33309,chris smither,no love today,2000,country,know know heartbroke time drown tear go look lifeline try comfort simple tender touch search little cure cost hear produce wagon street hear farmer sing cry sleep banana watermelon peach pound sweet corn mirleton better okra choke bean kind hungry eatin sell peace mind come hear hate disappoint today today today today save lonesome desperation think worthless imitation concept commitment think cheapest thrill love teachin live nothin nothin little song sing banana watermelon peach pound sweet corn mirleton better okra choke bean kind hungry eatin sell peace mind come hear hate disappoint today today today today today tomorrow forever come free think clever good tell right eye intelligence defense imply sell need shelf grow seed banana watermelon peach pound sweet corn mirleton better okra choke bean kind hungry eatin sell peace mind come hear hate disappoint today today today today,140,0.000611995,0.059117369,0.343172496,0.022958973,0.000611995,0.027297961,0.075039204,0.1293160254023133,0.06607908,0.1288636090140329,0.000611995,0.000611995,0.1262709606345988,0.000611995,0.016376366,world/life,0.2857142857142857
57498,average white band,kiss me,1979,jazz,baby baby think know need somebody early morning need food good care lonely lonely lonely anybody gotta need love woman ashamed ashamed need love girl mmmm miss little everyday know kiss babe come home stay know wrong long babe know belong fool fool babe fool fool fool fool baby cry long tear like rain try strong strong felt pain know leave think fade away fade away babe come home babe fool fool babe fool fool fool fool babe babe babe know leave think fade away fade away come home fool fool babe fool fool fool fool fool help fool babe know fool fool fool fool babe baby fool fool fool come turn fool babe sugar strong fool fool fool fool babe baby fool,123,0.2605733096479237,0.000438596,0.000438597,0.000438597,0.000438597,0.016762176,0.043010957,0.1463987207588017,0.000438597,0.000438597,0.000438597,0.000438596,0.000438596,0.4618514959850739,0.05728128,sadness,0.5857142857142857
11186,mariah carey,and you don't remember,1991,pop,shatter dream mind tragically die memories confine head bitterly face trustingly give soul inside believe lie remember time tell forever eternity remember hold melt need strand nothingness tear loneliness foolishly give soul inside believe lie remember remember time tell time tell forever eternity remember remember hold hold melt need helplessly fell deep naive heart remember time tell tell forever eternity know remember know remember hold hold melt need,68,0.001012146,0.001012146,0.48123918,0.001012146,0.001012146,0.001012146,0.097703629,0.2281634477845037,0.001012146,0.001012146,0.001012146,0.001012146,0.001012146,0.1777115570067681,0.001012146,world/life,0.4142857142857143
68457,rebelution,so high (yeti beats remix),2011,reggae,yeah haha shout beastcoast midwest progress shit know heavensent vent stop fuck beat check rhythms like wesson bless hardheaded settle lesser spit leave smite city hustle live life dealers thrive blind high alive get sicker time close mind lie revolution televise feel poems kill basquiat lock thoughts stop gonna drop shoot goodbye fuck rappers dumbing mass happen shots ask read facts fuck soul gold want story tell lyric unfold piscine flow constant pipe dream nonsense know rappers want honest bring table shake fake game place throne kingdom come real people come know look holy sick see homie gun stupid simple shit resolve care involve fuck hood children know white picket fence sense know dollars cents amend live try survive like chill like ride ride advise stay line surprise get agitate sick wait want money fast homies flip pack wonder momma cousin shit need live life cause sinner know get bigger winter feel like blizzards heart shit sliver shiver waver save thank later daughter favorite fuck famous team magazine limousine team dream nonsense bitch fuck outta,175,0.000474158,0.089781179,0.1628527912484205,0.000474158,0.011816078,0.000474158,0.023523378,0.139490605,0.4618796883297272,0.012863139,0.000474158,0.000474158,0.022586503,0.000474158,0.010793961,obscene,0.1285714285714285
44801,j.b. lenoir,feelin' good,1979,blues,feelin good feelin good money world spend feelin good wino street say help sneakin help brother wish feel wanna feel good feelin good feelin good money world spend feelin good rid friends cadillac fine dream lemonade everythin feelin good feelin good money world spend feelin good feelin good feelin good money world spend feelin good know fine things cadillac make ring expense dream feelin good feelin good money world spend feelin good feelin good feelin good money world spend feelin good,81,0.000701754,0.000701754,0.1999359564409222,0.000701754,0.000701754,0.0379899,0.000701754,0.000701754,0.1287437417067084,0.000701754,0.067596763,0.000701754,0.000701754,0.000701754,0.539232495,feelings,0.5857142857142857
915,brenda lee,blueberry hill,1960,pop,thrill blueberry blueberry moon stand blueberry linger dream come true wind willows play sweet vow apart thrill blueberry wind willows play sweet vow apart thrill blueberry thrill blueberry,28,0.002923977,0.002923977,0.002923977,0.002923977,0.002923977,0.002923977,0.4443039866593765,0.002923977,0.002923977,0.1979272531528972,0.002923977,0.1733108719739621,0.002923977,0.1405982382194644,0.002923977,romantic,0.8571428571428571
78481,kings of leon,crawl,2008,rock,fault pride need pologize lips unfold shake purple cold better learn crawl better learn crawl walk away walk away break mouth bloody bits spit grave unscathed worm count days want crawl want crawl walk away walk away reds white abuse crucify hypocrisy unfold hell truly search alibi await wrath go sunday mass want crawl want crawl walk away walk away reds white abuse crucify hypocrisy unfold hell truly,68,0.001196172,0.3272192224028245,0.118314701,0.001196172,0.001196172,0.001196172,0.025159622,0.001196172,0.001196172,0.001196172,0.042094806,0.001196172,0.024226803,0.342455104,0.001196172,sadness,0.1714285714285714
11218,simply red,for your babies,1991,pop,look hop face beam smile boast pulse wind blow gonna send sail home force rainbow dream gold wait eye know want need get believe things amaze pain go contain world change years spend cloudy blue ways baby control lay days poor time think busy find ways know want need get believe things know want everyday need believe things believe things believe things,62,0.021740699,0.000993049,0.470863144,0.000993049,0.000993049,0.025851046,0.000993049,0.1938660977492438,0.000993049,0.084007067,0.000993049,0.095793845,0.000993049,0.000993049,0.000993049,world/life,0.4142857142857143
13862,wu-tang clan,i can't go to sleep,2000,pop,technique watch spill peace biggie havoc streets staten snitch house niggas children watch produce pattern somebody rap women murder baby crack gun early murder shall stand fall hand fate come bring bring bring bring bring fuck go sleep feds jump jeeps sleep baby fly cheek hard sleep bowl twice couldn sleep aiyyo deep stairs gun whippy shit bong bong stop cheeba spot pass leak spot drive past niggas take cheap shoot know fuck meat chop think fell face need stop chariot ambulance better smile nigga candid gangsta broad laws walk ball nigga motherfucking eunuch nigga wasn nigga give hand kill brother learn cause look come hand jelly spine cobwebs mind sleep shut eye shoot father build seven time shoot chest little seed watch shoot balcony export cause try spark knowledge forefathers hear rifle shots crackle husband head hand try america watch bloodstained blotch medgar take skull integrate college science somebody trick knowledge enslave scrape dollars walk drink fuck look like devil ready break world trap metal gate stress hate time relax mind meditate grab blunt brew grab fuck violence sleep shut game lose head call shots instead power hand stop cry,191,0.026618938,0.3015754815863022,0.000438597,0.039481044,0.000438597,0.00759332,0.000438597,0.000438597,0.3544401133973117,0.000438597,0.1077609267577013,0.000438597,0.06012052,0.052963202,0.025633433,obscene,0.2857142857142857
34566,brooks & dunn,that's what it's all about,2004,country,work slave spend thankless jump door door hombound pull drive chair waitin life couldn live moment freeze time reason begin rhyme love little bigger finally start figurin say food fuss cuss cause tire stress smile say life couldn live moment freeze time reason begin rhyme love little bigger finally start figurin life couldn live moment freeze time reason begin rhyme love little bigger finally start figurin life couldn live,69,0.00093985,0.065359965,0.4971309521205219,0.00093985,0.00093985,0.077384185,0.065170416,0.00093985,0.093479098,0.00093985,0.1892573391692131,0.00093985,0.00093985,0.00093985,0.00093985,world/life,0.2285714285714285
77133,muse,unintended,1999,rock,unintended choice live life extend listen deepest inquisitions soon lyric commercial,11,0.007518797,0.007518797,0.3159865381385412,0.007518797,0.007518797,0.007518797,0.007518797,0.007518797,0.007518797,0.268243962,0.007518797,0.007518797,0.007518797,0.007518797,0.007518797,world/life,0.3
6664,brian eno,king's lead hat,1977,pop,dark dark black turkeys black road shiny bright shiny wheel slide turkeys go dangerous ride lacquer crackle black engines roar ship turn broadside shore splish splash rake cash biology purpose keep nose surface lead innocence inside come come surely come lead mother desire come come surely come delhi smelly delhi hong kong know long count finger digit counter night fall draw bananas bathroom wall killer cycle humdrum killer hertz passage life measure shirt time motion motion carry time tide know time time tide lead poker come come surely come lead mother desire come come surely come weapon ready ready gun purr satellite distort voice slur give order finger hear fit ears take modicate cold turpentine try dial dial reception move finger victim telephone lead amazon wider come come surely come lead poker come come surely come lead mother desire come come surely come lead innocence inside come come surely come,150,0.2895228654156891,0.3066034266489207,0.000641849,0.1098396923119044,0.000641849,0.000641849,0.000641849,0.000641849,0.000641849,0.000641849,0.101268714,0.1417990338829303,0.042622236,0.000641849,0.000641849,violence,0.6142857142857143
30785,rev. gary davis,samson and delilah,1992,country,tear build woman fine fair good look know coal black hair come mind woman look fine knee say tell strength lie speak kind know talk fair say hair shave head clean hand strength come natural wicked world tear build talk yeah yeah talk yeah yeah talk yeah happen tear build yeah read tell birth strongest live earth wasawalkin look grind jawbone stretch know break like movin tenthousand dead wicked world tear build attack jump read kill paw hand jaw beast kill dead be head good tear build wicked world tear build good,92,0.000730994,0.5025831300264545,0.000730994,0.000730994,0.087670166,0.000730994,0.037759013,0.1577210164618391,0.000730994,0.000730994,0.000730994,0.000730994,0.000730994,0.000730994,0.043143065,violence,0.4
20979,big bill broonzy,louise blues,1960,country,check check tech nigga achoo wesson bless stand tall know rest neck care vest special caliber note death bring pain catch rain sleep death arrest black sky nigga guess young nigga catch bitch niggas thats shit list tip help niggas fitness sure forget catch beat gotta sure bury witness haters shittin clippin nigga ready flip strong glock like pippen extent retard spittin niggas diggin cemetary play bitch life bitch marry young hustler millionaire time auburn kemba uconn niggas stretch futon bullets head neutrons sleeves paper scent breeze smell like money blue crees bomb true speed feel malibu breeze bitch cool key cool boo shoe string kings wesson burn tellin add graze mood ring dirty play things burn blue flame hood drain boolean scar crazy sane get easier flip media money medicine medicine leavin lose homies ballin shittin hell strap order money change weather bill feel like pourin thunderin hail stormin thing mornin likely hella icey shift niggas wanna knife strike come right poverty play game bully bang bang go thing maintain character wonderful marriage hook look finally establish crook take need fuck playin brooklyn speed beat exotic readin hollow heat heart need hardest complete choose card odds even yeah,199,0.000478469,0.1309697966631186,0.089449997,0.000478469,0.018937059,0.000478469,0.000478469,0.000478469,0.5551653238707094,0.081446527,0.000478469,0.044955519,0.000478469,0.017888282,0.032202949,obscene,0.8571428571428571
78674,enjoy,i've wasted so much time,2010,rock,get tire stand wait appear mistake fine waste time stand try disappear get tire stand try disappear fast get weird look past get know waste time choice maybe know quit get waste time,33,0.001697793,0.173522261,0.001697793,0.3507814045388588,0.001697793,0.001697793,0.001697793,0.3878218694804494,0.062407571,0.001697793,0.001697793,0.001697793,0.001697793,0.001697793,0.001697793,night/time,0.1428571428571428
66936,morgan heritage,works to do do (pt 1),2003,reggae,know world like know know woah know hand yeah everyday work mind yeah weary peace mind everyday work mind weary peace mind cause work work choose work work choose wicked smite sheep astray rise yeah like know face adversaries time time cause mystery babylon fee wine fornication dont know consume corruption live blind blind veil darkness lord know temptation weakness thats everyday work mind weary peace mind cause work work choose work work choose lead guide step step yeah peril roam heights depths lead guide step step peril roam heights depths lose lose ooohhhh know world like know revelation time everyday work mind weary peace mind everyday work mind weary peace mind cause work work choose cause work work choose work work choose,123,0.000578369,0.000578369,0.3108129572696972,0.1147250777430357,0.051617974,0.2160642927772726,0.000578369,0.1514502296367337,0.000578369,0.000578369,0.000578369,0.000578369,0.073447737,0.000578369,0.000578369,world/life,0.2428571428571428
60459,groove armada,but i feel good,2003,jazz,feel good feel high deeper deeper yeah follow friday try home phone geezer lighter futures brighter try saturday nighter yeah follow friday driver fiver lend excuse venue yeah follow friday go feel good feel high deeper deeper yeah follow friday try home phone geezer lighter futures brighter try saturday nighter yeah follow friday driver fiver lend excuse venue yeah follow friday go feel good feel high excuse venue feel good feel high,72,0.001349528,0.1177207638864522,0.001349528,0.001349528,0.1552962487341737,0.001349528,0.001349528,0.1220075577080091,0.001349528,0.070709979,0.001349528,0.1605451205084632,0.001349528,0.001349528,0.3561764706318899,feelings,0.2428571428571428
54510,charlie parker,autumn in new york,1953,jazz,embrace sweet embraceable embrace irreplaceable look heart grow tipsy bring charm want arm naughty baby come papa come papa sweet embraceable,21,0.3007845521633073,0.004385965,0.004385966,0.004385965,0.004385965,0.004385965,0.4569962706122708,0.004385965,0.004385965,0.004385965,0.004385965,0.004385965,0.004385965,0.004385965,0.004385965,romantic,0.9571428571428572
66386,heavy d,dancin' in the night,1999,reggae,feel like gettin high feel like leavin world feel like ball feel unnecessary uhhuh crazy feel like gettin dancin middle night need release pain pressure life time consider drinkin start thinkin probably drown away life gotta somethin people frontin need dancin middle night dancin moonlight night cruisin meadows better know ghetto see name black deep drug scene probably turnin say momma smokin tire bein break poppa lock comin cry look eye say care die dreamin years cry river tear see bible die wanan right people pushin people hate sequel cause equal lie cause wanna dancin moonlight say dancin moonlight repeat dancin moonlight say dancin moonlight repeat fade,107,0.000674764,0.000674764,0.062845912,0.000674764,0.000674764,0.000674764,0.000674764,0.1362758253263542,0.3845688459272803,0.000674764,0.000674764,0.1574663172055272,0.000674764,0.1770610595973138,0.043346404,obscene,0.3
60045,the mighty bop,feeling good,2000,jazz,fly high know feel know feel breeze drift know feel life feel good good yeah fish know feel rivers run free know feel blossom tree know feel life yeah feel good good good dragon know mean know butterfly have know mean sleep peace mean world world world star shine know feel scent pine know feel freedom know feel life feel feel good know feel know feel know feel feel good feel good feel good feel good feel good life,79,0.000711238,0.000711238,0.1024577375784602,0.000711238,0.029212724,0.000711238,0.000711238,0.2267408080783661,0.000711238,0.000711238,0.000711238,0.1044358068156774,0.053146341,0.000711238,0.4467150589437658,feelings,0.2857142857142857
51985,joe bonamassa,you better watch yourself,2011,blues,better watch better watch better watch eye steal heart away tell better watch better watch better watch eye things fine cadillac baby watcha gonna better watch better watch better watch eye people talkin gonna better watch better watch better watch eye,41,0.02914507,0.00131579,0.00131579,0.00131579,0.001315789,0.001315789,0.001315789,0.00131579,0.5861162321222946,0.001315789,0.00131579,0.1857682847626508,0.00131579,0.088960089,0.001315789,obscene,0.1285714285714285
66292,too rude,meet you there,1999,reggae,away movement drag weight tie shiftless tongue tongue spectre blossom inside grow sink meet hearts ascend sniper dark rifle snap rain whip crack bone lash ride grind movement go go black ocean tide neck begin rise meet light descend star black sky bridle bridle bridle bridle bridle bridle bridle bridle bridle bridle bridle bridle bridle bridle bridle bridle ride grind,60,0.001697793,0.4100695106962084,0.001697793,0.001697793,0.001697793,0.001697793,0.001697793,0.001697793,0.001697793,0.001697793,0.1277905104015937,0.3881863370927363,0.001697793,0.001697793,0.048486748,violence,0.3
57409,george duke,preface,1978,jazz,need dream taste scar fuck break need dream taste scar fuck break spare change drug store sushi juggle monkey hustle great handrolled loosie keep kick lace loosely plan runnin loop stand watch comin cloud cover acid rain blast crashin burnin shade brushin ash break sleep calmly reach blade bull parade universal laws remain head game catch tech fresh tryna maintain wane chap ashen hack human halfwitch laughin reality display graphiced hard plastic automate action agitate behave wide cast jag chasm compassion fuckin plague anxiously wait world collapse nothin happen tryin goddamn gmail backwards look soft window bar work iron city defy silence tiny riot islands speed belt transatlantic traffic overhead honkin secrets public bustin lie private befuddle lesbian covens beggin miss slice bless eshu boondocks room bleed mess birth cycle successful go go yellow radio break nomos negate agape nostrum grocers cosplay reiterate offdays repeatedly pretend replete end pipsqueaks cement yesterday projections stun introspective young person thumb hurtin post sign bill symbols labor teeny funk like minefields fragile mental state tabula rasa require impeccable credit statement niggas accredit statement niggas accredit statement,182,0.000773994,0.2187249651587571,0.1304963785161913,0.000773994,0.000773994,0.000773994,0.000773994,0.000773994,0.3908158724846084,0.000773994,0.000773994,0.1252944324252046,0.000773994,0.087823984,0.036782447,obscene,0.6
62039,ne obliviscaris,forget not,2012,jazz,masquerade grey vultures coalesce black swansongs dead dead sigh quicken shadow kiss lifeless finger dead sigh dead sigh dead sigh frontier remembrance anthems anthems forget go forget water beneath drapery cold timeless cloak wing moon passage boatman starlit water dreamscapes golden live remember stand footsteps anthems obliviscaris souls dead sigh obliviscaris anthems obliviscaris forget forget forget wait exile garden sing unknown renaissance death echo eternally lose death echo death echo forget forget,72,0.001315789,0.4232707863304758,0.2436606452147548,0.00131579,0.001315789,0.001315789,0.122054996,0.00131579,0.001315789,0.03478535,0.00131579,0.1578071687057065,0.001315789,0.00131579,0.00131579,violence,0.1142857142857142
70071,protoje,camera show,2018,reggae,fall fall fall fall fall see know stay freedom call call camera lie thing sure kingdom fall fall like everybody free free today tomorrow agree mother nature beat limit greed breathe water recede spirituality deplete economically defeat cycle repeat see know stay freedom call call camera lie thing sure kingdom fall fall hollywood pack waste actress come hold hold gimme gimme world pack waste woman occupation situation abuse position insinuation intimidation valuable creation blatant empower woman empower nation longer shall mistake awaken see know stay freedom call call camera lie thing sure kingdom fall fall world money religion politics people hungry leaders twitter fee like dummy come like comedy deya funny land free home brave consider own people good days hear want great act like great see know stay freedom call call camera lie thing sure kingdom fall fall fall fall kingdom fall fall fall fall kingdom fall fall fall fall kingdom fall,153,0.000501253,0.000501253,0.04732667,0.000501253,0.000501253,0.000501253,0.029994423,0.1844628749983372,0.055297168,0.058800657,0.000501253,0.000501253,0.2014027402478765,0.4070885335965296,0.010113148,sadness,0.028571429
13789,big pun,100% (feat. tony sunshine) (feat. tony sunshine),2000,pop,puerto rico pronto llegara suerte juro gente juro llegara stop know player hat puerto puro menudo studyin judo know things baguette inside ring want get badabing shyne like money sound like biggie fuck boogie city come pound grind pity watch sound pound round smack silly come know bouncin thugs tunnel salsa club matter chrome bladder splatter pissin plastic drag abnormal grab rambo motherfuckin stab night young fightin hidin promoter buggin screamin fuck invite bayamon live long party liquor fool cause stick somethin sharp heart somethin desert shottie body choose dumb nigga party bacardi start speakin dumb try snuff puerto rican hardcore years sophomore take years earn pair terror squad ball lose bone break pig bacon fry come like master ball twist recognize cockin auto canten coro think like beat digo acabado tierra borinquen donde nacido jardin florido magico primor cielo siempre nitido sirve dosel arrullos placidos olas pies puerto rico,150,0.000907441,0.102707497,0.088602226,0.036466777,0.000907441,0.000907441,0.000907441,0.047312766,0.6494734163266049,0.000907441,0.000907441,0.000907441,0.000907441,0.063640584,0.000907441,obscene,0.2857142857142857
49119,john lee hooker,the healer,1998,blues,lord lord blue healer world blue healer healer world world heal heal blue heal early morning heal blue heal yeah yeah heal heal heal heal lord lord lord lord lord look woman leave blue heal woman leave leave early morning blue heal heal heal yeah yeah lord lord lord lord lord lord lord lord blue blue healer blue blue heal healer heal heal heal heal heal heal heal world world healer night lay feel woman leave blue come heal heal heal heal heal blue heal heal healer heal heal healer blue healer blue healer world world lord lord lord blue healer world world lord lord lord lord lord heal heal heal heal heal heal heal heal heal heal,118,0.000487329,0.000487329,0.096183781,0.00048733,0.037538282,0.266443686,0.000487329,0.000487329,0.000487329,0.1748386403112818,0.000487329,0.000487329,0.000487329,0.4181729988320002,0.000487329,sadness,0.3142857142857143
44257,thin lizzy,sweet marie,1976,blues,sweet mean memory hold dearly dream plan hop future scheme sweet home heart heart home part feel twilight fall moon call sweet tell shell whisper sweet darkness go message darling sweet sweet lovers part start leave break hearted depart sweet sweet sweet sweet arizona long california felt thousand away home tonight go play boston know hell go write song think sweet mean sweet keep haunt sweet constantly sweet home heart heart home part feel,74,0.000862813,0.026578573,0.000862813,0.023484161,0.000862813,0.000862813,0.3406860037009013,0.072049853,0.000862813,0.2254301726694975,0.000862813,0.033349691,0.000862813,0.2008344394947832,0.068096165,romantic,0.6285714285714286
34087,jeff bates,i wanna make you cry,2003,country,long long hold long somebody breath away wanna turn make till lonely go dream life swear untill tear come pourin eye wanna tell want cause darlin believe fall hopelessly helplessly wanna turn make till lonely go dream life swear untill tear come pourin eye wanna swear untill tear come pourin eye wanna wanna,53,0.1010815072086757,0.001144165,0.1112496522385726,0.084435162,0.001144165,0.001144165,0.001144165,0.001144165,0.001144165,0.001144165,0.001144165,0.001144165,0.001144165,0.42317747,0.062631542,sadness,0.2428571428571428
21672,bobby bare,i don't believe i'll fall in love today,1963,country,believe fall today memories stand heart busy love believe fall today cause sure wouldn stay come like sure measure night pray heart mind hear poor heart believe fall today night pray believe fall today,34,0.001594896,0.001594896,0.3617096953229122,0.086366446,0.001594896,0.048695846,0.037320617,0.086861985,0.001594896,0.001594897,0.001594896,0.001594896,0.001594896,0.3583117573776923,0.001594896,world/life,0.8142857142857143
29180,gordon lightfoot,ghosts of cape horn,1988,country,cape horn ship line ship morn wish bear ghost cape horn deral riddle diddy sail away break ghost cape horn repair demons dance southern gales tattered sail tell tales come rustic dog follow bright southern cross round horn lose read letter oceans away take cape horn ship line ship morn wish bear ghost cape horn deral riddle diddy sail away break ghost cape horn come dog southampton penzance kinsale catch sailor dance mean read letter cry anchor aweigh take cape horn ship line ship morn wish bear ghost cape horn deral riddle diddy sail away break ghost cape horn,99,0.001012146,0.3259339310805127,0.001012146,0.001012146,0.001012146,0.001012146,0.001012146,0.001012146,0.001012146,0.050634803,0.001012146,0.1556010708020732,0.05091077,0.2562158250739841,0.001012146,violence,0.4571428571428571
7533,yoko ono,kiss kiss kiss,1980,pop,kiss kiss kiss kiss kiss kiss kiss kiss kiss kiss kiss kiss death life warm hearts cold dart kiss kiss kiss kiss bleed inside long long story tell hell touch touch touch touch touch touch touch touch touch touch touch touch break mirror white terror touch touch touch touch shake inside faint faint sound childhood ring soul kiss kiss kiss kiss kiss kiss,63,0.000892061,0.2016884301801492,0.000892061,0.000892061,0.000892061,0.000892061,0.738064334,0.000892061,0.000892061,0.027764361,0.000892061,0.000892061,0.019101965,0.000892061,0.000892061,romantic,0.5714285714285714
18130,partynextdoor,break from toronto,2013,pop,smile face make easy trust sauga feel like night time watch doin light shine drink niggas tryna talk strip club shawty silhouette look like dolla sign catch catch thats nigga bring bring blow ones loonie niggas straight bill toonie niggas niggas bigger bouncer roll bitch smell like ounce right quick right quick tight jeans feel shit tell good baby tell tell good shawty come bring hood baby bring bring hood sauga feel like night time bust open shawty light shine fuckin niggas know want break know want break toronto girl,90,0.048973434,0.00074129,0.00074129,0.06406699,0.00074129,0.00074129,0.00074129,0.00074129,0.5796230640430009,0.00074129,0.00074129,0.1005795404369359,0.00074129,0.00074129,0.059611615,obscene,0.1
66470,dispatch,douggie mayu's,2000,reggae,dispatch live mayu instrumental,4,0.026315789,0.02631579,0.5263157890131493,0.026315789,0.026315789,0.026315789,0.026315789,0.026315789,0.026315789,0.026315789,0.02631579,0.026315789,0.02631579,0.026315789,0.026315789,world/life,0.2857142857142857
17326,mac miller,frick park market,2011,pop,turkey sandwich lettuce tomato bitch miller fuck crew live uncle hipster girl hips stir pittsburgh smoke paper swisher welcome rellim chronicle look monocle dodge obstacles gamble like bellagio cockaroach heroin cause talk dope type leave clean fuck shiny word tryin mansion room money gonna green guarantee slide stay blue press play start scratch template losers goin whats trendy game motherfuckers see city champion everybody second string need testify testify best best anybody goin leave fee world legs numb plan look need market hold care starve bitch fee world legs numb plan look need market need market stickers literally different shoe feel need fresher pair motherfuckers treat like second year fool better prepare know bout rhyme deadly frick market kick garbage sick bar boss stick watch college campus chill write planet earth fuck bout hardest fuck say different time rhyme punxsutawney feel starter martyr kill get harder time write wish rewind night kickin goin fuckin know lonely girl friend shit suggest hold fee world legs numb plan look need market hold care starve bitch fee world legs numb plan look need market need market yeah blue slide,186,0.000487329,0.000487329,0.071509286,0.021946507,0.077814947,0.000487329,0.01974173,0.095167419,0.5198579857122612,0.057999362,0.000487329,0.000487329,0.013490592,0.000487329,0.000487329,obscene,0.1285714285714285
74166,dio,gypsy,1983,rock,straight hell tell cause blind light crack brain magic pain turn paler shade white free sail hear voice say choice hammer nail ridin ridin roll bone mind give rule fool need little ridin ridin queen straight hell tell cause blind light crack brain magic pain turn leave right right ridin ridin ridin queen mean,54,0.001196172,0.4726503955293495,0.001196172,0.001196172,0.001196172,0.024883807,0.001196172,0.2541070771721904,0.001196172,0.001196172,0.001196172,0.1714228161382532,0.03053346,0.001196172,0.001196172,violence,0.5285714285714286
23471,derek & the dominos,bell bottom blues,1970,country,blue want lose feel choose place arm want crawl floor want hear gladly want fade away want fade away heart want stay wrong right treat baby strong lose fight better loser want crawl floor want hear gladly want fade away want fade away heart want stay instrumental want crawl floor want hear gladly cause want fade away want fade away heart want stay blue goodbye sure gonna meet surprise lover want crawl floor want hear gladly cause want fade away want fade away heart want stay want fade away want fade away heart want stay want fade away want fade away heart want stay,104,0.015036868,0.061165325,0.000531632,0.000531632,0.000531632,0.000531632,0.035188588,0.000531632,0.000531632,0.056668526,0.000531632,0.000531632,0.000531632,0.4971463574477205,0.000531632,sadness,0.7142857142857143
76924,system of a down,war?,1998,rock,dark light fight prayers incantations run away trivial judgment deliverance sell bounty soul gentile priest victored seljuks holy land take fight heathens fight heathens fight heathens fight heathens riches land power bright darkness lead nobles east fight heathens fight heathens fight heathens fight heathens fight heathens fight heathens fight heathens fight heathens fight heathens bright darkness beliefs bullets wicked write sword enter room destroy destroy destroy international security righteous need reason kill history teach reason attain approve child partisan brother speak anymore speak anymore speak anymore speak anymore fight heathens fight heathens fight heathens fight heathens fight heathens fight heathens fight heathens fight heathens,104,0.000956938,0.7130383803608557,0.000956938,0.000956938,0.000956938,0.000956938,0.000956938,0.083711974,0.000956938,0.000956938,0.000956938,0.083732702,0.087086016,0.019033797,0.000956938,violence,0.3142857142857143
22193,sonny boy williamson ii,bring it on home,1965,country,baby baby gonna bring home buy ticket load conductor holler aboard seat ride watch train track baby baby gonna bring home think good time soul heart think life comin home goin home gonna bring home gonna bring home gonna bring home gonna bring home bring home,46,0.1144997634170394,0.00122399,0.038047712,0.00122399,0.00122399,0.00122399,0.00122399,0.00122399,0.1132783714953254,0.3430854302527905,0.1442658888226642,0.00122399,0.00122399,0.031852102,0.00122399,music,0.7857142857142857
55261,oscar peterson,remember,1960,jazz,little kiss moment hours deep regret little smile long forget little heartache leave token little plaything carelessly break remember night night say remember remember vow star remember remember lonely spot learn care promise forget forget remember,36,0.001644737,0.001644737,0.470974523,0.1050405097596878,0.001644737,0.159431123,0.047001605,0.001644737,0.035225185,0.001644737,0.001644737,0.001644737,0.001644737,0.1609454752097243,0.001644737,world/life,0.8571428571428571
54289,jamie n commons,heartbreak,2019,blues,wed sure probably tell ask friends invite send dress stand tent know take long dream heartbreak heartbreak arrow heartbreak heartbreak older know heartbreak heartbreak yeah try years try years waste years waste tear waste tear cause cry shoulder time ways fault know wait long dream heartbreak heartbreak arrow heartbreak heartbreak older know heartbreak heartbreak yeah try years try years whoa make stronger whoa think heartbreak heartbreak arrow heartbreak heartbreak older know heartbreak heartbreak yeah try years try years try years try years try years,84,0.00093985,0.00093985,0.3065992730861322,0.088132465,0.093012335,0.00093985,0.00093985,0.3649942359928961,0.00093985,0.00093985,0.030195713,0.00093985,0.019100862,0.08668692,0.00093985,world/life,0.014285714
31093,dwight yoakam,a thousand miles from nowhere,1993,country,thousand time matter cause thousand place want heartaches pocket echo head hear cruel cruel things say bruise memory tear stain hand mirror vision thousand thousand,25,0.002770083,0.3319626714743589,0.2997026050923764,0.002770083,0.002770083,0.002770083,0.002770083,0.002770083,0.002770083,0.002770083,0.1402279131086724,0.002770083,0.002770083,0.1172056942718069,0.002770083,violence,0.3857142857142857
40539,ruth brown,why don't you do right,1959,blues,plenty money women fool right like money sittin wonderin money right like money prepare years wouldn wanderin door door right like money fell jivin take offer drink right like money right like like,33,0.001879699,0.001879699,0.001879699,0.1344565414799838,0.001879699,0.001879699,0.001879699,0.001879699,0.3655030460411355,0.001879699,0.3248894207294084,0.001879699,0.001879699,0.001879699,0.001879699,obscene,0.8714285714285714
80821,weezer,everybody wants to rule the world,2019,rock,welcome life turn sleep act best behavior turn mother nature everybody want rule world design remorse help decide help freedom pleasure last forever everybody want rule world room light hold hand wall come tumble right fade everybody want rule world stand indecision marry lack vision everybody want rule world need headline believe everybody want rule world freedom pleasure last forever everybody want rule world,64,0.001074114,0.061337549,0.4210753386027581,0.001074114,0.1617324355723036,0.001074114,0.001074114,0.001074114,0.001074114,0.001074114,0.001074114,0.101422335,0.1105266856061405,0.001074114,0.001074114,world/life,0.014285714
80733,breaking benjamin,blood,2018,rock,endless word sick tire hat break sick fuck tire fall regret run away come apart awake blood fall lyric commercial,20,0.002770083,0.3524068089689176,0.002770083,0.002770083,0.002770083,0.002770083,0.002770083,0.002770083,0.066458131,0.002770083,0.002770083,0.002770083,0.002770083,0.3930199849158646,0.002770083,sadness,0.028571429
29322,mel mcdaniel,real good feel good song,1988,country,mornin goin right spend night fussin fightin wife bill mailbox know leave work cars tow away need real good feel good song make feel alright go wrong make feet make sing need real good feel good song friend workin hard savin like steal away chase street gang finally phone call police hold need real good feel good song make feel alright go wrong make feet make sing need real good feel good song music charm savage beast believe true history blue drum beat horn blow know work children wall jericho bring house real good feel good song make feel alright go wrong make feet make sing need real good feel good song real good feel good song make feel alright go wrong make feet make sing need real good feel good song need real good feel good song,138,0.000427899,0.000427899,0.000427899,0.000427899,0.064459716,0.039257197,0.013365115,0.039535395,0.000427899,0.1781247838083488,0.092626695,0.000427899,0.008778751,0.015768016,0.4194452595278982,feelings,0.4571428571428571
18561,vance joy,fire and the flood,2014,pop,walk neighborhood light cold stand get wake get wake flood feel blood fine head rest flood feel lightness step away feel late night fall asleep lie right count sheep flood feel blood fine head rest flood listen say know know know flood feel blood fine head rest flood,48,0.001349528,0.3974625899136251,0.001349528,0.2075925455522928,0.001349528,0.001349528,0.001349528,0.141146767,0.001349528,0.001349528,0.001349528,0.001349528,0.001349528,0.063577769,0.1713269405294912,violence,0.085714286
27474,america,inspector mills,1982,country,inspector mill like tell bout girl party night hill inspector mill long watch feel grow strong will inspector mill attempt point direction walk door take time stand inspector mill recall life felt close door walk away inspector mill attempt hurt need company search valleys hill gotta mill attempt point direction frighten look eye take time sit inspector mill someday soon inspector mill guess take look guess felt need crowd go good inspector mill crime fool like time cause wanna send inspector mill inspector mill attempt point direction walk door take time lie inspector mill inspector attempt point direction blind look eye follow wouldn call,104,0.000822368,0.1629413409669132,0.035212861,0.09268,0.000822369,0.000822368,0.000822368,0.1482697146513739,0.086839185,0.000822368,0.000822368,0.000822368,0.000822369,0.3272278170207693,0.047268215,sadness,0.5428571428571428
11927,salt-n-pepa,whatta man (feat. en vogue),1993,pop,blow mind feat stefani minaj moment life feat work thing edit crush feat cease remix foxy feat lyte ruffneck saltnpepa shoop monie shame sister feat true image queen latifah unity brat funkdafied khia neck gangsta dollas feat juicy shawnna gettin pull freak lyte cold party queen party party tonight feat brat leave misdemeanor martinez remix feat leave lop saltnpepa whatta feat vogue foxy yeah feat spragga benz gangsta lovin feat key brat like feat tyrese lighter lose ones lady rage afro puff conceited girl queen latifah ladies feat monie yoyo play yoyo feat cube saltnpepa push rain supa dupa shante revenge rerecorded minaj feat whatcha wanna foxy home feat blackstreet feel good feat neyo bahamadia uknowhowwedu digga break fool original version ching ching feat furtado charli baltimore stand feature ghostface killah momma thang clock kdef remix feat nonchalant,138,0.069038551,0.001253133,0.080404165,0.066027425,0.02544236,0.065260928,0.001253133,0.001253133,0.3151785640118805,0.001253133,0.001253133,0.001253133,0.001253133,0.1365573926458072,0.034453634,obscene,0.3857142857142857
34165,my morning jacket,mahgeeta,2003,country,sit wrap bottle wine little gonna ready lady wait boat wait long whoa bang bang go night wrap firelight listen slow ready lady wait boat wait long whoa feel know shiver deliver know ready lady wait boat wait long whoa mahgeetah mahgeetah mahgeetah mahgeetah mahgeetah mahgeetah,46,0.1111039216399253,0.001594896,0.001594896,0.4477370989949468,0.1168049736123117,0.028224619,0.067958519,0.001594897,0.001594896,0.001594896,0.1223482335564975,0.001594896,0.001594896,0.001594896,0.055258026,night/time,0.2428571428571428
3892,dusty springfield,son of a preacher man,1969,pop,billyray preacher daddy visit come gather round start talkin walkin athrough backyard walkin look eye lord know surprise reach preacher teach preacher good easy matter hard start sweettalkin lyric commercial,30,0.002392345,0.002392345,0.002392345,0.002392345,0.002392345,0.1485869850823113,0.002392345,0.097909819,0.3886872611317601,0.002392345,0.002392345,0.1479659655156926,0.002392345,0.002392345,0.033956331,obscene,0.7285714285714285
50290,heartless bastards,the will song,2004,blues,wanna movin hang wire lose reception fade spire silence come crashin nothin leave sound listen certain innuendos hard listen certain innuendos hard things remember reflection things remember move move,29,0.002631579,0.002631579,0.3110600915160541,0.002631579,0.002631579,0.002631579,0.002631579,0.002631579,0.077309699,0.2208477893001715,0.002631579,0.002631579,0.002631579,0.1658049135876113,0.002631579,world/life,0.2285714285714285
30006,the highwaymen,songs that make a difference,1990,country,babe remember nineteen sixtynine gather round room sing sing take turn guitar center seat couple street cry side sing songs difference everybody know special night nash nervous seat light south total magic walk shoe orbison rabbitt cry rock country blue newbury sing songs difference pregnant live drive nail drive truck sleep beneath bridge streets luck stand cold hunger hear songs everybody write bum sing heart earth sing songs difference money heart earth sing songs difference money,76,0.022018287,0.000907441,0.000907441,0.000907441,0.000907441,0.000907441,0.000907441,0.000907441,0.000907441,0.3192467897546708,0.4119259915477349,0.1190370289422807,0.034120801,0.081854368,0.000907441,music,0.4285714285714285
53109,the california honeydrops,long way,2015,blues,soul bear battle heart build eye lie fill disgust strip utopian rhetoric sickness core septic carcass rot fill disgust dead live head guilty guilty fuck fill disgust believe lie fee choose right obey pray time history game agendas wipe fuck away thing different shade truth black white fill disgust noose lie world keep turn swing world keep turn turn keep turn cause believe lie fee bear battle choose right obey build soul bear battle heart build build fuck heart build swing swing swing swing swing swing swing swing swing swing swing swing swing swing swing motherfuckers build build fuck,99,0.000692521,0.3412759299175578,0.1512815493928242,0.000692521,0.000692521,0.000692521,0.000692521,0.000692521,0.125591428,0.2261574010242648,0.000692521,0.000692521,0.032042716,0.1146482054522508,0.000692521,violence,0.071428571
8473,oingo boingo,sweat,1983,pop,sweat bear trouble poise action ready spring moment notice nerve like trigger wait pull cover sweat nice sweat help burn heart sleep concentrate cold drip sweat nice sweat rivers run make slippery like fish stop drown fall dead cover sweat cool boys dust couldn pressure cool girls knock want fell suffer pick gun hammer friction heat heat desire make sweat sweat baby saturday night right close door little room start sweat start soon sweat principal catch school give hell call fool point finger face start sweat place flow like rivers floor sweat break land dodge bullets sand enemy get close beat neck finger twichin cover sweat cover sweat cool boys dust couldn pressure cool girls knock want fell suffer pick gun hammer friction heat heat desire make,127,0.011179117,0.3170572292090127,0.000515996,0.040573163,0.000515996,0.009981189,0.000515996,0.000515996,0.000515996,0.013391933,0.1626453934345617,0.000515996,0.015506188,0.1029615190790313,0.000515996,violence,0.5285714285714286
70077,jada kingdom,wasteman,2018,reggae,time waste punany good wasteman level real ready matter fact time time waste punany good wasteman level real ready matter fact time know whofa pocket nuff cuff kruff mean waste usher wukliss bruck stop follow push luck ease outta space bare fuckery chat ears respect need help save know shout time waste punany good wasteman level real ready matter fact time time waste punany good wasteman level real ready matter fact time real like stress bomboclaat test batta ears wife date owna drive crazy cause level likkle yute better enuh money nuff enuh step aside comfortable time waste punany good wasteman level real ready matter fact time time waste punany good wasteman level real ready matter fact time like want like want money like want money away gweh time waste pssy good wasteman level real ready matter fact time time waste punany good wasteman level real ready matter fact time,150,0.000531632,0.000531632,0.071627097,0.4044779744907074,0.000531632,0.000531632,0.000531632,0.000531632,0.3070535088939196,0.000531632,0.000531632,0.000531632,0.000531632,0.000531632,0.1601638505252781,night/time,0.028571429
37628,whiskey myers,colloquy,2014,country,walk memory pierce stare tear rain eye life leave vein tell mind mind thank time spare cause know leavin leave smile misleadin eye cause hold cause young walkin avenue understand fixin lose tear moment fear come creepin tell father wouldn bother mind lose time swear life true cause know leavin leave smile misleadin eye cause hold cause know leavin leave smile misleadin eye cause hold,65,0.000993049,0.000993049,0.1302488323030559,0.000993049,0.000993049,0.000993049,0.059192316,0.3041763438133628,0.029409988,0.000993049,0.000993049,0.000993049,0.040012122,0.3964531162190077,0.000993049,sadness,0.085714286
8698,violent femmes,blister in the sun,1983,pop,walk strut stuff yeah string high kite stop check like blister hand know body beat stain sheet know girlfriend start like blister hand know walk strut stuff yeah string high kite stop check walk strut stuff yeah string high kite stop check body beat stain sheet know girlfriend start walk strut stuff yeah string high kite stop check like blister hand know,62,0.001144165,0.001144165,0.001144165,0.001144165,0.1003207562674854,0.001144165,0.001144165,0.001144165,0.4424722647394267,0.001144165,0.3651177858388111,0.001144165,0.001144165,0.001144165,0.001144165,obscene,0.5285714285714286
56389,frank zappa,directly from my heart to you,1970,jazz,penniman direct directly heart direct directly heart know feel blue pray away pray away yeah away need baby need baby need need need love little darlin hide,27,0.1441958234002612,0.00228833,0.00228833,0.00228833,0.2656292354158073,0.1056245008460486,0.055693129,0.00228833,0.00228833,0.047683195,0.00228833,0.00228833,0.00228833,0.3514258326779289,0.00228833,sadness,0.7142857142857143
68530,bumpin uglies,instead,2011,reggae,single tear instead pint blood spread bar knees weak see star resolve gonna embrace things guitar frost glass best remember good time forget fuck mess fault forget reminisce inbetween felt like dream awake warn friends begin include tomorrow tomorrow want know wouldn trade single moment money world deeper oceans eye beautiful cloud ask song good forget right time tie fault forget reminisce inbetween felt like dream awake warn friends begin include say fault forget reminisce inbetween felt like dream awake warn friends begin motherfucking,84,0.000809717,0.1731270781608223,0.329626688,0.000809717,0.000809717,0.000809717,0.000809717,0.1598322955148024,0.047647448,0.038022285,0.000809717,0.104085736,0.000809717,0.000809717,0.03596026,world/life,0.1285714285714285
59835,maze,we are one,1998,jazz,understand treat take time silly silly game play matter say matter feel know things feel have start deep heart understand treat take time silly silly game play play matter say away,31,0.001879699,0.001879699,0.001879699,0.001879699,0.001879699,0.001879699,0.001879699,0.6312097943838477,0.001879699,0.001879699,0.001879699,0.001879699,0.001879699,0.3368353171381819,0.0018797,sadness,0.3142857142857143
8906,everything but the girl,tender blue,1984,pop,lie awake night restless silence scream sleep turn wall fear onslaught dream touch stir round hand finger close feel ring cost question arise lie awake night silently star bedroom wall feel hand dare touch month start paint brightly burn land light baby scream shut eye shut ears cause baby,49,0.071340532,0.4482944056627662,0.001349528,0.001349528,0.001349528,0.001349528,0.001349528,0.001349528,0.001349528,0.001349528,0.001349528,0.4168541846143732,0.001349528,0.001349528,0.043267961,violence,0.5142857142857142
70722,elvis presley,put the blame on me,1961,rock,wrong long arm strong blame blame felt good hold tight couldn stop kiss goodnight tell heave right blame blame feel deep inside real hide ahead proud blame talk bother blame blame,31,0.001814882,0.001814882,0.001814882,0.062885757,0.001814882,0.001814882,0.1398194506466989,0.234098316,0.001814882,0.001814882,0.001814882,0.001814882,0.001814882,0.3643012602686216,0.1383632650050802,sadness,0.8428571428571429
25292,jerry jeff walker,public domain,1975,country,livingstongary nunn iron texas hold tennessee foot door california store ears concern song sound familiar concern concern policies kill public domain take bite apple dabble forbid fruit promise point slip skinny joint loot highheeled gucci shoe concern song sound familiar concern concern policies kill public domain sing river valley drink whore santa yeah snuff queen like snow white break vow demolay concern song sound familiar concern concern policies kill public domain make sense rain,74,0.001644737,0.4056593480783236,0.001644737,0.001644737,0.032903793,0.001644737,0.037914706,0.001644737,0.001644737,0.2856964714426736,0.1811220262985779,0.001644737,0.001644737,0.001644737,0.001644737,violence,0.6428571428571429
65770,the grace thrillers,around god's throne,1995,reggae,night close hymn perverse purposeless haunt ears guide step lightless valley eye deceive nature chaos cacophony shroud smoke altars heap stillborn carcasses molech nostrils fill hades bloodlust thrill creatures worship flesh sacrifice souls death mind slave feeble heart deception sculptor destruction devolution name progress fall deprave crown villainy power justice evade midwife hand outstretched gaia travail bring forth finalborn blood wrath misery long afterbirth turmoils fulfil weep amidst agony blood souls forever spill thousand time almighty stay hand dragon muster darken star assault throne poison wellspring life turn curse quench source annihilation beauty veil revilers deceivers kneel kiss edge sword soul calm fear morning hide face near rest heart know night dark daylight deny close hand,116,0.001196172,0.3980900195689937,0.001196172,0.1156904541253229,0.001196172,0.001196172,0.1551808767475857,0.001196172,0.001196172,0.001196172,0.001196172,0.1932368216945116,0.001196172,0.091879424,0.001196172,violence,0.3571428571428571
60325,georg levin,(i got) somebody new,2002,jazz,somebody different view somebody different view reminisce think thing miss reminisce turn like right outside door right outside door somebody different view somebody different view reminisce think thing miss reminisce turn like right outside door right outside door right outside door right outside door oooh somebody somebody somebody somebody somebody forever somebody forever somebody forever somebody forever somebody forever somebody forever somebody forever,63,0.000892061,0.000892061,0.000892061,0.087348836,0.000892061,0.000892061,0.000892061,0.1657044342819859,0.000892061,0.000892061,0.2552396175703534,0.000892061,0.000892061,0.000892061,0.3110551005383585,feelings,0.2571428571428571
75449,anthrax,keep it in the family,1990,rock,mankind public enemy speak mind public enemy go act blind search answer action reaction retraction head blue face state think shout understand hell go imagine things go separatists want state state state unconsciousness retribution solution constitution discrimination nation rain hatred yell schism rebel yell hear yell refuse live hell fear truth family live life family real world outside door family longest fall family tell think right black niggers jews kikes expect take seriously action curiously juvenile emulate hate know feel cause daddy hat hat ability reason like tire go flat family family act pure cold hatred cause race colour face different frustrations take violent nature hate hate kill fate street police state hell hate hate hate hate hate hate hate hate hate hate gonna stand gonna yell rebel truth family live life family real world outside door family longest fall family thing fear family truth hear family real world outside door family longest fall family family family family,158,0.000482859,0.5089381404510669,0.1308094802055509,0.000482859,0.000482859,0.1546956242224878,0.000482859,0.075081156,0.000482859,0.012531779,0.000482859,0.000482859,0.000482859,0.000482859,0.07150802,violence,0.4285714285714285
19201,rihanna,needed me,2016,pop,mustard beat good good fade fuck fade shit fuck complain feel jade shit kickin baby twist nigga list tryna inner issue bitch tell savage fuck white horse carriage imagine tell need oooh need feel little little know hate confess baby need shit light roll break like pound shit shit real real feel feel shit kickin baby twist nigga list tryna inner issue bitch tell savage fuck white horse carriage imagine tell need oooh need feel little little know hate confess baby need,82,0.1030671403409465,0.000862813,0.000862813,0.000862813,0.083985324,0.070348526,0.000862813,0.000862813,0.5556283375180372,0.000862813,0.046900975,0.000862813,0.000862813,0.000862813,0.1288531312978748,obscene,0.057142857
25758,merle haggard,got a letter from my kid today,1977,country,letter today read line lose remember daddy letter go excite daddy dear little wash brush tell daddy puppy picture think look like lonely letter today make kinda blue know exactly feel cause mighty lonely,34,0.001754386,0.001754386,0.090197943,0.035388433,0.001754386,0.14396694,0.001754386,0.1568810592779546,0.001754386,0.3013620230289505,0.001754386,0.001754386,0.034662629,0.001754386,0.049712244,music,0.6142857142857143
56265,minnie riperton,expecting,1970,jazz,think year sixteen sixteen take thoughts reflect expect muse autumn dream dream make mind expect expect certain like scheme scheme wait woods expect expect,24,0.004784689,0.004784689,0.5963122182051118,0.176852117,0.004784689,0.004784689,0.004784689,0.004784689,0.004784689,0.004784689,0.004784689,0.004784689,0.004784689,0.004784689,0.004784689,world/life,0.7142857142857143
25045,linda ronstadt,i will always love you,1975,country,stay know think step bittersweet memories take goodbye know need,10,0.005263158,0.005263158,0.005263158,0.005263158,0.005263159,0.005263158,0.1175498815298452,0.4110610688206664,0.005263158,0.005263158,0.005263158,0.005263158,0.005263158,0.3004034005043349,0.005263158,sadness,0.6428571428571429
63738,gregory isaacs,salary is thin (the sun shines for me),1976,reggae,yeahh shin cause know rain fall salary realize start dubbb shin cause know rain fall salary earn realize start yeahh shin cause know rain fall salary earn realize start,29,0.002392345,0.002392345,0.002392345,0.002392345,0.002392345,0.002392345,0.002392345,0.2545834399346231,0.002392345,0.002392345,0.002392345,0.16548417,0.002392344,0.3975933885024701,0.002392345,sadness,0.6285714285714286
19844,ayokay,stay with me,2018,pop,slowly show heart overflow leave barely breathe feel like yesterday tell leave feel come saturday wonder home stay stay vacay away honest okay stay stay place hotel room memories honest stay wander stay stay stay stay wonder leave stay stay stay yeah stay stay stay stay yeah lately fade say wanna leave summer turn cold bend break sick write letter start let stay stay vacay away honest okay stay stay place hotel room memories honest stay wander stay stay stay stay wonder leave stay stay stay yeah stay stay stay vacay stay away honest okay stay stay stay place stay hotel room memories honest stay yeah,106,0.000591366,0.017987935,0.000591366,0.000591366,0.051699115,0.000591366,0.000591366,0.000591366,0.000591366,0.056758315,0.000591366,0.000591366,0.000591366,0.8529765728994596,0.000591366,sadness,0.028571429
60244,the meters,down by the river,2001,jazz,reason hide madness sorrow impossible today oohooh drag rainbow send away river shoot baby river dead shoot dead hand hand away,21,0.058542793,0.4425750399059141,0.1249791247367921,0.002923977,0.002923977,0.002923977,0.002923977,0.002923977,0.002923977,0.002923977,0.002923977,0.002923977,0.047754431,0.1733011847246472,0.002923977,violence,0.2714285714285714
81608,de leve,méxico,2013,hip hop,feat club know dream believe think promise rome tropez mexico baby favor trust trust past time cuss stand swearin like judge evers know mean see debit green natti come chasin dream like free corevette sweet streets wreck lyric commercial,39,0.068984231,0.002024292,0.3734620726721505,0.002024292,0.002024292,0.002024292,0.048971674,0.1511737003608173,0.2067994295200638,0.002024292,0.002024292,0.002024292,0.044261589,0.002024292,0.002024292,world/life,0.1
45456,the action,in my lonely room,1981,blues,single time flirt criticize sinful things cause afraid lose lonely room tear hide cause lock door right lonely room tear hide cause lock door right place people whisper flirt ways hurt hear publics push hurt inside pretend mind lonely room tear hide lonely room tear hide lonely room right lonely room lock door right push pride aside right,58,0.000993049,0.000993049,0.036333014,0.1583758430466082,0.000993049,0.000993049,0.000993049,0.000993049,0.000993049,0.000993049,0.000993049,0.000993049,0.018855297,0.7715401147798362,0.000993049,sadness,0.5571428571428572
67797,i wayne,book of life,2007,reggae,book life book life water life look life animal bout cook spice yutes true true true nasty scorn wicked look life icepick knife stab jook life dash look life wing heaven look worship image iwayne yadding life pilgrimage rastafari neva wrong fall sillyness idleness life privillege villages live life praise infinite stag stoop wag babylon slaveries separate woman lock cage sodomy baby birth control abortion ladies age book life page babylon smear tear sodomy pharoah slew spear need near eyesights chrstal clear hear tree fruit children share yutes need care clothe wear steer house money flare live fear squattas kruff treat rough children starve time perilous pagans bus gluttonous crave talk bout money religion prosporous problem thats birth pagans cross gadgets trap vanity go stray haile celassie shoot couldn kill life patriots defeat care weapon facety chat money stop likkle sister brother breath chop father mother neck search search nazareth yahshua book life outro whateva true true true book life book life book life,164,0.015119067,0.1381608982416578,0.5086004269949741,0.000619195,0.000619195,0.04141088,0.000619195,0.000619195,0.1352477024474353,0.000619195,0.000619195,0.000619195,0.1011452541136501,0.000619195,0.000619195,world/life,0.1857142857142857
59768,the ink spots,i'll never smile again,1998,jazz,smile smile laugh good tear eye heart realize romance thrill somebody heart know start smile smile smile darling smile laugh good tear eye heart realize romance child thrill somebody heart know start smile smile,34,0.001503759,0.001503759,0.001503759,0.001503759,0.001503759,0.001503759,0.2257467251934567,0.00150376,0.001503759,0.001503759,0.001503759,0.001503759,0.00150376,0.6309635913605807,0.1192295321842812,sadness,0.3142857142857143
57294,"earth, wind & fire",i'll write a song for you,1977,jazz,thirst quench know consequence feel spin tell stop open music book look write song symphony hearts cause write song sound dissipate recreate place silent night song delight cause write song write song write song magical mystique find complete lovely face feel memories erase stay forever magic lock cause write song write song write song write song baby write song magic write song write write song sound dissipate recreate place time write song write song baby spin write song write song write song,82,0.036819814,0.000773994,0.000773994,0.000773994,0.000773994,0.000773994,0.000773994,0.038643826,0.000773994,0.6432082655099375,0.000773994,0.1052873136544043,0.000773994,0.1235507220285979,0.000773994,music,0.6142857142857143
76893,blind guardian,mirror mirror,1998,rock,island dwell shade twilight dread weary days grief endless pain lie unknown land hide gate save fall lord water speak silence word wisdom see aware get closer mirror mirror wall true lie coast damn kind wind change mirror mirror wall true lie coast damn kind tomorrow bear insanity go wisdom thousand years world chain fear lead place deep lie secret vision better safe shall leave friends hide twilight know world lose sure turn days cheerful laughter lose barren land catch run flame shall leave lose road time get short follow leader task clearly path dark mirror mirror wall true lie coast damn kind wind change mirror mirror wall true lie coast damn kind wind change calm bitter matter time shall dare dragon merciless poison hearts hearts shall leave lose road time get short follow leader task clearly path dark mirror mirror wall true lie coast damn kind wind change mirror mirror wall true lie coast damn kind wind change,159,0.000431406,0.4466986215095159,0.3173214323699081,0.000431406,0.000431406,0.008793364,0.000431406,0.061693384,0.000431406,0.000431406,0.000431406,0.089591383,0.070293532,0.000431406,0.000431406,violence,0.3142857142857143
73911,judas priest,prisoner of your eyes,1982,rock,face prisoner eye stay know time wonder go pull earth hear cry arm tell try blind deceive come capture prisoner eye trap time leave prisoner eye go give completely lock inside heart throw away time tell live future free hear cry arm tell try blind deceive come capture prisoner eye trap time leave prisoner eye heartache start stop heartbreak little time help kill pain hear cry arm tell try blind deceive come capture prisoner eye trap time leave prisoner eye blind decieves come capture prisoner eye trap time leave prisoner eye blind decieves come capture prisoner eye trap time leave prisoner eye,102,0.047249656,0.1645018444515787,0.000711238,0.094190347,0.000711238,0.019718603,0.000711238,0.1207193750169131,0.000711238,0.000711238,0.000711238,0.000711238,0.027923021,0.5034820839023939,0.000711238,sadness,0.5428571428571428
18771,somo,make up sex,2015,pop,work sweat twerk sweat tire wire fight thing tonight final battle cause girl hungover start gotta naughty connect body know knee start start start shoot start start start start work sweat twerk sweat start shoot start start start start work sweat twerk sweat lose sight want need run know cause girl hungover start gotta naughty connect body know knee start start start shoot start start start start work sweat twerk sweat start shoot start start start start work sweat twerk sweat start start start start shoot start start start start work sweat twerk sweat start shoot start start start start work sweat twerk sweat,104,0.000604961,0.000604961,0.000604961,0.047429678,0.000604961,0.017966878,0.000604961,0.000604961,0.7594213815307098,0.000604961,0.000604961,0.000604961,0.000604961,0.043321895,0.000604961,obscene,0.071428571
79299,jon bellion,2 rocking chairs,2013,rock,yeah build hand carve build hand rock chair leave fall rain dry snow melt fame die word simply grow come walk seat porch young girl young girl yeah build hand carve build hand rock chair watch time life eye word simply grow come walk seat porch young girl young girl yeah build hand carve build hand rock chair,58,0.001144165,0.3643973854601495,0.042618558,0.001144165,0.066367918,0.001144165,0.001144165,0.001144165,0.001144165,0.001144165,0.1439573602626397,0.001144165,0.244170703,0.001144165,0.001144165,violence,0.1
49992,robert cray,survivor,2003,blues,trouble time care life party know today cause everybody stand survivor survivor survivor choose wanna survivor survivor survivor yeah choose learn live know time tell turn life hell good days waste time little schoolboy teach hate send desert near kuwait change world understand today cause forever yeah stand survivor survivor survivor choose wana survivor choose wanna survivor choose today survivor turn life hell change understand hmmm hmmmm oughta,68,0.001052632,0.077175289,0.5730173195386727,0.001052632,0.065527016,0.023963634,0.001052632,0.099147433,0.038299169,0.001052632,0.001052632,0.001052632,0.038393234,0.001052632,0.020721085,world/life,0.2428571428571428
18032,jeff williams,red like roses,2013,pop,like roses fill dream bring place rest white cold yearn burden test black beast descend shadow yellow beauty burn gold,20,0.003759399,0.33754037,0.003759399,0.003759399,0.003759399,0.003759399,0.003759399,0.003759399,0.003759399,0.003759399,0.003759399,0.598549854,0.003759399,0.003759399,0.003759399,violence,0.1
60436,sikth,peep show,2003,jazz,inquisitive mind tune world curiously observe intrigue close detail awareness help feel alive watch watch voice confident proud chant opinions stick verbal crusade rant invent position witness want glorify misperception sound voice talk eternity watcher run circle debate achieve head think understand ears grow tire listen constant recital lend suit cause cause fee elevation desperately desperately word preach think sit comfortably land distant watch entertainment voice confidence proud admit flaw opinions bind verbal crusade preach invent position tone deceive unfamiliar glorify misperception sound voice talk eternity watcher run circle debate achieve,91,0.001283697,0.3569153135379181,0.001283697,0.001283697,0.001283697,0.001283697,0.001283697,0.3098901811955353,0.001283697,0.1016911097079046,0.001283697,0.119821779,0.093709856,0.001283697,0.001283697,violence,0.2428571428571428
68130,groundation,here i am,2009,reggae,vengeance grow feet tonight sell buy hundreds tonight fight like caveman tonight take scatter dream seven seas great sole rain heavy want vengeance grow feet tonight take head lock away hopeless great flow crush dream flee want talk vengeance move cover thoughts head unity away hand fate turn mistake walk away cause satisfy put trouble great divide vengeance move cover thoughts head unity start kill freedom fight little battle away face like babel tower vision,75,0.000923361,0.356377333,0.000923361,0.095128181,0.000923361,0.041559066,0.000923361,0.000923361,0.000923361,0.000923361,0.048652054,0.000923361,0.1281759138147652,0.1814407648092839,0.000923361,violence,0.1571428571428571
70189,shenseea,pon mi,2018,reggae,pussy tight pussy clean pussy fresh pussy pretty pussy flesh juice strain chru panty mesh hole dead like dung meadowrest fling right bwoy ketch leave pump like cardiac arrest skin skin negative aid test baby bear miracle pussy bless bawl cock gimi hatta peppery cayenne bawl leggo pressure hand knees pussy wetta wave tsunami gimi pressure lock cocky like doctor docket drop middle like sentence bracket flow flow hydrostatics gimi hood chop money bus like rocket pusey profit like leaf suck likkla atatatamic wine exotic ting stomach vibrate like body electricity shock bawl cock gimi hatta paprika bawl leggo pressure hand knees pussy wetta wave tsunami gimme pressure hand knees pussy wetta wave tsunami gimme pressure hand knees pussy wetta wave tsunami gimme pressure pussy tight pussy clean pussy fresh pussy pretty pussy flesh,134,0.02827446,0.3501765113616448,0.001196172,0.001196172,0.001196172,0.001196172,0.086500869,0.001196172,0.060619876,0.001196172,0.001196172,0.001196172,0.047324481,0.001196172,0.001196172,violence,0.028571429
40708,ella fitzgerald,love walked in,1959,blues,walk right drive shadow away walk right bring sunniest magic moment heart know say hello word speak look forget gloom past look future look world completely walk,27,0.002105263,0.002105263,0.188245274,0.063127527,0.002105263,0.002105263,0.002105263,0.1494723598424736,0.002105263,0.002105263,0.002105263,0.092137624,0.033628053,0.3005895760764646,0.002105263,sadness,0.8714285714285714
70456,carl perkins,sure to fall,1957,rock,sure fall fall sure fall sweet near sure fall hold tight tonight night darling love natural thing want rest life hold tight tonight night darling love natural thing want rest life,31,0.001754386,0.001754386,0.1595100773079643,0.1246464814985327,0.001754386,0.001754386,0.3555044197153277,0.1310565800534097,0.001754386,0.001754386,0.001754386,0.001754386,0.001754386,0.1373359256356033,0.001754386,romantic,0.9
24795,jerry garcia,that's a touch i like,1974,country,wake daybreak okay brain ache hours work paydays forge sculptor tempo disorderly neck sound clean headphones remember standards higher airplane tolerance lower desert water days dream awake feel little catch like leaf rake okay long best work better worst bite cause metal word sever nerve like chain household change edit think version word different person cause commercial deterrent like circus think join thank work work sense weaknesses sense bring death leech bring life deadlines ahead thread bring capsulate measure submentally reach point arrival look trust look result passion fault fact sleep plasic break enter inkdeprived world artist wear ring eye cold arm afford harm opportunity legacies live touch punch clock morphasize life organize wish visualize move loosely beat morning complete bitch work sequence turn stone grind leaflets dirt work work sense weaknesses sense bring death leech bring life deadlines ahead thread bring capsulate measure submentally sense weaknesses sense bring death leech bring life deadlines ahead thread bring capsulate measure submentally,160,0.00055991,0.3044646347063524,0.2325513487993376,0.00055991,0.00055991,0.084379561,0.015553295,0.00055991,0.1138305711863038,0.078027471,0.00055991,0.040070059,0.00055991,0.00055991,0.00055991,violence,0.6571428571428571
72924,queen,jealousy,1978,rock,wrong fall mistake know jealousy look jealousy give warn take surprise jealousy couldn lose couldn fail suspicion trail jealousy wasn hurt pride leave jealousy strong matter heart life short away tear jealousy trip jealousy bring bring sorrow cause pain jealousy hold possessive mind turn jealous kind jealousy wasn hurt pride leave jealousy matter live cause leave jealousy,57,0.001253133,0.001253133,0.2258921645768538,0.001253133,0.001253133,0.001253133,0.001253133,0.2556141347678897,0.001253133,0.001253133,0.001253133,0.001253133,0.001253133,0.4984435747983451,0.001253133,sadness,0.6
39847,dinah washington,alone together,1955,blues,crowd world proud cling strong long blind rain starless night vain fear deep great weather great unknown,17,0.003759398,0.3152266982036081,0.003759399,0.1538920128784723,0.003759398,0.003759399,0.003759399,0.003759399,0.003759399,0.003759399,0.003759399,0.003759399,0.3356279980794786,0.003759399,0.003759399,violence,0.9285714285714286
65565,ballyhoo,man on the moon,1994,reggae,johnson trouble yellow wouldn leave home try try away give go away come come think goner come wouldn stay away corner swear kill sight load shotgun nail dynamite wait wait come ninetyseven piece come come think goner come wouldn stay away give little dollar note tell river boat tie rope neck weigh pound drag river little drown come come think goner come wouldn stay away give go balloon tell moon balloon come away dare come come think goner come wouldn stay away give go tell love best train curve jump rail soul leave tell gruesome tale come come think goner come wouldn stay away away away away away ocean send vessel today take water fast people begin pray boat begin toss great gust wind come soul lose come come think goner come wouldn stay away telegraph wire sparrows sit bunch feel hungry think like lunch climb softly pole reach foot electric wire tie knot come come think goner come wouldn stay away possessor family seven little kitten come cyclone blow house apart toss kitten come come think goner come wouldn stay away away away away wouldn stay away,188,0.1892270258035339,0.019453916,0.000362976,0.000362976,0.000362976,0.032604852,0.007860217,0.1601681197339513,0.000362976,0.000362976,0.1234462749207176,0.022294846,0.043005311,0.3314597170259877,0.000362976,sadness,0.3714285714285714
66296,dennis brown,the promise land,1999,reggae,homage beat newcomer stoppin casket lower grind searchin promise land like peepin sideline invent sound sicilian like winery disrespect dynasty vanquish sucka thinkin rhyme fine head major steady trollin rookies time cookies mafioso bloodline beware crew wack rappers tiramisu open impairin view word glare tool waste fool throwin dirt negativity know hurt brain homie life quit tryna swerve think actin brand curve check heat bring beat drop rhythm insnare like beatbox addict game detox yeah stoppin beat drop check heat bring beat drop rhythm insnare like beatbox addict game detox yeah stoppin beat drop dizzy vibez suppose fulfill need instead kickin wannabes come test luck like slot machine clearly eye lower frequencies okay mistake young image shit learnin lose uncle year yeah hurtin drive life skirtin guess time flip like dim niggas steady hatin tryna flip rhyme tryna open look mind star think crime ahead mama womb elevate levitatin like balloon people dyin come cartoon people life like raccoons check heat bring beat drop rhythm insnare like beatbox addict game detox yeah stoppin beat drop check heat bring beat drop rhythm insnare like beatbox addict game detox yeah stoppin beat drop beat drop,193,0.000482859,0.000482859,0.10098137,0.000482859,0.054580601,0.010139164,0.000482859,0.000482859,0.5772346409361477,0.000482859,0.000482859,0.000482859,0.019168949,0.03001617,0.000482859,obscene,0.3
18662,kygo,stay,2015,pop,think leave cause felt heart numb hit deep close eye take run turn look face stay stay need know baby miracle change felt sorry look face stay stay stay stay stay stay wanna leave wanna hurt believe single word sorry look face stay stay stay stay stay stay push away push away stay stay yeah push away push away stay stay stay stay yeah push away push away stay stay yeah push away push away stay stay stay stay stay stay stay stay stay stay stay,86,0.013171872,0.000626566,0.000626566,0.000626566,0.046331601,0.000626566,0.000626566,0.000626566,0.000626566,0.000626566,0.000626566,0.000626566,0.000626566,0.8561545242405368,0.000626566,sadness,0.071428571
36485,ryan adams,lucky now,2011,country,remember wild young fade memory feel like somebody know light draw dark bring night break heart wait outside key like bag trash blacken snow city neon toe freeze light draw dark night break heart light draw dark mend heart remember wild young fade memory feel like somebody know,48,0.001253133,0.001253133,0.001253133,0.001253133,0.001253133,0.001253133,0.001253133,0.001253133,0.001253133,0.001253133,0.001253133,0.4872134061091331,0.070225512,0.3365640815882382,0.087200007,sadness,0.1285714285714285
6464,cliff richard & the shadows,theme for a dream,1977,pop,theme dream rare lovely theme theme dream dream dream night arm hold tight theme dream dream kiss kiss music fill starlight starlight time touch touch time chime ring cause theme dream rare lovely theme theme dream dream come true dream theme dream dream kiss kiss music fill starlight starlight time touch touch time chime ring cause theme dream rare lovely theme theme dream dream come true dream dream come true dream come true,73,0.070548654,0.000974659,0.000974659,0.093202015,0.000974659,0.000974659,0.4474218159623524,0.000974659,0.000974659,0.088408285,0.000974659,0.000974659,0.000974659,0.000974659,0.000974659,romantic,0.6142857142857143
55475,bing crosby,silent night,1962,jazz,silent night holy night calm bright round virgin mother child holy infant tender mild sleep heavenly peace sleep heavenly peace silent night holy night calm bright round virgin mother child holy infant tender mild sleep heavenly peace sleep heavenly peace,40,0.002506266,0.002506266,0.002506266,0.3489263978945759,0.002506266,0.002506266,0.002506266,0.002506266,0.002506266,0.002506266,0.083508688,0.1470378462113062,0.3829330827697032,0.002506266,0.002506266,night/time,0.8285714285714286
29987,mark chesnutt,blame it on texas,1990,country,havin ball beaumont couldn stay step amarillo shuffle santa frisco golden gate great home rodeo blame texas blame gonna wanna insanity blame texas blame girl eastern oklahoma daddy tulsa millionaire leave want waitin night sleepin slip away like right mind fool blame texas blame gonna wanna insanity blame texas blame,50,0.001644737,0.001644737,0.001644737,0.105795129,0.001644737,0.066877315,0.001644737,0.001644737,0.06874013,0.001644737,0.001644737,0.024740047,0.041304992,0.4379360612895581,0.001644737,sadness,0.4285714285714285
37378,craig campbell,outta my head,2013,country,ride long windows breeze roll perfume take number message phone go wish close eye smile yeah yeah outta head dance girl surround yeah yeah outta head wall outta girl better outta head like memory mind matter time crowd hear whisper baby drive crazy wish close eye smile yeah yeah outta head dance girl surround yeah yeah outta head wall outta girl better outta head damn hard forget yeah wish close eye smile yeah yeah outta head dance surround yeah yeah outta head wall outta girl better outta head close go outta head outta head go go yeah outta head,99,0.0130794,0.1463293926802634,0.000554017,0.025122639,0.1479724297585967,0.000554017,0.000554017,0.000554017,0.3452676743697917,0.000554017,0.000554017,0.1018350951408919,0.000554017,0.070638348,0.039560278,obscene,0.1
19480,lorde,homemade dynamite,2017,pop,couple rebel pilot fly know super think behave abnormally things come woodwork best tell best lie yeah awesome right things come woodwork best tell best line see roll show dance shoe know think awesome right rule dream blind blow shit homemade ddddynamite friends drink inspire blow shit homemade ddddynamite blow shit homemade ddddynamite friend drive hardly paint road chrome break glass sparkle guess party things come woodwork best tell best lie see roll show hand tshirt know think awesome right rule dream blind blow shit homemade ddddynamite friends drink inspire blow shit homemade ddddynamite blow shit homemade ddddynamite know gonna blow rule dream blind blow shit homemade ddddynamite friends drink inspire blow shit homemade ddddynamite blow shit homemade ddddynamite blow shit homemade ddddynamite friends drink inspire blow shit homemade ddddynamite friends drink inspire blow shit homemade ddddynamite,137,0.00055991,0.00055991,0.00055991,0.00055991,0.011734658,0.00055991,0.00055991,0.2819994797101358,0.4044447638381558,0.00055991,0.1741350352863753,0.1090076613582269,0.00055991,0.00055991,0.00055991,obscene,0.042857143
49966,wendell b,anything,2003,blues,melchior melchior congratulations invent kind stupid damage undo kind stupid open cage kind stupid truly think kind stupid review girl hayloft know recreate depictions essay think catch wendla beg stop refuse scar authority enemy lose know hanschen want dignify schoolroom taunt response yeah congratulations melchior want congratulations melchior like girls languish abusive household colony think better look think live wipe tear years away stay know melchior know wendla like know mind trust kind million years say stand know wendla life choose happiness everytime wendla melchior wendla best thing live lose sight fact bless best life congratulations rest life sacrifice child best life congratulations,103,0.000907441,0.000907441,0.3870173392024099,0.000907441,0.018495108,0.000907441,0.000907441,0.3510201935773575,0.000907441,0.000907441,0.000907441,0.000907441,0.000907441,0.047951341,0.000907441,world/life,0.2428571428571428
18351,hozier,run,2014,pop,rare cover need lover feel lungs bleed farrow know hungry eye ancient soul carry sneer menagerie know grow beneath punish cold slowly learn ancient misery twist shame like twist marry rare cover need lover feel lungs bleed world lover souls claim shatter earth cause tear weep rush shore meet foam loneliness white hand fondle beat onliness rare cover need lover feel lungs bleed rare cover need lover feel lungs bleed rare cover need lover feel lungs bleed rare cover need lover feel lungs bleed,84,0.000923361,0.4455482686578547,0.049090962,0.000923361,0.119770736,0.000923361,0.1894160282340904,0.000923361,0.000923361,0.000923361,0.000923361,0.000923361,0.031468414,0.000923361,0.1197516865729612,violence,0.085714286
67191,311,how do you feel?,2004,reggae,alright feel real fine live life uptight fight struggle roll world offer question direction break grip depression come things come time know time feel matter spot world belong light go know leak energy feel cause couldn single thing feel moment know quest vision tradition wear mask grin laugh remember vibe penetrate dimension come rejuvenate future animation feel fuel rush vein sunburn flame world brain feel cause couldn single thing feel moment know feel cause couldn single thing feel moment know feel cause couldn single thing feel moment know,88,0.000773994,0.000773994,0.3186647605579847,0.000773994,0.000773994,0.000773994,0.000773994,0.2795490401959462,0.068615127,0.000773994,0.000773994,0.039083374,0.000773994,0.000773994,0.2061877521720779,world/life,0.2285714285714285
23302,connie smith,ribbon of darkness,1969,country,ribbon darkness true walk door tear ribbon darkness cloud gather head chill hide shroud night ribbon darkness rain fallin meadow go meadow goodbye ribbon darkness world young spring cloud bloomin bird sing ribbon darkness cold room lie wanna lord wish die forget wish heart mind take break come away ribbon darkness ribbon darkness,53,0.001283697,0.001283697,0.001283697,0.001283697,0.001283697,0.026620706,0.045584703,0.001283697,0.001283697,0.084198341,0.001283697,0.3549565995849396,0.030142016,0.405590435,0.001283697,sadness,0.7285714285714285
22661,the beau brummels,are you happy?,1967,country,feel feel run summer winter heel feel feel run wild laugh like young child tell real hear hear rush even morning near hear hear run free laugh like know whisper feel feel run shelter shelter conceal feel feel feel,39,0.001461988,0.001461988,0.001461988,0.001461988,0.001461988,0.001461988,0.001461988,0.04212099,0.001461988,0.2917084784868127,0.001461988,0.001461988,0.1128743298177109,0.001461988,0.3294356220969452,feelings,0.7571428571428571
35981,dawes,that western skyline,2009,country,like know feel welcome bird tree fall snow heart reside california city promise reach eye turn self away curse western skyline thank start dream come true come apart follow birmingham soil richer ache pride guide hand come surrender time look say belong watch father preach sundays know hymnals heart dream come true come apart ohhhh ohhhh ohhhh ohhhh snowfall time year birmingham feel bring take away share drink reload dream come true come apart ohhhh home ohhhh ohhhh ohhhh,79,0.1372439951984009,0.000993049,0.1886735629609555,0.000993049,0.000993049,0.000993049,0.000993049,0.000993049,0.000993049,0.073809696,0.079027559,0.1214156143148357,0.025763158,0.3621498295107709,0.000993049,sadness,0.1571428571428571
81517,abstract artform,hip-hop is what i was doing (feat. flo soul & dj platform),2011,hip hop,decisions decisions decisions decisions neapolitickin long ambition diction gather friction sober colder shoulder frigid jamaica buena jerk abstract artworks vanilla come like clockwork galletas crema caramel dreamers chocolate feature persuasive weaker papaya pop sorbet cop tropics gourmet shit time slick rhyme melt hint lime shit important shit import shit gorgeous portion shit important shit important shit import shit gorgeous portion shit important bish aren stick shit decisions decisions decisions decisions hear come weather july swelter papayas good outbid fine sweaters michoacana arrayan fresa splinter figure artists pecan guava best twist liquor goddess heaven send bless girth hardest immigrants work sugar sweet rally communities passion fruit cool strip mean streak sweep consumer streets smash hips scoop friction shit important shit import shit gorgeous portion shit important shit important shit import shit gorgeous portion shit important bish aren stick shit,138,0.001169591,0.001169591,0.001169591,0.063715159,0.001169591,0.001169591,0.030082314,0.001169591,0.8027520858261151,0.001169591,0.001169591,0.001169591,0.043565639,0.001169591,0.001169591,obscene,0.1285714285714285
16954,vampire weekend,white sky,2010,pop,ancient business modern piece glasswork corner walk pass elderly sales clerk suspicion immortal corporation give permission little stairway little piece carpet pair mirror face directions thousand little julias come middle manhattan wait lunch come ahoohoohooh ahoohoohooh oohoohooh oohoohooh oohoohoohooh oohoohoohooh oohoohooh oohoohooh oohoohoohooh ahoohoohooh oohoohooh oohoohooh oohoohoohooh ahoohoohooh oohoohooh oohoohooh oohoohoohooh corner house modern build house modern closet people sin pride envy second floor serra skate wait lunch come ahoohoohooh ahoohoohooh oohoohooh oohoohooh oohoohoohooh ahoohoohooh oohoohooh oohoohooh oohoohoohooh ahoohoohooh oohoohooh oohoohooh oohoohoohooh ahoohoohooh oohoohooh oohoohooh oohoohoohooh wall right question horse race taxis winter look build imagine live imagine wolfords ball sink wait lunch come ahoohoohooh oohoohoohooh oohoohooh oohoohooh oohoohoohooh ahoohoohooh oohoohooh oohoohooh oohoohoohooh ahoohoohooh oohoohooh oohoohooh oohoohoohooh ahoohoohooh oohoohooh oohoohooh oohoohoohooh,121,0.001283697,0.367735238,0.001283697,0.09823813,0.001283697,0.091633863,0.001283697,0.001283697,0.001283697,0.030873295,0.3650168414226902,0.001283697,0.02981457,0.001283697,0.001283697,violence,0.1428571428571428
33228,conway twitty,i love you more today,2000,country,want world mean girl things long today kiss tear away hold close felt warm matter long today things plan surprise late night dream someday go wrong today today,28,0.001814882,0.001814882,0.4746165095068518,0.1710979463328254,0.001814882,0.001814882,0.1551639223226853,0.001814882,0.001814882,0.001814882,0.001814882,0.001814882,0.001814882,0.095905064,0.001814882,world/life,0.2857142857142857
62721,catherine russell,don't take your love from me,2016,jazz,yeah young listen snoop try memorize word like like like like like like hold pen bling young kickin style know sittin blazin pound dream brother demo money settle years young best remember backspin hiphop rappin everybody spit passion time time time time action iron marl hottest beat queen latifah video human teeth time crack fuck community golden like nowadays terrible cat listen kool wrap everytime buy album know sony walkman playback deck hydro hayracks invention days young anymore days wish eat skittle dig fridge say term need idelin mission try dividends spit anybody listenin remember pitchin dollar nickle mobb deep infamous young influence police try fingerprint cash rule cream money shit gettin fund playin dice spend studio time add relate root say right hiphop life like gangstarr real hiphop krsone real hiphop rakim real hiphop public enemy real hiphop kool polo real hiphop tribe call quest real hiphop daddy real hiphop real hiphop,153,0.000674764,0.000674764,0.1754558643527804,0.032022675,0.024904881,0.017844681,0.000674764,0.1379434992528558,0.4871662436158536,0.000674764,0.000674764,0.000674764,0.059725229,0.000674764,0.000674764,obscene,0.057142857
12924,swv,when u cry,1997,pop,baby away twice promise rest life better place arm hold close look eye know go baby away twice promise rest life break heart go away think feel baby cryin baby away twice promise rest life tear fall face face baby know pain pain look eye baby baby baby baby baby away twice promise rest life baby yeah twice twice yeah baby away twice promise rest life,66,0.1923141931000715,0.000797448,0.2491484775352619,0.000797448,0.031334571,0.000797448,0.000797448,0.1783942532184888,0.000797448,0.000797448,0.000797448,0.000797448,0.000797448,0.3217307889946985,0.016710889,sadness,0.3285714285714285
75328,fugazi,promises,1989,rock,word word expressions confessions stand dedications symmetry forever promise shit speak breathe present rearrange stupid fuck word tangle desire free free great debate truer word speak stand leave break grab fall promise shit speak breathe present rearrange stupid fuck word tangle desire free free great debate rearrange rearrange rearrange think wanna send hear touch hand wall night think wanna send hear touch hand wall night promise promise promise word promise promise promise word promise promise promise word promise promise promise word,81,0.000822368,0.3385315234941577,0.2563459964010052,0.000822369,0.000822368,0.000822368,0.1316715714914805,0.000822368,0.093799486,0.000822368,0.000822368,0.000822368,0.1273915339216821,0.000822368,0.000822368,violence,0.4428571428571428
1895,mary wells,two lovers,1963,pop,lovers ashamed lovers tell bout lover sweet kind treat good like lover make know lovers ashamed lovers tell bout lover know treat make make know darling know tell look think untrue cause cause split personality reality lovers,37,0.001644737,0.001644737,0.001644737,0.001644737,0.001644737,0.001644737,0.3549678024890412,0.4194162057591449,0.001644737,0.001644737,0.001644737,0.001644737,0.001644737,0.001644737,0.034565618,romantic,0.8142857142857143
68512,passafire,winter wren,2011,reggae,nocturnal sturdy slurry drum dream hammer nail clutter clamor fell asleep watch fall asleep wake winter callin callin leavin look away start sink look away strip silver grey marine hearts beat harder deeper water anonymous drip fall rain roll roll leavin look away dark creep look away,47,0.001949318,0.001949318,0.001949318,0.001949318,0.001949318,0.001949318,0.001949318,0.001949318,0.001949318,0.001949318,0.001949318,0.2541166109534892,0.001949318,0.4246516012759249,0.001949318,sadness,0.1285714285714285
53306,snowy white,how was it for you,2016,blues,shame leave past move forgive guilt rebuild say say forgive dirt stain save cause wash whiter snow world know forgiveness hand refill plan life stand daily mercies brandnew unworthy forgiveness imagine hard cause mock take blame wash whiter snow world know forgiveness hand refill plan life wash whiter snow world know forgiveness hand refill plan life trap wave unending trap wave unending trap wave unending trap wave unending world know forgiveness,71,0.001283697,0.001283697,0.4589846491220656,0.001283697,0.001283697,0.001283697,0.001283697,0.2441648916759723,0.001283697,0.073298682,0.080223374,0.001283697,0.001283697,0.001283697,0.001283697,world/life,0.057142857
50286,kenny wayne shepherd,believe (feat. noah hunt),2004,blues,drown drown butterfly spread wing wrap follow lead trust wrong give hand wish understand eye deceive yeah gotta believe run time sight mind light light shine shine open heart stand till give hand wish understand eye deceive yeah gotta believe count believe yeah yeah yeah give hand wish understand eye deceive yeah gotta believe,54,0.001031992,0.001031992,0.308770102,0.001031992,0.1263593160344692,0.001031992,0.082157404,0.001031992,0.001031992,0.001031992,0.001031992,0.2410702954495851,0.001031992,0.1270593390960526,0.001031992,world/life,0.2285714285714285
58048,yellowjackets,pass it on,1983,jazz,inside rivalry brewin tryna best rappers tryna survive doin heavyweight crush delicates legends write hella myths irrelevant action promise action hostage drop atom bomb asher college colder baskin robbins antarctic impalin kid palin retard take faulty game faster acronym crazy shit tell baby depress polar like bid farewell jump crowd fan witness blowin extremist afghan intentions match lighter flick yate fan ablaze guess pyrotechnician jungle snack like action get negative polygraph awaken beast straight leash feast heinous brainless fangs teeth worst behavior slap children women curse neighbor fuck girls relationships hassle forbid fruit apple laugh death like joke hysteric video bomb trigger webcam parent degenerate degeneres mean eat pussies see reason emcee play hookie class outta league count wouldn round lyrical racketeer guarantee rack ears sharp point like yellow jacket rear clinical virus infect mind people swear homie knievel mean daredevil tier level heir chair special erect statue dude huge match pedastool canibus pupil get dilate annihilator make lyric violent nature greater lyrical eradicator fish competition pass master baiter guess make master baiter hook line sinker come amaze leave blood stain wash mays ignorant fan ball world space clean clock small time rappers till madman,195,0.023593503,0.1171656487904636,0.078605745,0.000797448,0.000797448,0.000797448,0.000797448,0.1016876190631499,0.3700669270461716,0.000797448,0.1491624716602903,0.000797448,0.025808156,0.000797448,0.000797448,obscene,0.5285714285714286
77005,red hot chili peppers,purple stain,1999,rock,finger paint middle finger monthly blood house spin python power straight celluloid love frusciante spread head spread blanket free patient black white blue things look good scream purple stain know knock stay good cause live hollywood dracula hood unspoken word understand alligator alligator haters say point spread black white blue things look good scream purple stain know stay come funk care cause knock stay good cause live hollywood dracula hood unspoken word understand dont care cause want wear knock stay good cause live hollywood finger paint middle finger monthly blood house spin featherlight prove purple stain pillow sleep weep black white blue things look good scream purple stain know stay come funk care cause knock stay good cause live hollywood dracula hood unspoken word understand care cause want wear knock stay good cause live hollywood,135,0.000537057,0.3862963600008211,0.064105977,0.000537057,0.000537057,0.000537057,0.011875101,0.3118807700233633,0.000537057,0.032239802,0.076788992,0.000537057,0.012937988,0.000537057,0.082453336,violence,0.3
26450,merle haggard,red bandana,1979,country,leave home barely past eleventeen fourth hell rain love half life love change live want spend time highway come play thirty years know know change live want bandana tie auburn hair look like ought somebody wife go mcgee try change live want time leave stage know wonder grow fortyone today go twentytwo change live want bandana tie auburn hair look like ought somebody wife go mcgee try change live want change live want,73,0.000892061,0.000892061,0.4279758365447628,0.000892061,0.000892061,0.000892061,0.03907298,0.069339282,0.000892061,0.000892061,0.1922188424626156,0.000892061,0.000892061,0.000892061,0.072335813,world/life,0.5857142857142857
46014,zz top,gimme all your lovin',1983,blues,shoot cause sweet like boomerang need repeat gimme lovin hug kiss gimme lovin whip like lead blow head gimme lovin hug kiss gimme lovin like screwball pack work like gimme lovin hug kiss gimme lovin,35,0.2828586066760768,0.002192983,0.002192983,0.002192982,0.002192983,0.002192983,0.2145103255914026,0.002192983,0.343297874,0.002192983,0.002192983,0.002192983,0.002192982,0.002192982,0.002192982,obscene,0.5285714285714286
8677,adam ant,strip,1983,pop,time like great heaven know wish clothe loosen playful tease like lovers centuries follow ancient history strip strip follow ancient history strip strip uhhuhhuh get clothe get pretty dress hide true desire fold nice slow throw follow ancient history strip strip follow ancient history strip strip uhhuhhuh need mirror room mirror floor sneaky look gaze substitute rendezvous follow ancient history strip strip follow ancient history strip strip uhhuhhuh time like great heaven know wish clothe loosen playful tease like lovers centuries think cheap risqué word slip away believe lie like octopus xray eye freeze girl look sight generous want tonight follow ancient history strip strip follow ancient history strip strip,110,0.000907441,0.3208926667978942,0.000907441,0.086738001,0.000907441,0.000907441,0.058478346,0.08457825,0.000907441,0.000907441,0.000907441,0.000907441,0.044229057,0.099158653,0.000907441,violence,0.5285714285714286
44028,hot tuna,baby what you want me to do,1975,blues,twodouble plus like twice man size say like black chocolate know hershe kiss dance floor know thinkin damn whore escort depths mind court divorce misconceptions think manhood time sure separate line truth game propane realness antibullshit prochoice damn want want girl tryna chill plan future grandma tell watch watch water need cool dive swear baby beggin feenin screamin beggin beggin feenin screamin beggin knees know frontin stuntin sittin like writers block wanna freewrite spark think grab haiku quote nature want like need quote neosoul badu baby bottle runway model oneway green light movin fast yellow start hello heaven believe earth level hear devil good head beggin needa like feenin needa like screamin needa like begin baby girl forget beggin leave feenin tell doin screamin matter long beggin knees tell girl gonna yeah know swear baby halo hold horn babe body layin open babe yeah know baby devour halo hold horn babe supper reheat dine pretty wing horn halo stay heel pride ohso secular motherfuckers step step tryna spot figure lackin refresh restart repeat,173,0.098499023,0.094056837,0.000521105,0.023626949,0.033133908,0.000521105,0.025432029,0.1777411128399719,0.3075722392432933,0.000521105,0.000521105,0.070249507,0.000521105,0.000521105,0.000521105,obscene,0.6428571428571429
39817,johnny ace,saving my love for you,1955,blues,say want baby feel good cause believe save long believe save remember september kiss say goodbye pretend darling want long believe save,22,0.053884843,0.002392345,0.388650838,0.002392345,0.002392345,0.002392345,0.1854641978449987,0.1446585639973912,0.002392345,0.002392345,0.002392345,0.002392345,0.002392344,0.002392345,0.094494546,world/life,0.9285714285714286
72449,led zeppelin,trampled under foot,1975,rock,greasy slick groovy leather trim like hold road mama talk bout talk bout talk bout troublefree transmission help oil flow mama pump mama talk bout talk bout talk bout check heavy metal underneath hood baby work night believe perfect tool talk bout talk bout talk bout automobile comfort build style specialist tradition mama feast eye talk bout talk bout talk bout factory airconditioned heat begin rise guarantee hours mama perfect size talk bout talk bout talk bout groove freeway gauge gasoline believe gonna crack head talk bout talk bout talk bout stop talk stop talk yeah drive yeah yeah yeah yeah come come service baby check point overdrive talk bout talk bout talk bout fully automatic come size make wonder synchronize talk bout talk bout talk bout featherlight suspension konis couldn hold take look inside showroom doors talk bout talk bout talk bout stop talk stop talk stop talk stop talk stop talk baby stop talk baby baby baby baby push push push push push,165,0.084758938,0.000404858,0.000404858,0.000404858,0.03996935,0.058154139,0.000404858,0.2094328435433806,0.4468775536905858,0.000404858,0.020154052,0.031573054,0.000404858,0.000404858,0.000404858,obscene,0.6428571428571429
15,freestyle,opm medley: when i met you,1950,pop,piece mindin world knowin life come bring give world know give reason feelin give mean life go exist begin touch hair look eye know know good sure endure light world care away ache give reason feelin give mean life go exist begin bakit ganyan bakit ganyan ibig lagi kang pagmasdan umula umaraw hindi pagsasawaan iyong katangian damdamin ibangiba kapag kapiling sinta bakit ganyan damdamin maintindihan kailangan pagibig dahil nagmamahal magmula nang kita makilala bakit ganyan kung minsan nauutal kaba kapag kausap ngunit lumalakas loob kung ikaw nakatawa bakit ganyan damdamin maintindihan kailangan pagibig dahil nagmamahal magmula nang kita makilala think inlove feel restless inside want want thoughts night mind think think think single single night single moment life want spend think think think tell care tell tell feel word explain happen fast exactly feel right know long madness cause think think think single single night single moment life want spend think think think tell care tell tell feel medley give reason feelin give mean life go exist begin give reason feelin give mean life go exist begin think inlove,179,0.000482859,0.000482859,0.3718167049375792,0.040711966,0.000482859,0.000482859,0.000482859,0.3847028203575036,0.000482859,0.000482859,0.000482859,0.044354671,0.000482859,0.000482859,0.1231498770060476,world/life,1.0
47222,phish,harry hood,1989,blues,light thank miner thank hood feel good feel good hood feel good,12,0.005263158,0.005263158,0.2054909049297796,0.005263158,0.005263158,0.005263158,0.005263158,0.005263158,0.005263158,0.005263158,0.005263158,0.1061309929946099,0.005263158,0.005263158,0.6041675751945922,feelings,0.4428571428571428
29239,reba mcentire,you're the one i dream about,1988,country,catch smile corner easy pretend know feel dream fall asleep night think turn light hard live hold tight wish tonight close heart feel hide love hold inside know forever,29,0.001814882,0.001814882,0.063961168,0.065760813,0.001814882,0.001814882,0.1802038932552411,0.1259992182003736,0.001814882,0.001814882,0.001814882,0.091568854,0.001814882,0.4104325331032123,0.001814882,sadness,0.4571428571428571
40456,billie holiday,ill wind,1958,blues,blow wind blow away rest today blow good good wind away sky neighborhood good mislead need shame hard trouble creep blame wind blow away rest today blow good good good mislead need shame hard trouble creep blame wind away rest today blow good good wind,45,0.001283697,0.001283697,0.2120470297604216,0.001283697,0.035577316,0.001283697,0.001283697,0.001283697,0.001283697,0.3111373290755597,0.001283697,0.001283697,0.048357674,0.1727716812836895,0.2034209069352237,music,0.8857142857142857
69886,masicka,10 outa 10,2017,reggae,good good productions outta outta outta outa outta outta outa outta outta outta gyal pussy good outta want spread body good like outa clothe step outta outa outta open book outta outta outta bubble baby hello tell kind feel felt know independent baby help skin best view body right pussy tight want tell gyal best tell heartless nutn chest go girl affi confess shift draw deevn affi undress empress gyal pussy good outta want spread body good like outa clothe step outta outa outta open book outta outta outta bubble baby slow wine gyal fine pussy time ready belly gyal gold tick tock lift drop pocket stop tell addict body bring siddung cocky gyal pussy good want spread body good like outa clothe step outta outta outta open book outta outta outta bubble baby outta outta outta outta outta outta,140,0.049512438,0.000515996,0.000515996,0.000515996,0.000515996,0.011190554,0.000515996,0.000515996,0.681320872,0.000515996,0.000515996,0.000515996,0.000515996,0.000515996,0.096470643,obscene,0.042857143
35517,josh turner,south carolina low country,2007,country,grow south sing bluegrass country songs sing get people sing south country southern word sandlapper tune palmetto tree sway atlantic breeze reach touch crescent moon south country music come remember stand warm work finger bone sing suckered drag come music bless hampton swamp strength stand test time fight flag state life sing,52,0.00131579,0.1736059309032663,0.073122528,0.00131579,0.001315789,0.00131579,0.00131579,0.00131579,0.00131579,0.3334829055566043,0.241398323,0.075761779,0.08552327,0.001315789,0.001315789,music,0.1857142857142857
23505,the allman brothers band,dimples,1970,country,walk walk walk babe eye babe eye switch switch switch babe eye dimple dimple dimple,15,0.3177861234701002,0.005263158,0.005263158,0.005263158,0.005263158,0.005263158,0.005263158,0.005263158,0.005263158,0.005263158,0.005263158,0.005263158,0.005263158,0.5927401911785569,0.005263158,sadness,0.7142857142857143
59628,boney james,it's all good,1997,jazz,good good good good good good good good good good good,11,0.004385965,0.004385965,0.004385965,0.004385965,0.004385965,0.004385965,0.004385965,0.004385965,0.004385965,0.004385965,0.004385965,0.004385965,0.004385965,0.004385965,0.921052632,feelings,0.3285714285714285
4818,todd rundgren,intro,1972,pop,like game game call sound studio play record include play play favorite record surprise pair headphones better crank cause gonna help sure recognize hiss noise call hiss come record master lousy mono reprocess stereo number things hum noise course pop sound edit happen machine gain control mangle tape machine noise punch out sound record find win course,57,0.001879699,0.001879699,0.001879699,0.001879699,0.001879699,0.0018797,0.001879699,0.2132406029964684,0.2599556262880191,0.4292616652752391,0.001879699,0.001879699,0.001879699,0.001879699,0.001879699,music,0.6857142857142857
63816,max romeo,tan and see,1976,reggae,long time awonder yeah long time long long time long time atell long time long long time look look hear look look steal awhy stop beat hand mouth say time pull hand mouth say time pull need jump prance danang spoil dance need jump prance danang spoil dance hear lalala alright tell cause write great hear half tell control listen hand mouth say time pull hand mouth say time pull need jump prance danang spoil dance need jump prance danang spoil dance long time awonder yeah long time long long time long time atell long time long time awonder yeah long time long long time long time atell long time hand mouth say time pull hand mouth say time pull need jump prance danang spoil dance need jump prance danang spoil dance look look hear look look long time awonder yeah long time long long time long time atell long time long long time hand mouth say time pull hand mouth say time pull need jump prance danang spoil dance need jump prance danang spoil dance,176,0.000368053,0.1605665479461663,0.000368053,0.4197727371539467,0.093576638,0.000368053,0.000368053,0.000368053,0.000368053,0.020626708,0.1918164936157751,0.069713801,0.000368053,0.000368053,0.000368053,night/time,0.6285714285714286
53003,the devil and the almighty blues,the ghost of charlie barracuda,2015,blues,hide smell hide song hide gift ghost dragons heed season heed snow heed freeze ghost dragons mind tradition mind mind celebration ghost dragons look away window look away cold look mirror ghost dragons look away look away look mirror ghost dragons,41,0.001754386,0.5133608160344993,0.001754386,0.001754386,0.001754386,0.001754386,0.001754386,0.001754386,0.001754386,0.062650409,0.001754386,0.001754386,0.001754386,0.2363295946969458,0.001754386,violence,0.071428571
23107,marty robbins,am i that easy to forget,1968,country,somebody stop lovin walk away forget guess somebody want leave regret easy forget leave sure want cause easy forget leave sure want cause easy forget easy forget,27,0.041407548,0.001879699,0.001879699,0.001879699,0.001879699,0.001879699,0.001879699,0.23644372,0.001879699,0.001879699,0.001879699,0.001879699,0.001879699,0.3238735749430474,0.085544363,sadness,0.7428571428571429
17678,pierce the veil,one hundred sleepless nights,2012,pop,brilliant face light room pillowcase say come place tell show hold door tear couch chandeliers say have baby leave think face take hearted race tell hell plan fail light amass sleepless nights hold tight beast heart leave alive nightmares longer sleep crawl grind hand knees like queen pride feast till bone go face take hearted race tell plan fail light amass sleepless nights hold tight beast heart leave alive die know forget share sight mind fail light amass sleepless nights hold tight beast heart leave alive thoughts head forget like,90,0.019841221,0.3544708084775345,0.000711238,0.000711238,0.000711238,0.000711238,0.1444063639869249,0.1430249407292847,0.000711238,0.000711238,0.000711238,0.097355546,0.000711238,0.2316550310634759,0.000711238,violence,0.1142857142857142
23760,johnny cash,the world's gonna fall on you,1970,country,better watch better easy sheriff somebody watch world go fall world go fall world go fall slip rybody know rybody sheriff somebody go tell somebody world go fall world go fall better look shoulder sheriff somebody watch tell go world go fall world go fall slip doubt better stop better stop better late think fool sleep sheriff world watch world go fall world go fall better watch better easy sheriff somebody watch world go fall world go fall world go fall world go fall better look shoulder sheriff somebody watch tell go world go fall world go fall think fool sleep sheriff world watch world go fall world go fall,110,0.000515996,0.000515996,0.2643475294684217,0.000515996,0.000515996,0.000515996,0.000515996,0.077717338,0.06908303,0.000515996,0.000515996,0.000515996,0.000515996,0.317355011,0.2465040332285383,sadness,0.7142857142857143
54455,oscar peterson,prelude to a kiss,1952,jazz,peterson hear song blue like cry heart serenade prelude kiss hear song grow tender sentimental woes heart try compose prelude kiss simple turn symphony shubert tune gershwin touch song gently cry tenderness eye prelude die prelude kiss simple turn symphony shubert tune gershwin touch song gently cry tenderness eye prelude die prelude kiss,53,0.001644737,0.001644737,0.001644737,0.001644737,0.001644737,0.001644737,0.2270827317697726,0.001644737,0.001644737,0.3716836616106498,0.001644737,0.001644737,0.001644737,0.3749178162057036,0.001644737,sadness,0.9714285714285714
64731,maxi priest,crazy love,1986,reggae,hear heartbeat thousand heaven open time smile come belong run like river song gimme crazy gimme crazy fine sense humor feel lowdown come go take away trouble take away grief take away heartache right sleep need daytime need night wanna hold arm kiss kiss tight return away sweet lovin brighten righteous make mellow soul,54,0.070653001,0.001196172,0.001196172,0.1046078106182415,0.029399702,0.001196172,0.17042198,0.001196172,0.001196172,0.075407732,0.001196172,0.001196172,0.033912291,0.3348346243197924,0.001196172,sadness,0.4857142857142857
35831,randy rogers band,lonely too long,2008,country,thing leave tear stain letter say late things better guess good go leave lonely long hold wait change kind fool wrong leave lonely long come mile away time watch taillights fade turn come home sure look like leave lonely long lonely long think instead belong leave lonely long come mile away time watch taillights fade turn come home sure look like leave lonely long lonely long come mile away time watch taillights fade turn come home sure look like leave lonely long lonely long,84,0.071059024,0.000674764,0.000674764,0.2196265363507585,0.000674764,0.000674764,0.000674764,0.1580774643900955,0.000674764,0.068349276,0.000674764,0.000674764,0.000674764,0.3892534689697774,0.023278274,sadness,0.1714285714285714
1655,del shannon,cry myself to sleep,1962,pop,party everybody home sorry like cause time weep gonna sleep throw party think come want weep gonna sleep yyyyy yyyyy notice dance love misery little buttercup come break everybody home party like weep gonna sleep yyyyy yyyyy notice dance love misery little buttercup come break everybody home party like cause weep gonna sleep,53,0.068079652,0.001253133,0.001253133,0.11185065,0.04829685,0.060417512,0.048872182,0.001253133,0.3142092212351419,0.06234813,0.001253133,0.037016478,0.001253133,0.1069908326981608,0.001253133,obscene,0.8285714285714286
80267,lp,muddy waters,2017,rock,kneel rivers edge tempt step follow closer right feel gnaw corner mind come blind worst kind ohoh muddy water fall ohoh muddy water crawl hold hold sell lyric commercial,29,0.002506266,0.4520181151319431,0.002506266,0.1412243742021833,0.002506266,0.002506266,0.1329818782445919,0.002506266,0.002506266,0.002506266,0.002506266,0.002506266,0.002506266,0.002506266,0.048378276,violence,0.042857143
72209,john denver,rhymes and reasons,1973,rock,speak sadness come winter fear dream escape forget tell need want friend wonder go rhyme reason accept begin seek wisdom children graceful flower wind children flower sisters brothers laughter loveliness clear cloudy like music mountains color rainbow promise future bless today cities start crumble tower fall slowly fade colder write desert mountains shall lead hand heart comfort innocence trust teach free children flower sisters brothers laughter loveliness clear cloudy song sing prayer nonbelievers come stand better,76,0.001012146,0.001012146,0.3507096555831042,0.001012146,0.001012146,0.001012146,0.001012146,0.001012146,0.001012146,0.265718903,0.001012146,0.001012146,0.2138725946273529,0.1330664312650546,0.001012146,world/life,0.6714285714285714
31359,the tractors,settin' the woods on fire,1994,country,dang woods right comb hair paint powder proud prouder sing loud sing louder tonight settin woods feller dress frock yeller look swell look sweller settin woods honkey tonks tonight have folks brand dance care think silly dilly order bowl chili settin woods stoker hotter poker break broker tonight settin woods close street time brother settin woods aside little time flat tire tube fine show clap hand start bow allow tomorrow right plow settin woods,74,0.001547988,0.001547988,0.001547988,0.3467562302816839,0.001547988,0.064367701,0.001547988,0.001547988,0.001547988,0.082124559,0.433234063,0.051845619,0.001547988,0.001547988,0.001547988,night/time,0.3714285714285714
23499,savoy brown,looking in,1970,country,look outside wish mind read score door open know strive answer clue know feel better question older wiser look youth content vain search truth wiser look youth content vain search truth wish know better baby mind wouldn sore door open know strive look outside wish mind read score door open faint search know strive answer clue know feel better question,60,0.026537746,0.00122399,0.00122399,0.00122399,0.00122399,0.00122399,0.00122399,0.6027581817604633,0.00122399,0.00122399,0.00122399,0.00122399,0.00122399,0.3511202279786871,0.00122399,sadness,0.7142857142857143
67209,311,thank your lucky stars,2005,reggae,need break inside say people count dead break sadness need yeah ache loss word apathy sense herd hear senseless question point dull earth brighten entirely think point slight earth enlighten entirely think blind read sign die mind thank star good hard thank star place think people devolve fight flee know goin whoa mistake paranoid mental state take strength avoid hostility fear challenge point live close mind feel voice point gonna sort choice,72,0.001031992,0.4276609771128977,0.1020867710118068,0.001031992,0.07654913,0.033909469,0.001031992,0.1676271526757603,0.001031992,0.001031992,0.001031992,0.047448714,0.075031162,0.001031992,0.038603747,violence,0.2142857142857142
55390,yusef lateef,don't blame me,1961,jazz,night hang like fool fall head heel like school poor heart awful state late halt nuisance fault blame fall spell help blame things conceal thrill feel blame ican help doggoned moon make need like blame kiss sweet kiss blame charm melt arm blame like single thing doubt like dream mind picture team hour meet repeat silly phrase hop understand days blame fall spell help blame things conceal thrill feel blame ican help doggoned moon make need like blame kiss sweet kiss blame charm melt arm blame,86,0.000785546,0.000785546,0.1048808778983714,0.000785546,0.000785546,0.069960568,0.1966855885739041,0.000785546,0.000785546,0.000785546,0.000785546,0.056851023,0.000785546,0.4011553339007137,0.000785546,sadness,0.8428571428571429
35943,ryan bingham,endless ways,2009,country,get tire let world drain gonna stand cause get tire endless ways want money hand want blood foreign land gonna stand cause everybody tire endless ways get tire gonna stand face get tire everybody tire endless ways think lie think hear people hear everybody tire endless ways,47,0.001253133,0.3939480023350516,0.1210028263426803,0.001253133,0.073169123,0.001253133,0.001253133,0.1594609445534953,0.062839421,0.001253133,0.001253133,0.001253133,0.041672151,0.001253133,0.001253133,violence,0.1571428571428571
15811,breaking benjamin,evil angel,2006,pop,hold bird feather lie crook wing answer spread cancer inside leave help survive remember remember sleep evil open wing evil believer worse imaginary friends hide trail drive nail hop saviour leave help survive surrender surrender sleep evil open wing evil evil breathe evil,43,0.001594896,0.6325512034742152,0.174596984,0.001594896,0.001594896,0.001594897,0.001594897,0.001594896,0.001594896,0.001594896,0.001594896,0.1673334699271842,0.001594896,0.001594896,0.001594896,violence,0.2
9539,eddie money,one love,1986,pop,need true good take work like life earth pain hurt life baby need right true hearts take throw away need true luck time look maybe kind need right say true yeah hearts take throw away need true right say true right hearts take throw away believe wanna home hearts take throw away need forget true little luck little time gonna look maybe maybe special kind right good take hard work like life earth pain hurt yeah,76,0.018821091,0.000683527,0.129637286,0.066703861,0.1053835189534015,0.073761168,0.000683527,0.1312557210950172,0.000683527,0.000683527,0.000683527,0.000683527,0.026800988,0.3068446486288129,0.050155158,sadness,0.4857142857142857
65344,ken boothe,feeling soul,1992,reggae,rittz shit rittz hear rittz spit look bullshit line speed bout feel drain drip nose throat coat glow homie bowtie drink crown crow boat kind like snow globe coke rappers copy sloppily twat adios guy maybe help ghostwrite go right maybe bootleg play afternoon like song chief strong weed star bigboned blonde cheek thong cause tell need kong schlong damn forget feel enter consider maybe later asian chick cause hand bigger trip shit drink liquor meth gift receive giver line dedicate homie scender pissedoff manager control temper like number newcomer age bitch cucumber puke play hat look finally grow fuck homicide people burn soup runner cause feel like stomach get bootleg empire business rittz bitch homie lift yeah bitch,119,0.000956938,0.000956938,0.000956938,0.000956938,0.02971117,0.000956938,0.000956938,0.1969557491564998,0.467735967,0.052490722,0.000956938,0.098124196,0.000956938,0.000956938,0.082922869,obscene,0.4
31934,rhett akins,love you back,1996,country,dipierocraig wiseman seventeen kerilee baker set dream class sink fast drown desire write poems songs letter ask graduate wait reply cause somebodylove somebody somebody thats natural fact somebody hard find somebody yeah find somebody years go realize change search high single soul carry mutual flame dear near miss say hear music play march believe lead parade somebodylove somebody somebody thats natural fact somebody hard find somebody yeah find somebody give upain give mean memeans rightso right give receive somebody somebody somebody thats natural fact somebody hard find somebody yeah find somebody,91,0.000877193,0.000877193,0.3007186824009951,0.000877193,0.06209086,0.000877193,0.000877193,0.089631994,0.000877193,0.126788721,0.000877193,0.057438373,0.000877193,0.000877193,0.3048315294994203,feelings,0.3428571428571428
26611,38 special,hittin' & runnin',1980,country,reputation follow tryin shake live swear tryin desp rate change aimin heart time get away hittin runnin street watch hittin runnin see comin woah hittin runnin street better teasin seein believin true feelin time passin street hittin runnin street watch hittin runnin see comin woah hittin runnin street cryin tire lyin danger zone hurt plenty soon wind hittin runnin street watch hittin runnin see comin woah hittin runnin street,69,0.001169591,0.001169591,0.1085420404054049,0.001169591,0.001169591,0.001169591,0.001169591,0.001169591,0.430504781,0.001169591,0.245515821,0.001169591,0.001169591,0.083083527,0.001169591,obscene,0.5714285714285714
63907,culture,two sevens clash,1977,reggae,live bamba sevens clash live bamba sevens clash good prophet prophesised jago vega go meet eye house scheme divide live bamba sevens clash dread live bamba sevens clash look cotton tree ferry police station beautiful destroy lightning earthquake thunder live bamba sevens clash dread live bamba sevens clash ride overland bronx ride live bamba sevens clash live bamba sevens clash inside spanish district prison prophesised say pass gate prisoner shall enter gate lock live bamba sevens clash dread live bamba sevens clash bitter bitter bitter live bamba sevens clash iman feel live bamba sevens clash better right,97,0.001644737,0.001644737,0.455725967,0.001644737,0.001644737,0.001644737,0.001644737,0.001644737,0.001644737,0.001644737,0.2341448910432161,0.086492495,0.046074715,0.001644737,0.087156985,world/life,0.6142857142857143
47633,the cramps,blow up your mind,1991,blues,gonna insane blow mind lightnin bolt brain turn frankenstein party dress blind clean mess turpentine nevermind mankind leave blow mind blow mind like mummy pharaohs wrap clothe blow head dynamite acid hybrow hybrid forsee forbid blow lidd little healthy drink wine trap bat belfry blow mind static attic erratic instead real acrobatic land head,54,0.001644737,0.4027151532808821,0.001644737,0.091918153,0.001644737,0.024258691,0.001644737,0.001644737,0.1966838926439074,0.001644737,0.2184025372399069,0.001644737,0.001644737,0.001644737,0.001644737,violence,0.4142857142857143
31805,john michael montgomery,long as i live,1995,country,world spin round time begin stop hand swear forever earth long live long breathe heartbeat need near leave lord say time long live matter mountains harder time think weight world remember long live long breathe heartbeat need near leave lord say time long live moon star aren eternity promise tonight long live long breathe heartbeat need near leave lord say time long live long live,65,0.000907441,0.037817087,0.3616867223799113,0.3127004619137274,0.039231279,0.06744741,0.000907441,0.000907441,0.000907441,0.000907441,0.072239394,0.077000251,0.000907441,0.000907441,0.000907441,world/life,0.3571428571428571
50609,buddy knox,devil woman,2005,blues,marry devil woman marry devil wrong devil woman wrong devil time believe baby time away wrong time away sweet simple soft lovin tender little night wild away wrong devil woman time away baby wrong time away time believe baby time runnin play wrong devil woman time away sweet simple soft lovin tender little night wild away wrong devil woman time away baby wrong devil woman time away,67,0.098726142,0.1277781837573013,0.065600784,0.300240719,0.000822368,0.037924645,0.1516368301675726,0.000822368,0.000822368,0.000822368,0.034679325,0.000822368,0.000822368,0.1602663448066058,0.000822368,night/time,0.2142857142857142
54270,gary clark jr.,got to get up,2019,blues,yeah yeah know talk kill kill kill kill kill kill kill kill kill kill kill kill kill kill kill kill kill kill kill kill kill kill,26,0.001949318,0.8353294151753716,0.001949318,0.001949318,0.081155022,0.001949318,0.001949318,0.052326479,0.001949318,0.001949318,0.001949318,0.001949318,0.001949318,0.001949318,0.001949318,violence,0.014285714
51598,ana popovic,lives that don't exist,2009,blues,sweat sweat unbearable live exist deal attention deal fame spotlight unamused learn rule game resist sweet sweet unbearable live exist brake like care wanna second tryin play fair color photo refuse stare blame gossip channel wish say live exist live exist live exist say live exist rock fair close crib rid people stare look gucci stun illuminate privacy guard say live exist live exist live exist say live exist wanna know unpredictable life daily spot film trace cut like knife color photo refuse stare blame gossip channel wish say live exist live exist say live exist live exist,98,0.000923361,0.031279292,0.3645137444951006,0.000923361,0.000923361,0.000923361,0.054376198,0.2556053396553782,0.2094029882893766,0.000923361,0.033129127,0.000923361,0.000923361,0.000923361,0.000923361,world/life,0.1571428571428571
35799,billy currington,walk on,2008,country,modern miracle typical girl sidewalk stand superstar common world beautiful want stop picture pretty face shoot heaven steal kiss leave world throne want rest live instead catch breath shake head walk know see mind door number pray gift bridge cross distant dream hold want stop picture pretty face shoot heaven steal kiss leave world throne want rest live instead catch breath shake head walk foot walk know want stop picture pretty face shoot heaven steal kiss leave world throne want rest live instead catch breath shake head walk,88,0.000674764,0.3387907751252551,0.1277242680453973,0.000674764,0.000674764,0.000674764,0.048075048,0.000674764,0.000674764,0.000674764,0.000674764,0.000674764,0.079534517,0.1415824053767348,0.000674764,violence,0.1714285714285714
69867,311,inside our home,2017,reggae,road surround complain separate center stone thing hole line best intentions give half mention second glance country count days like view window bucolic peaceful everyday mountains ocean things truly turn look inside home home home hoome home home hoome inside home home home hoome home home hoome inside home strange harder stay complain thoughts doubt company days rise weight county feel count days like view window bucolic peaceful everyday mountains ocean things truly turn look inside home home get rougher rough harder know easily imperfectly perfect home home hoome home home hoome inside home home home hoome home home hoome inside home home home hoome home home hoome inside home,110,0.000683527,0.000683527,0.1836710278568128,0.000683527,0.000683527,0.000683527,0.000683527,0.000683527,0.000683527,0.3908702999757797,0.1520054314716077,0.1035337519569741,0.000683527,0.1029915612325862,0.000683527,music,0.042857143
54811,sarah vaughan,"you're mine, you",1955,jazz,belong free stay completely strong sweetly need night hand hand heart heart lips lips chain bind need slave hand hand heart heart lips lips chain bind need slave,28,0.002105263,0.002105263,0.002105263,0.002105263,0.1030500410987608,0.002105263,0.4964793480682049,0.002105263,0.002105263,0.002105263,0.002105263,0.002105263,0.2014960548520944,0.1673956080588693,0.002105263,romantic,0.9285714285714286
11901,wu-tang clan,shame on a nigga,1993,pop,shame nigga game nigga wild trigger shame nigga game nigga fuck dirty bastard live uncut style unbreakable shatterproof young youth wanna shoot blaow like fuck style ruthless wild wanna teeth knock fuck wanna like shout razor damage clan understand flavor gunnin hummin comin gonna capture method stature rhyme rapture niggas resignin master style fuckin wild terror razor sharp sever head shoulder better competta mean competitor shame nigga game nigga wild triblow react phat come blowin blow headphones black cali texas smoother lexus turn wreck brothers approach half step hear half fuckin real formin like voltron remember deep like navy seal shame nigga game nigga wild trigger shame nigga game nigga fuck come loco style vocal couldn peep pair bifocals joker play joker like house smoke crew actin like gang like warriors come play burn shit like diarrhea burn gonorrhea dirty shit stain drawers fizzafunky murder taste flame wutang come tiger crane like wild style punk play chump jump comin theater near funk like shoe,164,0.000548246,0.000548246,0.061647669,0.000548246,0.000548246,0.000548246,0.000548246,0.000548246,0.7174457021992322,0.000548246,0.1204339056047017,0.056380967,0.000548246,0.000548246,0.000548246,obscene,0.3857142857142857
13991,coldplay,don't panic,2000,pop,bone sink like stone fight home place grow live beautiful world yeah yeah live beautiful world bone sink like stone fight home place grow live beautiful world yeah yeah live beautiful world live beautiful world yeah yeah live beautiful world know cause yeah everybody somebody lean,46,0.001119821,0.1810880261870266,0.3262268636773274,0.001119821,0.1987396430394952,0.001119821,0.001119821,0.001119821,0.001119821,0.046032299,0.001119821,0.001119821,0.001119821,0.001119821,0.02291473,world/life,0.2857142857142857
22253,fred neil,blues on the ceiling,1965,country,blue ceiling head run wall floor blue light street blinkin lonely go blue alive crazy blue alive dirty letter word blue head blue neck misery blue alive crazy blue alive blue fool weary head cocaine couldn numb pain better dead blue light go sleep bitter blue better blue alive blue alive,51,0.001144165,0.4182935763136111,0.001144165,0.001144165,0.001144165,0.001144165,0.001144165,0.001144165,0.037728601,0.3762935728532618,0.001144165,0.051390609,0.001144165,0.044612179,0.001144165,violence,0.7857142857142857
75495,rush,2112 overture / the temples of syrinx,1990,rock,meek shall inherit earth take care word read songs sing picture pleasure work common need wonder priests temples syrinx great computers hallow halls priests temples syrinx gift life hold wall look world equality stock trade come join brotherhood nice content world banners unfurl hold proudly high hand priests temples syrinx great computers hallow halls priests temples syrinx gift life hold wall,61,0.001814882,0.1434653739078351,0.3445240362881971,0.001814882,0.001814882,0.001814882,0.1385628387332378,0.001814882,0.001814882,0.109630234,0.001814882,0.001814882,0.1689739681767246,0.001814882,0.001814882,world/life,0.4285714285714285
22558,george jones,life turned her that way,1966,country,cold bitter stop consider goin quick condemn things remember life turn walk step time hate admit footprint cry cry louder today blame life turn instrumental walk step time hate admit footprint cry cry harder today blame life turn blame life turn,41,0.001644737,0.1205951740780396,0.3789098760849478,0.001644737,0.001644737,0.034686187,0.001644737,0.001644737,0.001644737,0.001644737,0.001644737,0.001644737,0.001644737,0.4098877090558683,0.001644737,sadness,0.7714285714285715
39459,kane brown,american bad dream,2019,country,remember ninth grade gettin lay skippin class tryin catch gotta test bullet proof vest scar death shoot like close eye everybody start fallin devil disguise hide line hide truth american dream mess reality becomin numb tragedy somebody american dream american dream remember goin limit ticket inconvenience gettin stop cop play jury good ones worry showin doin like close eye everybody start fallin devil disguise hide line hide truth american dream mess reality becomin numb tragedy somebody american dream yeah american dream american dream like close eye everybody start fallin devil disguise damn american dream mess reality becomin numb tragedy somebody american dream american dream american dream american dream,108,0.000809717,0.3056876770689117,0.049314443,0.000809717,0.052555973,0.000809717,0.000809717,0.000809717,0.2696179492384796,0.000809717,0.000809717,0.065333869,0.000809717,0.000809717,0.064984037,violence,0.014285714
53018,the dead weather,lose the right,2015,blues,know poison potion lose reason long break ghost believe see know listen tell mean clear kill vicinity fair leave come lose right lose right mind go straight hell lose right tell anybody lick blind happen come close lose right know poison potion break like ghost ghost ghost ghost believe lose right lose right,53,0.001096491,0.3414943320517589,0.001096491,0.1500259701214604,0.001096491,0.001096491,0.001096491,0.3749546256646233,0.001096491,0.001096491,0.001096491,0.001096491,0.001096491,0.001096491,0.001096491,violence,0.071428571
1967,the miracles,mickey's monkey,1963,pop,alright everybody ready alright iiiiii iiiiii iiiiii iiiiii name come spreadin dance matter days dance teen craze people dancin begin monkey thing name doin monkey monkey children monkey monkey children monkey iiiiii iiiiii iiiiii iiiiii iiiiii iiiiii iiiiii iiiiii monkey monkey monkey doin monkey doin monkey monkey monkey monkey monkey monkey monkey monkey monkey mickeys monkey monkey mickeys monkey monkey iiiiii iiiiii iiiiii iiiiii,64,0.002631579,0.002631579,0.064123789,0.002631579,0.002631579,0.002631579,0.002631579,0.002631579,0.4288706526309035,0.002631579,0.002631579,0.1063574923295287,0.2398304213988923,0.002631579,0.002631579,obscene,0.8142857142857143
20395,lefty frizzell,making believe,1953,country,good break heart feel say teardrops start good break heart good make believe lose heart love heart sweetheart good break heart memories like make tear soul apart good break heart,30,0.001814882,0.001814882,0.001814882,0.001814882,0.001814882,0.001814882,0.048615819,0.001814882,0.001814882,0.001814882,0.001814882,0.001814882,0.001814882,0.6938294564957431,0.228516611,sadness,0.9571428571428572
20269,florida georgia line,simple,2019,pop,finger plus rocket science time hard true road traffic sunday drive piece land paradise long like easy look smile need complicate know overrate safe style simple simple simple simple simple simple live instagram worry bout give damn bout end rest history epiphany need like easy look smile need complicate know overrate safe style simple like string world mean like laughin little simple simple simple simple simple simple need complicate know overrate safe style yeah like easy look smile need complicate know overrate safe style simple like string world mean like laughin little simple simple simple simple simple simple simple simple simple simple simple simple,104,0.000604961,0.000604961,0.5821783062106584,0.000604961,0.056798216,0.050381241,0.000604961,0.000604961,0.057263655,0.000604961,0.000604961,0.000604961,0.012187412,0.000604961,0.000604961,world/life,0.014285714
81386,gane rimatore,slusaj ovo,2009,hip hop,try sneak try patch crack hole hide little time work okay long hurt figure rot away fuck know fuck know fuck know belong better good look cause shit heart try believe dress pretend change change fuck know fuck know fuck know belong remember come remember remember come remember remember come remember remember come remember remember come remember remember come remember remember come remember remember come remember remember come remember remember come remember fuck know belong fuck know belong fuck know belong fuck know belong,84,0.095715722,0.020305112,0.3907506537117886,0.000641849,0.000641849,0.016776157,0.000641849,0.1638261413996072,0.2273071512825086,0.000641849,0.000641849,0.000641849,0.000641849,0.07761688,0.000641849,world/life,0.1571428571428571
21878,george jones,your heart turned left (and i was on the right),1964,country,heart turn leave right couldn hurt dynamite think destiny heart turn leave right battle say arm tonight know lose know doubt heart turn leave right poor heart moan groan walk kick stone cupid sure bite lead warn go heart turn leave right yeah heart turn leave right heart turn leave right heart turn leave right,55,0.001052632,0.1007222187836482,0.001052632,0.1718716381407753,0.023315784,0.017086142,0.001052632,0.1476368152883964,0.001052632,0.001052632,0.001052632,0.001052632,0.001052632,0.5256831905518727,0.001052632,sadness,0.8
81952,gorilla zoe,dope boy,2017,hip hop,know need baby think need dope feel need nigga money want dope floor chair hundreds cushion morning like gonna wear mall fair pull mall black marciano rollers trunk clip fulla hollow park want problem know fresh head pull bitch go room drop home sell record ballin everyday bitch work hood bitch hood dope good bitch wanna fuck dope hood lyric commercial,61,0.033888382,0.00131579,0.00131579,0.001315789,0.066042982,0.00131579,0.001315789,0.00131579,0.5039918601032408,0.00131579,0.1361034474014301,0.00131579,0.001315789,0.001315789,0.095389205,obscene,0.042857143
14956,john mayer,come back to bed,2003,pop,life room inside things tell sweetest story line tear sheet footsteps tell moment go wrong morning say leave cold baby come come come come come know quick forgive sleep survive breath finish morning say leave cold baby come come come come morning afternoon instead leave ninetyeight degrees separation baby come come come come hold head hold head hold head hold head hold head hold,64,0.3093985083313094,0.3345434101883139,0.000923361,0.000923361,0.000923361,0.000923361,0.1312694892064572,0.1403774671301712,0.000923361,0.000923361,0.000923361,0.000923361,0.000923361,0.000923361,0.07148407,violence,0.2428571428571428
56422,herbie mann,what'd i say,1971,jazz,dododo comin home baby comin home right away dododo comin home baby sorry go away dodododoo miss night go stay comin home baby come home comin home baby know waitin comin home real soon go comin home baby know goin comin home know overdue go away feel pect real soon soon comin home come home comin home baby know prayin night gonna fine come home comin home baby want feel hold tight expect anytime arm alright arm fine comin home come home comin home baby know count everyday comin home yeahyeahyeah phone comin home baby baby hear comin home hearin comin home awake away comin home come home comin home baby know waitin door hold noohoh pressin baby pace floor hear holler hear roar gonna comin home come home comin home baby baby comin home comin home wrong road long baby ought write phone comin home roam baby tell comin home baby sure comin home comin home come home comin home baby come home comin home baby come home comin home baby come home comin home baby,177,0.2721520754350422,0.000326904,0.000326904,0.038852073,0.000326904,0.000326904,0.027382809,0.000326904,0.2517804086247404,0.3137235196561665,0.009528521,0.000326904,0.000326904,0.020866269,0.043287691,music,0.7
76478,radiohead,bullet proof ... i wish i was,1995,rock,limb limb tooth tooth stir inside hour wish bulletproof mould heat pin stab turn wish bulletproof bulletproof money shoot lead hole burst million bubble surrogate bulletproof bulletproof bulletproof bulletproof,29,0.004385965,0.3468160888296564,0.004385965,0.004385965,0.004385965,0.004385965,0.004385965,0.004385965,0.1349345763628718,0.004385965,0.004385965,0.1721142308230944,0.004385965,0.2803456288707865,0.004385965,violence,0.3571428571428571
57759,"earth, wind & fire",pride,1980,jazz,mighty come go pride linger heritage claim desire stand pride strong hold pride want come touch pout world doubt life scheme believe dream press self esteem participate time motivate energies brighter brighter mind view real heed stand tall fall time check pride relieve doubt pride want come touch,48,0.001547988,0.3450175469996336,0.37517319,0.001547988,0.001547988,0.001547988,0.096744461,0.001547988,0.001547988,0.001547988,0.001547988,0.001547988,0.035198465,0.001547988,0.067370981,world/life,0.5714285714285714
74743,queensrÿche,i will remember,1986,rock,cold wind tonight chill distant eye orbit survey findsyour mind remember remember come tonight think fill mind vision time knowledge confine wonder machine steal dream point unseenit real remember remember come tonight light know gaze even reach mind nation eye hideit remember remember come tonight remember remember come tonight,49,0.058286974,0.083387081,0.3349320451385225,0.2577034831543462,0.001385042,0.001385042,0.001385042,0.001385042,0.001385042,0.001385042,0.001385042,0.2194684153660626,0.001385042,0.001385042,0.02821646,world/life,0.4857142857142857
39000,upchurch,burnin,2018,country,burnin wanna flame blue flame blue yeah burnin wanna touch flame flame yeah burnin stage smoke doob smoke doob yeah burnin wanna like stay bustin block fresh sixties bitch straight showin titties boot tip color bullets bitch cousin heat like yeast cook round lethal weapon bass truck hear thump bitch root deeper hickory stump bunch motherfuckers coat tail wiser think hang head like couldn tell go party hell burnin wanna flame blue flame blue yeah burnin wanna touch flame flame yeah burnin stage smoke doob smoke doob yeah burnin wanna like rack couple slug shawty name write shell ones causin problems go boss hoggin ride jam swampy yeah speak swampy cajuns bring dirt government pave yeah come slay fuck legend legendary play bitch bunch motherfuckers coat tail wiser think hang head like couldn tell go party hell burnin wanna flame blue flame blue yeah burnin wanna touch flame flame yeah burnin stage smoke doob smoke doob yeah burnin wanna jujuju,160,0.00055991,0.00055991,0.00055991,0.00055991,0.1181477595023963,0.00055991,0.00055991,0.00055991,0.3031508884302653,0.1094697693337746,0.1728754278261764,0.1876857801002595,0.00055991,0.00055991,0.00055991,obscene,0.028571429
13985,s club 7,never had a dream come true,2000,pop,everybody leave regret yesterday grow time look wonder wonder know ways dream come true pretend move baby word word think think know matter life take yeah memory lose sense time tomorrow cause yesterday fill mind look wonder wonder know ways dream come true pretend move baby word word think think know matter life take dream fill head know baby know forget look wonder wonder strange funny thing funny thing matter goodbye dream come true pretend move baby word word think think know matter life take,85,0.076074062,0.000611995,0.3108020529091458,0.000611995,0.024268397,0.000611995,0.016523504,0.5637640525544889,0.000611995,0.000611995,0.000611995,0.000611995,0.000611995,0.000611995,0.000611995,world/life,0.2857142857142857
12830,mc lyte,cold rock a party,1996,pop,beat beat clap hand clap hand ready cause want everybody house house house cold party bgirl stance floor fellas wanna dance shit good understand stop scheme try look hard bodyguard booty scar veteran mean game long days paper put homies baddest bitch flow like butterfly like spectacular break give best lot years game request like rhyme bite dare paper care epitomy real suppose fuck time drop fuck bullet baby take spot guide beat ride look hard tell skin breathe lyte everlasting hard believe shall prevail cause cause claim plan brooklyn rest studio city understand explain cause nature best east east ready arrive live show survive cause crazy capture tactics witness ruffnecks york poor prove type move guide beat ride look hard tell shit gotta like try like understand woman land hiphop shit stop go shit stop till break make liver hiphop scuba diver chill pina colada kidada hook gear like share yeah right kani get shit catwalk better real crew cause ride beat ride look hard tell house house,169,0.009374068,0.044421278,0.066307287,0.000431406,0.010306384,0.025858204,0.000431406,0.1307598023433304,0.522355308,0.000431406,0.1252639589826124,0.000431406,0.018392835,0.000431406,0.000431406,obscene,0.3428571428571428
21993,george jones,book of memories,1964,country,steal world cheat deceving go free book memories inside book page black photograph hide dream book memories photograph show hide daddy knee book memories instrumental inside book page black photograph hide dream book memories photograph show hide daddy knee book memories,41,0.001697793,0.2387811717398343,0.342171829,0.001697793,0.001697793,0.067436776,0.001697793,0.001697793,0.001697793,0.001697793,0.001697793,0.001697793,0.09272534,0.2351157822671513,0.001697793,world/life,0.8
12569,mary j. blige,not gon' cry,1995,pop,time love busy love stop breathe tell busy love years life kid waste years fool wife leave long time shed tear time cause tear say shed tear tear time cause tear lover secretary work week help feet years sacrifice leave drop dime swallow fear stand leave thousand time shed tear deserve better time cause tear gonna shed tear say shed tear gonna time cause tear know guarantee guarantee chance chance unfair unfair look circumstances sickness health death word say hearts leave lover secretary work week help feet years sacrifice leave drop dime swallow fear stand leave thousand time say go go go go shed tear gonna time time cause tear gonna shed tear cause lie shed tear gonna say time cause tear tear gonna shed tear tear cry time gonna shed tear cause tear wrong wrong wrong shed tear gonna shed tear time cause tear,145,0.000453721,0.040155847,0.024096154,0.1652655847744562,0.000453721,0.032160791,0.0470781,0.000453721,0.000453721,0.000453721,0.1804684208190302,0.000453721,0.000453721,0.40962544,0.000453721,sadness,0.3571428571428571
16845,twenty one pilots,march to the sea,2009,pop,land die step die breath fall line stranger feet look leave right fall line look anymore cause raindrop heaven forbid fall line time year line ocean walk right fall asleep near land ocean grave sand question fall line corner spaceship hear voice inside head follow instead follow instead follow instead follow wag start inside head counterpart emotionless marchers chant phrase line start sand eye focus land voice inside head say follow instead follow instead follow follow instead follow instead follow instead follow instead follow instead seal door want march anymore realize line dead follow instead place start march,98,0.000619195,0.6852737786354192,0.000619195,0.060629027,0.000619195,0.000619195,0.000619195,0.000619195,0.000619195,0.000619195,0.030103116,0.060709965,0.000619195,0.1411326139578705,0.000619195,violence,0.1571428571428571
59841,pete rock,take your time,1998,jazz,zone go coast east coast coast nation worldwide know mean relax kick feet spark blow lady sunrise start ease pain sweat simple things time thing grain sand pass hand hand watch time stand grow drum spin record collect go create perfect unexpected funky beat sound watch family slide right cousin pound watch young ones play think fresh style plus word time life time walk line matter time time walk line matter time time walk line matter time ooooh matter time feel flow unwind relax mind stay time peace mind douse soul control goal see world pass young unfold tale scale year black people prevail straight years time permit continue tap walk fine line hate time walk line matter time time walk line matter time time walk line matter time ooooh matter time,132,0.000526316,0.059835115,0.1573221325490637,0.3406494627341137,0.000526316,0.000526316,0.000526316,0.057882673,0.055905328,0.000526316,0.2315330814506763,0.000526316,0.041932856,0.000526316,0.000526316,night/time,0.3142857142857143
49899,queens of the stone age,do it again,2002,blues,fall tight lower lower lower lower live easy know know till tight leave meet leave tight need time live life pretend,21,0.002923977,0.002923977,0.3314875398146316,0.002923977,0.002923977,0.002923977,0.2919924203195495,0.1681612766744414,0.002923977,0.002923977,0.002923977,0.002923977,0.002923977,0.164499113,0.002923977,world/life,0.2571428571428571
10179,brian wilson,there's so many,1988,pop,dream dream dream true fantasy fantasy world risk lose heart break think wonder take long wonder know belong face angels heaven planets spin songs sing thankful bring scar apart gonna mend break hearts start tonight wonder know belong wonder take long arm feel strong planets spin planets spin,48,0.001283697,0.001283697,0.001283697,0.073351277,0.001283697,0.001283697,0.001283697,0.094267621,0.001283697,0.098008728,0.001283697,0.2508824500180289,0.001283697,0.4407970285772027,0.001283697,sadness,0.4571428571428571
40989,john lee hooker,just me and my telephone,1961,blues,telephone people telephone talk company baby telephone keep ring time leave telephone ring know people go wrong know know people telephone call go downtown morning operator whats wrong telephone ring order say say telphone dead know know go wrong baby come home telphone ring time baby come home telphone ring time know know friends,54,0.1098532364292604,0.023410739,0.001119821,0.057812949,0.001119821,0.001119821,0.001119821,0.323847927,0.001119821,0.3557629083033143,0.001119821,0.001119821,0.058549164,0.001119821,0.057325226,music,0.8428571428571429
40104,ella fitzgerald,lush life,1957,blues,visit place comewhatmay place relax axis wheel life feel life jazz cocktails girls sullen face distant trace wash away clock tales come siren song tempt madness think awhile poignant smile ting sadness great wrong wrong life lonely year sure life awful trough hearts bore week paris ease bite care smile spite forget burn inside brain romance mush stifle strive live lush life small dive rest lifes lonely,67,0.001349528,0.083769903,0.3142891955707113,0.001349528,0.001349528,0.001349528,0.001349528,0.071704574,0.001349528,0.038288022,0.1928137316901244,0.001349528,0.001349528,0.2815907137121961,0.001349528,world/life,0.9
18681,travis scott,apple pie,2015,pop,thing sweets guess street friends come whip recipe thing sweets guess street come recipe want apple mama yeah tryna niggas blockin yeah spot straight nigga diamonds blocka come backup bitch straight stasher ounce garlic away draculas seek home leave lone cause want apple mama want apple yeah want apple mama want apple need pepper pepper pepper pepper seed need remeremedy legacy yeah want apple mama need pepper legacy recipe come nominate spot see blow hate break heart legacy goyard break pocket paris lettin beat appearance niggas hatin makin season htown know stunt real rollie tick look bitch rodeo goin bullshit want apple mama wanna niggas blockin rapper shit lighter dresser yeah tonight tonight tonight tonight tonight tonight será será story go forth evolution absolute tour show groupie whore wouldn hesitate shoot forever elephant room tell head body belligerent militant group sponsor revolution televise decide cross guy obviously illadvised question arise mind survive rodeo,153,0.026108414,0.048101895,0.000634115,0.1002489995891652,0.093158756,0.082895545,0.000634115,0.099799312,0.3344873257271097,0.000634115,0.051141424,0.000634115,0.000634115,0.047450732,0.000634115,obscene,0.071428571
23123,waylon jennings,sorrow (breaks a good man down),1968,country,disappointments weigh heavy leave wreckage good respect sorrow break good good good life sadness dread darkness hate daylight sorrow break good remember good time world claim leave take night wind speak stop love stop live answer ambition exist sorrow break good remember good time world claim leave take night wind speak sorrow break good,54,0.001196172,0.001196172,0.3155721611470736,0.04531143,0.001196172,0.001196172,0.025966379,0.001196172,0.001196172,0.001196172,0.001196172,0.1181482057841383,0.001196172,0.2279821266571424,0.2060149130609821,world/life,0.7428571428571429
47664,t-bone walker,blues is a woman,1991,blues,blue woman woman blue woman woman shes near leave blue feelin pain heart blue feelin pain heart dont feel shes ache apart blue song sing night blue song sing night woman make sing blue,34,0.001697793,0.001697793,0.001697793,0.001697793,0.001697793,0.001697793,0.2616903128045837,0.001697793,0.001697793,0.4395949399971474,0.001697793,0.001697793,0.001697793,0.1711906055650512,0.102057248,music,0.4142857142857143
9299,orchestral manoeuvres in the dark,so in love,1985,pop,talk save breath look smile close eye impress run blind fall trick twist mind heaven cold soul hard believe prayers build hop walk away phone waste time divine heaven cold soul hard believe things say obsess talk talk best heaven cold soul hard believe,44,0.001315789,0.3053877867665395,0.1605783848256205,0.00131579,0.001315789,0.00131579,0.00131579,0.2681435525216513,0.00131579,0.001315789,0.00131579,0.093139934,0.00131579,0.1543292890128013,0.001315789,violence,0.5
59037,holly cole,calling you,1992,jazz,desert road vegas someplace better coffee machine need fix little café bend call call hear call wind blow right baby cry sleep feel change come come closer sweet release call call hear call desert road vegas someplace better coffee machine need fix little café bend wind blow right baby cry sleep feel change come come closer sweet release call call hear call,62,0.1225246443628923,0.001119821,0.093700142,0.1145542194424129,0.035753935,0.062349293,0.001119821,0.001119821,0.001119821,0.4334042566844969,0.082495594,0.001119821,0.001119821,0.001119821,0.042899885,music,0.4
75490,alice in chains,died,1990,rock,climb reach angels reside junkies apply leave fault know know ohhhh heart dry beat slow deflate die die die drop touch sinister visit attractions flippin aside leave rot fault know know ohhhh heart dry beat slow deflate die die die ohhh heart dry beat slow deflate die die die climb reach angels reside drop touch sinister ohhhh heart dry beat slow deflate die die die die die die die,69,0.001169591,0.4326205592112422,0.001169591,0.001169591,0.001169591,0.001169591,0.001169591,0.068308282,0.001169591,0.001169591,0.001169591,0.1101189029723467,0.001169591,0.1906192782219903,0.001169591,violence,0.4285714285714285
44741,the blues brothers,hey bartender,1978,blues,exchange number face heartaches profile stories help hustle sleep smile keep creep touch body party party party party party party party party learn forgiveness fuck know friends start notice lose need witness come connections party party party party party party party party gonna wait till famous want lose crowd gonna wait till famous know belong cause go watch watch watch watch wish trust cause potential hide agenda mention read intentions ones smile stalk game talk talk talk away gonna wait till famous want lose crowd gonna wait till famous know belong cause go watch watch watch watch watch yeah watch gonna wait till famous want lose crowd gonna wait till famous know belong cause go watch watch watch watch watch know watch know,123,0.000510986,0.000510986,0.000510986,0.085449518,0.013847986,0.000510986,0.000510986,0.05827193,0.5206618078169941,0.000510986,0.000510986,0.000510986,0.000510986,0.1670004679927447,0.022514843,obscene,0.6
71897,black sabbath,children of the grave,1971,rock,revolution mind children start march world live hate hearts tire push tell fight world come flow yeah children tomorrow live tear fall today sunrise tomorrow bring peace world live atomic fear fight peace disappear yeah children world listen want better place live spread word today world alive brave children today children grave yeah children grave children grave,57,0.000993049,0.2707197113967321,0.3945671974517872,0.000993049,0.059263927,0.000993049,0.000993049,0.000993049,0.000993049,0.000993049,0.000993049,0.000993049,0.2337459316844905,0.000993049,0.000993049,world/life,0.7
28334,todd rundgren,johnee jingo,1985,country,trainee lie opportunity defend border life swear generation native bear johnee jingo johnee jingo lose battle general say couldn fight proud bitter pass favorite johnee jingo johnee jingo jingo fight jingo speak jingo fight jingo speak own land grip begin slip call johnee jingo johnee jingo throne pulpit politician create thirst power common taste blood pass bravery patriotism hide bigotry johnee jingo johnee jingo johnee jingo johnee jingo johnee jingo johnee jingo jingo speak jingo fight johnee jingo johnee jingo jingo speak jingo fight johnee jingo johnee jingo jingo speak,90,0.001754386,0.8285668262696142,0.001754386,0.001754386,0.001754386,0.001754386,0.001754386,0.001754386,0.001754386,0.052350423,0.001754386,0.001754386,0.091012574,0.001754386,0.001754386,violence,0.5
48973,kenny wayne shepherd,everything is broken,1997,blues,yeah break live break string break thread break spring break idols break head people sleep break bed jivin jokin yeah break break bottle break legs break switch break break dish break part streets fill break hearts break word mean speak break like time stop turn grind break cutters break saw break buckle break laws break body break bone break voice break phone deep breath feel like chokin break instrumental bridge yeah time leave someplace things fall piece face break hand break plough break treaties break vow break pip break tool people bend break rule hound howlin bull frog croakin break break break break whohoh yeah yeah break,107,0.000649773,0.1486297168955728,0.000649773,0.000649773,0.063370689,0.000649773,0.000649773,0.000649773,0.000649773,0.028161455,0.029232865,0.000649773,0.030902606,0.6791022024400398,0.000649773,sadness,0.3285714285714285
75441,nine inch nails,sanctified,1989,rock,get worse try aside touch fingertips word spill like lips say come inside come inside say justify purify sanctify inside heaven rumor dispel walk nicest part hell bitch dream lips kiss know exactly resist say come inside come inside say justify purify sanctify inside dear hardest letter write hop quickly know possible know go happen sorry difference ease pain shame feel forgive catch spell turn everyday pray say come inside come inside say justify purify sanctify inside justify purify sanctify inside justify purify sanctify inside justify purify sanctify inside surely blade course maybe kingdom finally come,96,0.1228257178716924,0.034815755,0.000877193,0.000877193,0.000877193,0.000877193,0.1089666075934951,0.3133834247479869,0.029883328,0.000877193,0.000877193,0.000877193,0.000877193,0.3787216578151429,0.000877193,sadness,0.4428571428571428
59012,"harry connick, jr.",with imagination (i'll get there),1991,jazz,travel mile home travel mile seed unsown travel mile finally imagination start dream come decision start dream mission goal vision imagination strong climb strong fate fulfill strength stronger imagination father house harsh word speak father house vow break holy place soul like beam oaken imagination weary world spin weary world heaven discover earth sister brother imagination gonna stand cause loyal stand common afraid cross toil imagination imagination imagination oooh gonna mmmmm know time cross toil imagination gonna,77,0.00122399,0.1701333115349699,0.3318046226722925,0.00122399,0.00122399,0.041512125,0.00122399,0.00122399,0.00122399,0.00122399,0.213142176,0.00122399,0.1448504475131145,0.00122399,0.00122399,world/life,0.4142857142857143
78150,alexisonfire,this could be anywhere in the world,2006,rock,claw bury neck take live hate streets distress suffocate darken sky grass grow feet sink long deep lineup endless underneath salvation sign dead ones lose cause bend break step seal fate city city haunt ghost ghost break home home city city haunt leave souls souls step leave small piece soon leave crack pavement match crack weather skin brick wall grind juggernaut closer catch stare amazement believe live breath feel lungs seal breeze feel like shards glass scar skin city city haunt ghost ghost break home home city city haunt leave souls souls step seal fate step seal fate celebration come join lose souls celebration come join lose souls city city haunt ohhh walk ohhh walk city city haunt ghost ghost break home home city city haunt leave souls souls,129,0.000578369,0.3865294167453679,0.000578369,0.000578369,0.000578369,0.000578369,0.000578369,0.000578369,0.000578369,0.080044682,0.3664173651096754,0.000578369,0.000578369,0.1583330008949866,0.000578369,violence,0.2
75892,house of pain,top o' the morning to ya,1992,rock,come want irish leprechaun wanna fight step right grill white decendant dublin titanic skill duck swing thing break punk jokin chokin fist nuttin puffin blunt punk know half tryin talk shit laugh irish eye smilin buckwhylin house pain pumpin start jumpin freak funk seat trunk wind sweatin beatin like hard break house pain come cake tryin crumb irish stylee celtic jazz shillelagh dread cause shave head daily skinhead head like heart come good pick fuckin homeboy clown like krusty trust shouldn play mornin hassle mornin hassle mornin hassle mornin givin hassle greet salutations peace nations zulu islam crack bottle throttle gear steerin like andretti kick cause wicked noise like cricket rubbin legs rhyme like egg layin sayin house pain plain straight hell kiss tell friends know gotta delay extra extra read doubt scream shout house pain soon reign hiphop scene white gold green shit backflip like jedi roll groove smooth come correct respect flowin collectin dough girlfriend hoein know spring know spring cause hang like shetland pony gettin pay like sony play like phony cause real like bowl maltomeal,179,0.00055991,0.125942046,0.00055991,0.00055991,0.00055991,0.00055991,0.000559911,0.00055991,0.7083634943128895,0.059698877,0.00055991,0.00055991,0.00055991,0.049888704,0.00055991,obscene,0.4
39128,kelsea ballerini,fun and games,2018,country,cool know like merrygoround need dramatic baby know word maybe maybe word come cause game poker face place hold close like card tell joker queen hearts queen spade stay time game wanna play play wanna play play good goodbye stick inbetween cause time fine lonely know table saturday night fatal care label cause game poker face place hold close like card tell joker queen hearts queen spade stay time game wanna play play wanna play play maybe circus leave game poker face place hold close like card tell joker queen hearts queen spade stay time game wanna play play wanna play play yeah think upperhand hand think upper hand hand cool know like merrygoround,114,0.016075594,0.000548246,0.000548246,0.052224469,0.014311048,0.000548246,0.088397692,0.172566842,0.3291512998164488,0.000548246,0.000548246,0.000548246,0.000548246,0.1290184267130441,0.000548246,obscene,0.028571429
66934,gentleman,live it up,2003,reggae,ghetto youths live live live live righteousness live live live live time live live live live righteousness bigger judgement gentleman life grant live life ramp takin advantage free bandage learn aprichilove aprichihate anywhre righteousness congregate heart soul human race little thing time place live live live live righteousness live live live time live live live live wicked want frig live live live live bigger jugdement live life yeah life live yeah remember positive yeah live life life sarrow prepare better tomorrow ghetto youths live live live live time live live live righteousness live live live live rastafari live live live live bigger judgement gentleman tell live life ready counteract cause concience hold ready bus glock daddy send message livity stop call livity definity word bring infinity babylon limit hour minute choose reghteoss life higher supremicy tell rastafari live live live live davidhouse live live live live righteousness live live live live wickedman want frig live live live live bigger judgement guiltiness beat brain like drum capleton speechless dumb cyaan word come tongue wholepa ghetto youth push slum coke opium wholepa shoot diss live live live live,186,0.000427899,0.050938599,0.770332589,0.026715097,0.02685985,0.019582807,0.000427899,0.000427899,0.000427899,0.000427899,0.000427899,0.009528,0.02929713,0.01006807,0.000427899,world/life,0.2428571428571428
42581,jefferson airplane,good shepherd,1969,blues,want heaven shore stay blood stain bandit good fee sheep heart rejoice hear lamb callin good fee sheep want heaven shore stay long tongue liar good fee sheep heart rejoice hear lamb callin good fee sheep want heaven shore stay shoot devil good fee sheep heart rejoice hear lamb callin good fee sheep,53,0.001461988,0.3745805540988038,0.001461988,0.057486171,0.001461988,0.001461988,0.001461988,0.001461988,0.001461988,0.001461988,0.001461988,0.1524901014189882,0.001461988,0.142600124,0.1688651150013017,violence,0.7285714285714285
18839,travis scott,antidote,2015,pop,open window antidote yeah poppin pills know hill know hollywood door lowkey night open window antidote yeah party sunday monday time spend check weekend boss shit peat fuck hoe week horry hoe nigga nono straight want coco cocaína want dinero dinero door feds shhh open window antidote poppin pills know hill know hollywood door lowkey night night oooohhwah night higher night oooohhwah night nigga night happen night happen night oooohhwah night happen night night bitch home night straight fuckin right catch flight night pip bottle right sippin light flame type night twice night night night night yeah night happen night night happen night stackin young nigga know gotta nigga hatin stankin waitin mistake dyin stayin lord think satan callin crazy different occasion kickin cameraman stag cause like snappin angle overboard overimpatient niggas kid age dealin shit complicate like bitch relate htown like number late night late wanna roll place poppin pills know hill know hollywood door lowkey night open window antidote,161,0.000521105,0.000521105,0.000521105,0.3190928107127527,0.032155935,0.011649041,0.000521105,0.1318801689059734,0.2891430562340187,0.000521105,0.1070324441006315,0.088150921,0.000521105,0.000521105,0.000521105,night/time,0.071428571
23607,willie nelson,once more with feeling,1970,country,feel feel hold till night fade feel feel hold close feel away run tell remember wrap tight shelter arm stay feel feel,22,0.002392345,0.002392345,0.002392345,0.002392345,0.002392344,0.002392345,0.4175842556020714,0.002392345,0.002392345,0.002392345,0.002392345,0.002392345,0.002392345,0.2370212627242029,0.307116968,romantic,0.7142857142857143
65518,burning spear,hail h.i.m,1994,reggae,hail hail fari hail fari hail good hail hail food hail shelter hail clothe hail everythin everythin good hail fari hail fari rest hail light hail hail apology hail imperial majesty hail hail fari hail guidance hail protection hail providance hail good hail fari hail fari hail league wrong speak right iand hail hail fari hail fari hail good hail apology hail fari hail,64,0.004784689,0.192359767,0.004784689,0.1407420165263101,0.004784689,0.004784689,0.004784689,0.004784689,0.004784689,0.004784689,0.00478469,0.097584485,0.004784689,0.004784689,0.4975433942681545,feelings,0.3714285714285714
79754,the garden,egg,2015,rock,feel like trudge change couldn grasp wasn felt dunces glare fragile egg likely crack pick track straighten advance forward look break bubble block sense machine rebuild test think best fragile egg likely crack pick track straighten advance forward look halfcomplete life go open smoke prevail need fragile egg likely crack pick track straighten advance forward look halfcomplete life go open smoke straighten prevail need need,65,0.001503759,0.00150376,0.1588043611252015,0.001503759,0.071595131,0.001503759,0.001503759,0.00150376,0.3789003795435628,0.001503759,0.2255995589104717,0.001503759,0.001503759,0.00150376,0.085003239,obscene,0.071428571
9001,howard jones,new song,1984,pop,wait long come sing song fool fool hear whoa song friends challenge hearts challenge preconceive ideas say goodbye long stand fear crack bend brain side throw mental chain crack bend brain side throw mental chain wanna cool wanna play rule thumb cynical lade doom crew crack bend brain side throw mental chain crack bend brain side throw mental chain wait long come sing song fool fool hear song friends challenge hearts challenge preconceive ideas say goodbye long stand fear crack bend brain side throw mental chain,86,0.000822368,0.3525756351814374,0.000822368,0.062461088,0.01701572,0.000822368,0.035559226,0.000822368,0.000822368,0.1859309614173324,0.064940248,0.000822368,0.096106721,0.1322157799255239,0.000822368,violence,0.5142857142857142
8759,the fixx,the sign of fire,1983,pop,heart stone try reach altar stone try warn wouldn wear brimstone try warm desire tone voice dare question forget home live wear brimstone sign draw heat desire telephone try reach know life tear lover tomb mention warm sign draw heat desire sign heart stone sign repeat,46,0.001315789,0.578590359,0.00131579,0.00131579,0.001315789,0.001315789,0.1469970421906881,0.1143960512739779,0.00131579,0.061350844,0.00131579,0.00131579,0.00131579,0.080244651,0.001315789,violence,0.5285714285714286
45616,jethro tull,overhang,1982,blues,good morning gentlemen uneasy frown recall answer make feel want mind incline think night overhang hotel room battleground wallet go jacket tear memory hazy grey remember creatures feet tall safety break fall night crawl overhang overhang overhang watch demons spirit glide head nearest better lead tonight crawl overhang overhang crawl overhang overhang overhang,53,0.001814882,0.3628008045845337,0.060370433,0.1563816060377111,0.001814882,0.001814882,0.001814882,0.001814882,0.001814882,0.001814882,0.001814882,0.001814882,0.04091909,0.1737678295409914,0.1432411223632688,violence,0.5428571428571428
39709,justin moore,why we drink,2019,country,cause friday cause monday cause charcoalburnin sunday cause gonna drink cause cause sundown cause wind need little unwind cause workin yeah drink cause cold cause cause boat sittin line cause little mess cheaper danged shrink cause grow cause kid cause doin things cause daddies cause alcohol abuse pour sink yeah drink cause team lose cause team cause sweet home alabama come cause lookin reason raise yeah drink cause cold cause cause boat sittin line cause little mess cheaper danged shrink cause grow cause kid cause doin things cause daddies cause alcohol abuse pour sink yeah drink good friends good time white blue boys girls overseas cause cold cause cause boat sittin line cause little mess cheaper danged shrink drink cause grow cause kid cause doin things cause daddies cause alcohol abuse pour sink yeah drink yeah drink drink,138,0.000487329,0.000487329,0.000487329,0.000487329,0.087129255,0.035624928,0.010480639,0.1218154025614339,0.3395812331542934,0.000487329,0.3547009905880016,0.000487329,0.000487329,0.000487329,0.000487329,obscene,0.014285714
79629,vance joy,straight into your arms,2014,rock,walk door drop key shoe straight arm safe feel like wait straight arm safe go yesterday fell straight straight arm take straight straight arm straight arm straight arm straight arm track sleep come home arm baby best time precious go yesterday fell straight straight arm take straight straight arm straight arm straight arm straight arm wait wait heart call call go yesterday fell straight straight arm take straight straight arm straight arm go yesterday fell straight straight arm take straight straight arm straight arm straight arm,86,0.018128971,0.000619195,0.000619195,0.058617794,0.000619195,0.000619195,0.2273787172341013,0.000619195,0.3747947360713198,0.031308669,0.000619195,0.000619195,0.000619195,0.2339375170299943,0.048403255,obscene,0.085714286
31541,martina mcbride,safe in the arms of love,1995,country,heart ready rock chair need somebody care tire live solitaire someday go safe arm safe arm strip heart start snow highwire know someday want arm know safe arm want fall know catch safe arm want heart forever want eye satisfy go hang heartaches safe arm,45,0.001283697,0.001283697,0.040656977,0.033116,0.001283697,0.001283697,0.1825606530774191,0.053541466,0.001283697,0.030099574,0.001283697,0.001283697,0.02665347,0.4192592564925982,0.066618228,sadness,0.3571428571428571
13551,trick daddy,back in the days,1999,pop,days wasn aid wasn afros braid wasn nuttin straight fade niggas twist lock grow quick gunplay bout flow nigga know thinkin bout round time worst thing remember see head bash gettin blow chest tear block rope clip house fuckin round runnin damn mouth days wadn bout fame wudn bout plus wudn thang kill nigga rest life chain gang shit change know strange maintain stack flow fuck hoe stay fuck chain gang hook hoe shame hoe play game fuck fame heat hang theyll crackers thell oath swear tell truth clown crew list shit like fuck house tell spot throw away glock bitch shoot catch drop ninetyseven drop top trip grill flip time date deal deal crib build muthafuckin guilt days wudn couldn bitch snitch go fuck niggas slimy hoe world flip script hook days pimp pay hoe slay alot money save playa dade slay boys raisin poor choice shit change mean nigga come take peep yall game ovalooked pain tryin friends wudn tryin problem skin clan send young poor black straight beef black black gats cracker talk slick whack nigga days young afraid dumb trap maze hook,186,0.000465766,0.07919022,0.1684644775237438,0.000465766,0.000465766,0.000465766,0.000465766,0.000465766,0.6703854735557491,0.000465766,0.000465766,0.000465766,0.053931651,0.02150745,0.000465766,obscene,0.3
14144,saves the day,freakish,2001,pop,talk word slip floor crawl legs slide door render freakish daze know thing know awkward silence eyelids close shut walk streets heel bleed sing song bird wish sing tunnel center universe know thing know awkward silence eyelids close shut freeze blank horizon forget decent night sleep know thing know awkward silence eyelids close shut know thing know awkward silence eyelids close shut shut shut shut shut shut count shut shut,70,0.001031992,0.5038009309808144,0.001031992,0.001031992,0.001031992,0.001031992,0.001031992,0.3362514270887407,0.001031992,0.090549761,0.001031992,0.053918004,0.001031992,0.001031992,0.001031992,violence,0.2714285714285714
63329,the tennors,ride your donkey,1968,reggae,little laddie daddy buy fiddle tune play tune play ride donkey gallop donkey deep heart daddy know smart cause tune play tune play ride donkey gallop donkey,27,0.002770083,0.002770083,0.002770083,0.002770083,0.002770083,0.1635200435178448,0.002770083,0.002770083,0.002770083,0.4432404991754101,0.1815583110180709,0.002770083,0.002770083,0.1701298983066343,0.002770083,music,0.7428571428571429
77580,pearl jam,i am mine,2002,rock,selfish stand line faithing hop time figure breath go mind north south clock time east life know bear know inbetween feel get leave innocence lose time lyric commercial,28,0.00228833,0.096545102,0.09595758,0.3251029970013359,0.00228833,0.00228833,0.00228833,0.1822370035161992,0.00228833,0.00228833,0.00228833,0.00228833,0.088629486,0.00228833,0.086922331,night/time,0.2571428571428571
32910,ray wylie hubbard,crows,1999,country,come gray blue shake like tambourine spit act like gasoline drone drool doin nothin heaven sake like crow die snake crow like eagle die snake see knife walkin railroad track accuse lay workin back drone drool doin nothin goodness sakes like crow die snake crow like eagle die snake look sleep come flesh start playin keep drone drool doin nothin sake like crow die snake crow like eagle die snake,70,0.00150376,0.3091522468374434,0.001503759,0.001503759,0.001503759,0.001503759,0.001503759,0.001503759,0.4591937350386302,0.039309354,0.001503759,0.00150376,0.00150376,0.001503759,0.001503759,obscene,0.3
47414,the fall,telephone thing,1990,blues,hear telephone thing listen hear telephone thing listen dare assume want parlezvous sorry short tap tap hear telephone thing listen hear telephone thing listen smug advertisements tendril ocean achievements justify abuse privacy piracy hear telephone thing listen feel telephone thing listen dare assume want parlezvous nosey matron thing hear telephone thing listen sense hear telephone thing listen dare assume want parlezvous nosey matron type home secretary barest faintest inkling go hear telephone thing listen hear telephone thing listen amug advertisements tendril ocean achievements justify abuse privacy piracy hear telephone thing listen telephone thing listen dare assume want parlezvous thing hear telephone thing listen sense hear telephone thing listen sense hear telephone thing listen hear telephone thing listen hear telephone thing listen dare assume want parlezvous tap hear telephone thing listen hear telephone thing,133,0.000578369,0.000578369,0.000578369,0.000578369,0.000578369,0.000578369,0.000578369,0.3112930686173749,0.000578369,0.6093275763868874,0.000578369,0.000578369,0.000578369,0.000578369,0.000578369,music,0.4285714285714285
2305,the beach boys,why do fools fall in love,1964,pop,doom bopa doom bopa doom bopa fool fall bird sing awake break fall rain fall fool fall fall heart crazy beat fore know fail beat tell fall fool fall doom bopa doom bopa doom bopa bird sing awake break fall rain fall fool fall fall tell fall tell fall,49,0.001422475,0.001422475,0.001422475,0.001422475,0.001422475,0.001422475,0.001422475,0.089947664,0.001422475,0.1195587663539346,0.001422475,0.001422475,0.001422475,0.6853077949983043,0.001422475,sadness,0.8
44811,the fall,flat of angles,1979,blues,dragnet gunblast paper father hold picture soninlaw kill kill wife waste life vein evil serum trap flat angle hide flat angle right gables bust ring callers coupon gasboard dragnet gunblast trap flat angle rent cage flat angle right gables start floorboards degrees window doors open specification keep stupid neighbour safe flat angle cheap rent flat angle gables fight type story murder life soap operas room dirty laundry flat angle hide flat angle right gables drag laundry mercenary eye streets mercenary eye stretch flat angle long leave flat angle gables reward gunblast reward gunblast reward gunblast write stories dragnet phone dragnet,100,0.001461988,0.5454801265121568,0.055661098,0.1682594773424935,0.001461988,0.001461988,0.001461989,0.001461988,0.001461988,0.001461988,0.1804270167228347,0.001461988,0.029704444,0.001461988,0.001461988,violence,0.5857142857142857
36427,the lacs,me and my boys (feat. jb and the moonshine band),2010,country,meet hard shots nothin baby party start nothin money jukebox song nothin wrong beer yeah domestic brew dance floor shots gonna party early morn turn cell phone boys gonna home cause boys drink come doin hell havin talk little shoot maybe miss lady get tilt boys drink boys drink boys drink cold river night moonshine taste sweet apple bonfire blowin house cause dirt road rider spike cider boys bout pull nighter loud speakers truck gettin loud gettin drink come cause boys drink come doin hell havin talk little shoot maybe miss lady get tilt boys drink boys drink boys drink headin comin comin stay knock knock drinkin years straight tequila beers laughter tear boo cheer mirror think callin quit finishin beers raisin fists think sunrises belt fool soon like chesney blowin doja texas like bust chill swill drink remember pills damn bottle hand sayin wake truck givin damn lacs makin noise can crack tilt stackin stack tellin stories think bout boys ridin strong grippin hard actin fast singin songs boys cause boys drink come doin hell havin talk little shoot maybe miss lady get tilt boys drink boys drink boys drink,191,0.024903412,0.000384172,0.000384172,0.000384172,0.00784091,0.000384172,0.000384172,0.043834929,0.3017340948741284,0.035013013,0.5348538165624095,0.000384172,0.000384172,0.000384172,0.023716212,obscene,0.1428571428571428
33231,craig morgan,something to write home about,2000,country,hello goin know awhile write home like sure like finally write home long blonde hair deep blue eye like music loud walkin moon light laugh cry sure proud cause finally write home raise get look like guess livin right friends cause finally write home long blonde hair deep blue eye like music loud walkin moonlight laugh cry sure proud cause finally write home yeah sure proud cause finally write home girl somethin yeah somethin,74,0.000730994,0.000730994,0.000730994,0.000730994,0.031179459,0.000730994,0.000730994,0.1684942752469011,0.1620096190504085,0.3140920453350218,0.000730994,0.066847295,0.000730994,0.044827729,0.000730994,music,0.2857142857142857
44449,t. rex,pain and love,1977,blues,travel pain high bear live maze craze lunacy legend lunacy legend word fear clutch crutch drive sense crazy women blue live hazy live hazy youth wisdom crouch deep inside bedroom visitations scarce winter life lonely winter life lonely temples bleak bleach bleach highway truth return prison homely life lonely travel pain high bear live maze craze lunacy legend lunacy legend word fear clutch crutch drive sense crazy women blue live hazy live hazy youth wisdom crouch deep inside bedroom visitations scarce winter life lonely winter life lonely temples bleak bleach bleach highway truth return prison homely life lonely,98,0.000956938,0.000956938,0.3742968074707413,0.000956938,0.000956938,0.000956938,0.000956938,0.000956938,0.000956938,0.1542830567889215,0.1510639326639764,0.000956938,0.039907932,0.2189853175529429,0.000956938,world/life,0.6142857142857143
39497,cold creek county,drinkin',2019,country,step outside mornin felt hook garden hose spray lawn chair blow kiddie pool kick tan shoe water goin higher hell yeah lookin like beer weather time break cooler wrong cold hand lookin world raybans nothin better beer weather gonna friends grill crank speakers speaker deck kick chill cover charge clear beer weather time break cooler wrong cold hand lookin world raybans nothin better beer weather tell beer weather draw party crowd like beer weather drinkin beer weather time break cooler wrong cold hand lookin world raybans nothin better beer weather beer weather nothin better beer weather beer weather beer weather,100,0.000666223,0.000666223,0.06428862,0.066249525,0.013363213,0.000666223,0.000666223,0.000666223,0.3218423964472708,0.000666223,0.3798951332492998,0.025563295,0.000666223,0.000666223,0.000666223,obscene,0.014285714
57846,bill evans,sometime ago,1981,jazz,believe spring minor waltz ellaine believe spring theme meet peacocks theme mash suicide painless,14,0.00877193,0.00877193,0.4702589057105703,0.00877193,0.00877193,0.00877193,0.00877193,0.00877193,0.00877193,0.3806182839065184,0.008771931,0.008771931,0.00877193,0.00877193,0.00877193,world/life,0.5571428571428572
81820,eric b. & rakim,don't sweat the technique,2015,hip hop,sweat technique sweat technique hint check file detect style flip script foul change complete beat drop bass weak word scar cause speak freak sweat technique debut president stay target refuse miss hit beat party club cars jeeps underground sound vibrate streets wanna beef play keep sweat technique lyric commercial,49,0.001879699,0.1330708041594033,0.0018797,0.001879699,0.001879699,0.001879699,0.001879699,0.001879699,0.5443502831682618,0.001879699,0.001879699,0.001879699,0.001879699,0.001879699,0.0018797,obscene,0.071428571
9741,george michael,hand to mouth,1987,pop,nothin polish rainy smile quote vigilante movie blow away say crazy years livin hand mouth hand mouth hand mouth hand mouth sweet little baby white doorstep need mother mother dead hooker forget hooker happen everyday love little baby couldn bare livin hand mouth hand mouth hand mouth hand mouth believe gods america believe land free tell tell gods believe hand pray hopeless everybody talk generation jump wagon leave give think rest nation like help time somebody shout save everybody start livin hand mouth hand mouth hand mouth hand mouth white lady white doorstep ask daddy daddy say little dollars little best somebody shout maybe keep livin hand mouth hand mouth hand mouth hand mouth arm america america kiss power tell tell gods believe hand pray tell,126,0.038040027,0.320145093,0.08870075,0.000496524,0.018261459,0.098794688,0.1493867400683526,0.1274471425010555,0.091247373,0.000496524,0.000496524,0.000496524,0.043684088,0.000496524,0.019823919,violence,0.4714285714285714
78446,metallica,the day that never comes,2008,rock,bear push round better stay pull away hit flesh grind mouth lie tend black eye close pray wait wait come stand feel warmth shine come shine come push cross line stay time hide crawl time splatter color wait come stand feel warmth shine come letter word speak letter word prison suffer longer swear swear shine swear swear swear,58,0.052718854,0.4813223825922869,0.001031992,0.1460396450011096,0.001031992,0.001031992,0.001031992,0.001031992,0.001031992,0.054717277,0.001031992,0.1532290609693634,0.001031992,0.0713978,0.028191078,violence,0.1714285714285714
42871,canned heat,that's all right mama,1970,blues,crudup right mama right right mama right right right mama mama tell papa tell fool girl right right right mama leave baby leave sure bother hang round door right right right mama right mama yeah right right mama right right right mama need love right right mama right mama,49,0.0353988,0.001119821,0.001119821,0.4953300308338805,0.043253668,0.2532730926186817,0.02313868,0.084902324,0.001119821,0.001119821,0.030258071,0.001119821,0.001119821,0.001119821,0.001119821,night/time,0.7142857142857143
81817,eyedea,ode to hip hop,2015,hip hop,decide destiny hand probably understand life bland constant hollow feel days cold dark fill sorrow rain cloud ceiling deal person strong time hear go existence life give substance knowledge return petty defeat purpose delete work cheat seat underground wind bring surface corrupt image negative influence shady world abusive come role model follow contort abort record distort short forfeit life morbid maniac lyric commercial,63,0.001547988,0.001547988,0.4427758911235258,0.001547988,0.001547988,0.001547988,0.001547988,0.001547988,0.1298242224863577,0.092183548,0.001547988,0.1739326966318037,0.001547988,0.001547988,0.067542126,world/life,0.071428571
77134,ariel rivera,a smile in your heart,2000,rock,feel hold heart know true wouldn break apart cause dear forever break apart truly wonderful smile heart night come deep arm feel secure wouldn close eye sweet tender lover afraid away smile lyric commercial,34,0.001697793,0.001697793,0.001697793,0.001697793,0.001697793,0.001697793,0.2979532985869591,0.056148614,0.001697793,0.001697793,0.001697793,0.001697793,0.001697793,0.5106545425282977,0.001697793,sadness,0.2857142857142857
80667,grandson,despicable,2018,rock,goodbye hardest start brave smart doin favor doin favor understand push away better trust doin favor doin favor oooh despicable feeder despicable gonna lyric commercial,25,0.003508772,0.003508772,0.003508772,0.003508772,0.003508772,0.003508772,0.1186160808940673,0.003508772,0.4732067283438476,0.003508772,0.003508772,0.003508772,0.003508772,0.089053304,0.003508772,obscene,0.028571429
56188,the meters,sing a simple song,1969,jazz,july loveletter finest stick mane sextape sextape felt like chick hold mind hold like get high get high quit talk tell seclude peer single word speak like music ears introduce jazz like smooth grandmother pass teach blue work beat like weeks feel like miss complete recommend crazy go exact sound swear like bassline heartbeat heart stop trade heartbeat forreal inspiration dance personal entertainment sing kiss candle maybe sample sing like knight dance like aaliyah spit like poetry meter keeper long booth bang track need peace mind time relax crowd pass cloud yeah everytime come get higher get higher get higher get higher crowd pass cloud yeah everytime come get high repeat know song beatles earth wind lead singer church women choir get higher depart hell freeze tell play march band talk ask favorite position know freak say particular like freestyle peep smile rap felt vibe change speakers blast vandross damn get lose body scratch like disc jockey grand opry couldn compete note hit grip sheet start slow speed tempo louder start sing crescendo instrumental music get higher crowd pass cloud biggest cliche life bitch guess taboo fuck marcx,188,0.000449843,0.000449843,0.023222078,0.000449843,0.02210506,0.000449843,0.032559938,0.1596082692948388,0.3443980353893736,0.1339714862274504,0.000449843,0.2020704972288028,0.000449843,0.000449843,0.000449843,obscene,0.7285714285714285
74099,zebra,who's behind the door,1983,rock,sail away walk thousand slip away look hard couldn world know journey look star think think animals time land mind nerve animals preserve watch make sure fall look hard tell know open door own keyless door circle unwatched fade fear life wait room soon think know door,47,0.001315789,0.00131579,0.099322117,0.00131579,0.001315789,0.00131579,0.001315789,0.3231046017225475,0.00131579,0.00131579,0.00131579,0.1981065080970093,0.00131579,0.3597299300678411,0.001315789,sadness,0.5285714285714286
28286,willie nelson,i don't hurt anymore,1985,country,hurt anymore teardrops dry walk floor burn inside think time open door free hurt anymore want say true mind believe true forget care wonderful hurt anymore,26,0.002192982,0.002192983,0.002192983,0.002192983,0.002192982,0.002192982,0.002192983,0.5229885055598255,0.002192983,0.002192982,0.002192983,0.002192983,0.044721392,0.3972023814393812,0.002192982,sadness,0.5
49785,the yardbirds,evil hearted you,2002,blues,evil hearted things word spread evil hearted keep kid phoney smile siren song smile beguile lead go persuade degrade knees want remain mean evil hearted things word spread smile beguile lead go,32,0.002192982,0.4112638344036784,0.2826482279382171,0.002192982,0.002192982,0.002192982,0.002192983,0.002192983,0.002192983,0.077093421,0.002192983,0.002192983,0.002192983,0.002192983,0.069584897,violence,0.2571428571428571
82095,the roots,proceed,2017,hip hop,think blink away think blink away tooth decay foot reside mecca lesson south section class infinite pursuit eightysix easy chics chocolate raise cellar rhythm like walk streets subway train stop nigga dance planet block party everybody jocked sucka niggaz envy contract shall proceed repeat shall proceed continue lyric commercial,49,0.002105263,0.002105263,0.002105263,0.002105263,0.002105263,0.002105263,0.002105263,0.002105263,0.403971398,0.002105263,0.125344321,0.002105263,0.1153845221450403,0.1223428145640731,0.002105263,obscene,0.042857143
78143,tool,lost keys (blame hofman),2006,rock,excuse doctor moment moment question situation gentleman exam problem problem sure chart right lyric commercial,15,0.005847953,0.005847953,0.4388485450549159,0.1096186087154121,0.1357433699496625,0.005847953,0.005847953,0.005847954,0.005847953,0.005847953,0.005847954,0.005847953,0.005847953,0.005847953,0.005847953,world/life,0.2
66264,ub40,crying over you,1998,reggae,cry morning cry even cry know feel ashamed people game woman explain know everyday pray hold want cry morning cry even cry know feel ashamed people game woman explain know stop cry cry stop sigh sigh know die die sigh sigh,41,0.001315789,0.00131579,0.00131579,0.001315789,0.001315789,0.00131579,0.1898682538108411,0.1757289058051398,0.00131579,0.00131579,0.001315789,0.00131579,0.059939354,0.3499430931959698,0.1315781340903013,sadness,0.3142857142857143
80373,cold war kids,love is mystical,2017,rock,heart break space lungs knees shake drink inspiration cause blood supernatural plan come meet live life need brake happen lean mistake mystical break chain feel invincible afraid light darkness power believe cause rational come come know stand come meet live life need brake happen lean mistake word true word reveal come alive think mystical break chain feel invincible afraid light darkness power believe hear future call heaven sake hell high water outta place feel skeptical eye mental state lift hand lower stake yeah lower stake yeah lower stake mystical feel irresistible call light darkness power believe power believe power believe power believe power believe believe believe,106,0.000619195,0.2024473515092999,0.3089523367982216,0.000619195,0.05590653,0.000619195,0.000619195,0.000619195,0.059891996,0.000619195,0.000619195,0.1415272252578542,0.1168617787425153,0.068600829,0.039000806,world/life,0.042857143
27061,ricky skaggs,life's too long (to live like this),1981,country,drive time traffic pour rain pileup pass help think shake fist life long live like mailbox fill bill bossman hang gonna work bone guess life long live like come baby roll lose stayput stayhome blue future guide reason stay inside have miss life long live like come baby life long yeah life long come baby kiss life long live like life long yeah life long life long yeah life long,70,0.095380889,0.000848897,0.3953078699498057,0.2092305182564899,0.050017437,0.000848897,0.000848897,0.000848897,0.000848896,0.020921036,0.000848897,0.000848896,0.017811785,0.000848896,0.017671859,world/life,0.5571428571428572
73711,venom,welcome to hell,1981,rock,fight fight right live world destine live right take hell home burn live burn ask ancient cry cry act fast welcome hell welcome hell welcome hell welcome hell kill kill death masturbate deeds hell command death kill argue death burn live burn ask ancient cry cry act fast welcome hell welcome hell welcome hell welcome hell leave souls feet kiss flame scorn defeat live choice difference know mortal void live bury deep beneath fall snow burn live burn ask ancient cry cry act fast welcome hell welcome hell welcome hell welcome hell,92,0.000835422,0.7041496867829434,0.1245635584651379,0.000835422,0.000835422,0.000835422,0.017480547,0.000835422,0.000835422,0.000835422,0.048970852,0.028228137,0.000835422,0.065746734,0.000835422,violence,0.5571428571428572
61166,delicatessen,in a mellow tone,2007,jazz,mellow tone feelin free company livelong mellow song wrong mellow tone live mope groan gotta laugh play unknown mellow tone mellow tone feelin free company livelong mellow song wrong mellow tone live mope groan gotta laugh play unknown mellow tone,40,0.003095975,0.003095975,0.1363320099321398,0.003095975,0.003095975,0.003095975,0.003095975,0.003095976,0.003095975,0.3688791583726327,0.003095975,0.003095975,0.1336495508254809,0.003095975,0.197052593,music,0.1857142857142857
55668,duke ellington,a spoonful of sugar,1964,jazz,swing brother swing come swing game swing brother swing stop swing game boys girls shake knees clap hand snap finger sing popeil popeil come swing dance ring look swing clap hand snap finger sing brotherswing swing brother swing come swing game swing brother swing stop swing game,47,0.001283697,0.001283697,0.001283697,0.001283697,0.001283697,0.105804318,0.001283697,0.001283697,0.2967518547207902,0.4468939757515688,0.001283697,0.001283697,0.032609505,0.001283697,0.001283697,music,0.8
16075,britney spears,piece of me,2007,pop,yeah yeah miss american dream matter step scene sneak away philippines picture derriere magazine want piece want piece miss media karma drama guess harm work mama exceptional earner want piece lifestyles famous want piece shameless want piece extra extra want piece want piece yeah yeah want piece try piss line paparazzi flip hop resort havoc settle court sure want piece want piece likely slippin streets gettin groceries real kiddin wonder panic industry mean want piece lifestyles famous want piece shameless want piece extra extra want piece want piece yeah yeah yeah miss american dream matter step scene sneak away philippines picture derriere magazine want piece want piece piece yeah want piece lifestyles famous want piece shameless want piece extra extra want piece want piece lifestyles famous want piece shameless want piece extra extra want piece want piece piece yeah want piece yeah yeah,143,0.000548246,0.000548246,0.000548246,0.000548246,0.1497699211272645,0.018853829,0.000548246,0.000548246,0.081384309,0.000548246,0.000548246,0.000548246,0.000548246,0.3734796074817442,0.041238696,sadness,0.1857142857142857
20245,p!nk,walk me home,2019,pop,somethin roll eye take better time good thing good tryna stand feet conversation come easily darlin know get late leave place walk home dead night mind stay tonight cause wrong goin outside somethin wanna make think alive come good think good walk home dead night mind stay tonight cause wrong goin outside oohooh oohooh oohoohooh oohoohooh walk home dead night cause mind stay tonight cause wrong goin walk home dead night mind stay tonight cause wrong wrong wrong goin outside,80,0.03766703,0.1472548891986571,0.000701754,0.3261547201305068,0.000701754,0.030728552,0.000701754,0.085601623,0.1444405206963861,0.055706281,0.000701754,0.000701754,0.000701754,0.085482394,0.06577389,night/time,0.014285714
41466,the dovells,the jitterbug,1963,blues,dance throw jitterbug jitterbug jitterbug remember dance kansas city blue walk blue suede shoe jitterbug jitterbug like jitterbug jitterbug girl jitterbug jitterbug start whirl jitterbug jitterbug throw jitterbug jitterbug shake shout know jitterbug start shake rattle roll dance call stroll pony twist bristol stomp throw light jitterbug jitterbug jitterbug girl jitterbug jitterbug start whirl jitterbug jitterbug throw jitterbug jitterbug shake shout know jitterbug come jitterbug jitterbug girl jitterbug jitterbug start whirl jitterbug jitterbug throw jitterbug jitterbug shake shout know jitterbug like whirl come know jitterbug look everybody dance like come dance like know jitterbug,94,0.058520239,0.001074114,0.001074114,0.001074114,0.001074114,0.001074114,0.001074114,0.001074114,0.4064363794853707,0.1047051901926125,0.001074114,0.1500822488167817,0.096946035,0.001074114,0.001074114,obscene,0.8142857142857143
67712,tomorrows bad seeds,gunslinger,2007,reggae,tomorrows seed indie tell fuckin veteran warn like cross bone skeletons slug melon brain look like gelatin strechin regiment bring bottle want light like edison pelicans loose like kill sick loose ligament fool better cool like peppermint focus stackin chip accurate need space quick knowledge self good politics motto chip sippin captain coke chew kalonapins rid tomorrows seed gotta block walkin stop clock model technique haller tell wild slinger ghost know rely finger colt thing hold survive unseen get colder time unseen till force arrive think,86,0.001169591,0.2241447872856307,0.001169591,0.001169591,0.001169591,0.001169591,0.001169591,0.078292986,0.5402520011659583,0.001169591,0.1239231155212597,0.001169591,0.001169591,0.001169591,0.001169591,obscene,0.1857142857142857
65011,mad professor,don't drink the piss,1990,reggae,wake smoke think joke cold think little weed grow dare professor ask class answer ask cash advance fashion blackest cancer dunce cap clap advance wine sign time write wall sign line ball fall look mama hand feet rewind hide deep mind secrets secret shine deep weak line write rhyme remind time refine fine print contract listen slow wanna rhyme fast money cheese check wonder shady autumn leave fall hard ball green ring green ball look jade middle winter play golf know miner gold know rhymers cause dime pile shine time know whiners whine know climb peak glimpse paramount cause high mile bank brother chain snotty rappers brag powder blue bugatti hobbies gandalf green mini lamborghini holograph pass polygraph average savagery dash grab green pad apathy bastards sing bling lack steez grasp breeze breathe mass preach drink stagnant drink drink stagnant drink money cheese money money money cheese money money cheese money stay,152,0.000565931,0.000565931,0.000565931,0.059498503,0.000565931,0.032668613,0.000565931,0.095955814,0.3163157642815398,0.069790637,0.2319081866059152,0.1157963487945318,0.000565931,0.071840893,0.000565931,obscene,0.4285714285714285
12254,nofx,leave it alone,1994,pop,breathe soft wouldn wanna break egg walk cautious afraid hear voice reason leave follow grain couldn stop irresistible force leave change leave bring sheaves bring leave breathe slight couldn away give right leave heel stay roll shake bone leave,39,0.001644737,0.1877494634837335,0.046566928,0.001644737,0.001644737,0.001644737,0.001644737,0.1072090580837187,0.001644737,0.104218875,0.001644737,0.001644737,0.033734042,0.4038205540523704,0.001644737,sadness,0.3714285714285714
38376,aaron lewis,story of my life,2016,country,watch flame knowin blame vice kill pain knowin pain free starin wonder hand hold help life sinner ways days struggle lookin sign little purpose story life haunt word say prayin holy inside head probably safest place starin wonder hand hold help life sinner ways days struggle lookin sign little purpose story life story life darkness turn light show depth disguise safety naivety create deception lie starin wonder hand hold help life sinner ways days struggle lookin sign little purpose story life story life story life,85,0.000862813,0.181597922,0.4713489777016638,0.000862813,0.000862813,0.1079674696506354,0.059337705,0.000862813,0.078139436,0.000862813,0.000862813,0.070682766,0.020571971,0.000862813,0.000862813,world/life,0.057142857
66174,the ziggens,have a bitchin' summer,1998,reggae,come outside stick like bitch shoot shoot block come nice round clip shoot till bitch flip bitch time load clip kill pull pull like face fill confusion peruse shoot solutionuh smoke pollution niggas killers niggas boost talk like go sleep stay start shoot pull pistol dead pull gang maintain need coat happen flex tool come rob think know fuck shoe shoot choose option news tryna kill loose fuck shoot thank shoe glock leave bruise water cruise party trouse come swim snooze tell shawty tryna fuck neck give brother know bitch word mother dont care want suffer pull block harder summer come pipe plumber umpa shoot till knock bumper think lackin wasn lackin pull pistol let crack gota yall know happen word start capin face time neck bitch second need ziggys deck need body dead check,135,0.000537057,0.2350724170418617,0.000537057,0.000537057,0.000537057,0.000537057,0.000537057,0.1073565272921244,0.5955625875030358,0.016379756,0.000537057,0.000537057,0.012249534,0.000537057,0.000537057,obscene,0.3142857142857143
35909,kenny chesney,this is our moment,2009,country,sweat life long right work hard hard struggle sacrifice time blow time lock load time field time start moment time hold lay line destiny night shine moment time play guitars bang drum boys try impress pretty girls noise time turn time roll time stage time start time turn time roll time field time start,54,0.001119821,0.001119821,0.035914519,0.4661999175321343,0.001119821,0.037894835,0.022416019,0.001119821,0.001119821,0.001119821,0.2722637261146965,0.070531828,0.001119821,0.001119821,0.001119821,night/time,0.1571428571428571
23652,derek & the dominos,it's too late,1970,country,late go late baby go wish tell late go woman cry guess gotta eye miss late go go go go go go go baby go go go go go go baby wonder know leave hurt need babe tell late go go go go go go baby go yeah go go go yeah go go baby wonder know leave hurt need babe tell late,63,0.1256324258800108,0.000822368,0.000822368,0.079476678,0.074051136,0.000822368,0.018140284,0.1618804632546552,0.000822368,0.000822368,0.000822368,0.000822368,0.000822368,0.074126731,0.4568238602004579,feelings,0.7142857142857143
41698,barbara lewis,how can i say goodbye,1965,blues,goodbye gonna goodbye tonight tell miss take arm kiss goodbye goodbye trouble kind tell stay long place word run someplace till come sweet time kiss away tear tell gonna goodbye tonight tell finish walk help goodbye goodbye know fade,39,0.001385042,0.001385042,0.001385042,0.124705938,0.001385042,0.001385042,0.3858043736111948,0.1770479461113085,0.001385042,0.001385042,0.001385042,0.001385042,0.025412913,0.2101938590918781,0.001385042,romantic,0.7857142857142857
61196,candy dulfer,11:58,2007,jazz,human humanlike mechanism behave like creator tear place apart fuck fuck fuck tell fuck news cunt fuck think untelligible alright fuck sorry,22,0.003095975,0.07517187,0.003095975,0.003095975,0.003095975,0.003095975,0.003095975,0.077590324,0.5379217431674247,0.003095975,0.003095975,0.003095975,0.003095975,0.1781678573021752,0.003095975,obscene,0.1857142857142857
80071,brent cobb,diggin' holes,2016,rock,ought work coal neck deep black lung soot swing pick mountain halfway china think right shine better yeah ought work coal lord know good dig hole ought drill black gold swim texas kill sell misfortune family cause deeper yeah ought drill black gold lord know good dig hole ought work railroad sweat pour haul away heavy load heaven cold steel track better yeah ought work railroad lord know good leave come clue heart suppose tear inside ought live graveyard head dirt shovel bury heart feet word mean hurt better ghost yeah ought live graveyard lord know good dig hole ought live graveyard lord know good dig hole,107,0.000701754,0.3556875998130538,0.000701754,0.000701754,0.061202995,0.1536286060902458,0.000701754,0.1529621535624291,0.000701754,0.000701754,0.052640098,0.044448915,0.000701754,0.077072077,0.068555717,violence,0.057142857
59430,jack jones,lady,1995,jazz,lady today break heart tomorrow waste loveliness care arm tenderly joy life lady today happiness forever little share slip away late think brief fantasy lovely lady fall,27,0.1342955348373593,0.00228833,0.3914134370634203,0.00228833,0.00228833,0.048222743,0.094275779,0.00228833,0.00228833,0.00228833,0.00228833,0.00228833,0.00228833,0.2997558925583152,0.00228833,world/life,0.3571428571428571
17850,avicii,i could be the one (avicii vs. nicky romero),2012,pop,think things feel free think crowd go easy feel free feel free feel free need beat pressure need breathe feel free need crowd go easy feel free feel free feel free feel free feel free,35,0.001503759,0.040188919,0.001503759,0.001503759,0.084868839,0.001503759,0.001503759,0.1062286161842813,0.001503759,0.001503759,0.038779216,0.00150376,0.2872180451185318,0.001503759,0.3421173851251532,feelings,0.1142857142857142
78828,hollywood undead,i don’t wanna die,2011,rock,wanna wanna wanna gonna wanna wanna wanna gonna blood get hotter body get colder tell hold wanna wanna wanna gonna look inside will watch cry help know blood spill grave fill kill kill heaven tell come know die ask question save confession blood hand reach heaven gotta pick piece gotta bury deep look eye thing wanna wanna wanna gonna wanna wanna wanna gonna blood get hotter body get colder tell hold wanna wanna wanna gonna word turn blood blood keep pour pore wipe cause moment gotta opponent cause watch baby go beast mother nature watch humanity cease cause human disease gotta kill gotta kill yeah better pray cause demon yeah hell heaven couldn believe devil gotta pick piece gotta bury deep dirt hit coffin sleep wanna wanna wanna gonna wanna wanna wanna gonna blood get hotter body get colder tell hold wanna wanna wanna gonna wanna bury feet life go night couldn breathe cause wanna bury feet alright hear couldn live cause wanna wanna wanna wanna wanna wanna wanna gonna wanna wanna wanna gonna wanna gonna wanna,177,0.008398579,0.3686576826711599,0.000333111,0.000333111,0.023249485,0.000333111,0.032767874,0.1038133699818295,0.000333111,0.000333111,0.000333111,0.000333111,0.008432075,0.000333111,0.000333111,violence,0.1285714285714285
10335,rick astley,take me to your heart,1988,pop,lovers friends come tomorrow lonely eye feelin deep inside think away dream want want cause think heart know feel heart need know tell look need honesty certain sure eternally cause think away dream night want want cause think heart need know heart need know,44,0.001253133,0.001253133,0.001253133,0.048723148,0.070746662,0.001253133,0.001253133,0.330686396,0.001253133,0.001253133,0.001253133,0.001253133,0.001253133,0.3920173565077854,0.038700941,sadness,0.4571428571428571
34597,ryan adams & the cardinals,cold roses,2005,country,mirror room black blue sunday morning saturday shoe choose choose light midway melt street sunday shoe saturday feet choose need daylight come expose saturday bruise cold roses cold roses sunlight help grow underneath window choose choose fortunate angry like child money buy medicine time choose need daylight come expose saturday bruise cold roses cold roses cold roses cold roses cold roses cold roses,63,0.00131579,0.3514201208528887,0.1479020615073734,0.00131579,0.044974903,0.00131579,0.001315789,0.00131579,0.00131579,0.00131579,0.4359660716056507,0.00131579,0.00131579,0.00131579,0.00131579,violence,0.2142857142857142
56677,joe bataan,women don't want to love me,1973,jazz,lighter spark inhale cough pack pipa grifa like woman leave cheat need inhale inhale exhale breather exhale cause time right know tonight cloud number mind feelin fine wanna high come time wanna cause plan point know know want come place pipe spliff swiff gift world twirl whirl plural blazin hallucinatin smokin crepe chocolate lemon teardrops fallin natural high vocal bizz natural high love natural high love smoke leva leave zone stone bone dark sittin forgettin hurt heart spark poem escape reality fantasy sensuality feel passion smoke passin everlastin type smoke bud take place smile face cause set free things somebody hear plea lonely roll cause hold toke think dyin think flyin like fly spread wing natural high repeat life like maze gots craze hide away marijuana maze change evil ways stayin half capture rapture play gots feelin weariness dizziness feel like real like smokin flavor shit time quit lighter flick inhale happiness smoke canibus devotion potent potions choose exhale time freeze gots motion like close floatin takin want sittin cloud like bataan stop go wicked slick type somethin natural high repeat roll feel good chest stress smokin oooh call doubt yeah yeah yeah repeat yeah,195,0.000474158,0.054846775,0.078486905,0.067723089,0.04618385,0.000474158,0.040168069,0.000474158,0.3531176970269807,0.000474158,0.000474158,0.118464137,0.013508278,0.1049278804023575,0.060613737,obscene,0.6714285714285714
30094,doug stone,warning labels,1990,country,beg stay say say goodbye tryin away pain everytime hear jukebox tear fall like rain oughta warn label country songs harmful heart leave drinkin start thinkin bout go wrong oughta warn label country songs warn bout cigarettes whiskey beer warn music hear guess listen say ready song play harder heart haggard jones oughta warn label country songs,57,0.00122399,0.00122399,0.00122399,0.00122399,0.00122399,0.00122399,0.025578057,0.00122399,0.1442140517305351,0.322382907,0.2425559652901535,0.00122399,0.00122399,0.2481331557754797,0.00122399,music,0.4285714285714285
18365,taylor swift,bad blood,2014,pop,cause baby blood know look cause baby blood problems think solve deep baby blood think trust ruin shiny rust weak baby couldn breathe deep salt wind like laugh right think good time cause baby blood know look cause baby blood problems think solve deep baby blood think fine scar knives think past kinds wound think things catch time heal come think good time cause baby blood know look cause baby blood problems think solve deep baby blood bandaids bullet hole sorry live like live ghost bandaids bullet hole sorry live like live ghost like blood run cold cause baby blood know look cause baby blood problems think solve think solve deep baby blood cause baby blood know look look cause baby blood problems think solve deep baby blood,128,0.176129421,0.3654691073047691,0.028235854,0.000491884,0.000491884,0.000491884,0.000491884,0.3194848261444681,0.000491884,0.000491884,0.000491884,0.000491884,0.000491884,0.000491884,0.019886217,violence,0.085714286
75884,megadeth,architecture of aggression,1992,rock,bear dark black cloak night envelop prey deliver light eliminate enemy sleep lose spoil war great nations build bone dead straw blood sweat know enemies praise architecture aggression praise architecture aggression ensue power vacuum topple leader die body fuel power flame rise face kiss genocide time worldwide suicide great nations build bone dead straw blood sweat know enemies praise architecture aggression bear dark black cloak night envelop prey deliver light eliminate enemy sleep lose spoil war great nations build bone dead straw blood sweat know enemies praise architecture aggression great nations build bone dead straw blood sweat know enemies praise architecture aggression,102,0.001012146,0.6076077575519749,0.001012146,0.054364718,0.001012146,0.001012146,0.022101831,0.074411078,0.001012146,0.001012146,0.001012146,0.1023156995889206,0.1260410206119531,0.001012146,0.001012146,violence,0.4
53936,white denim,good news,2018,blues,good news long time stay long telephone telephone cure blue call call room call reach want tell need need news late know wrong know time need long telephone telephone cure blue call call room call reach want tell need need good news long time stay long,46,0.001169591,0.001169591,0.001169591,0.2601909355281569,0.1060637734722985,0.001169591,0.001169591,0.1058023250515273,0.001169591,0.3607790588797421,0.001169591,0.045997265,0.001169591,0.001169591,0.060853696,music,0.028571429
62368,slakah the beatchild,where's yesterday,2014,jazz,get leave fall soul get leave break home get leave stand fight get leave politicians bath greed idea soul die know backbone spine happen get leave get leave know get leave money get leave drink golden get leave time come play game people live frontline soul die know backbone spine happen get leave come soul die know backbone spine happen get leave get leave get leave get leave get leave get leave,72,0.000848896,0.1403122626841264,0.000848897,0.000848896,0.000848896,0.000848896,0.000848896,0.2374443406869836,0.000848897,0.000848896,0.2652117247835159,0.000848896,0.000848897,0.3442982246682918,0.000848896,sadness,0.085714286
4837,the 5th dimension,last night i didn't get to sleep at all,1972,pop,night sleep awake watch morning light wash away darkness lonely night lonely night night think maybe forget foolish pride hear number ring go cold inside night sleep know fault best know heart rest dream leave real replace replace night sleep sleep pill take waste time couldn close eye cause mind night sleep sleep sleep dream leave real replace replace night sleep sleep pill take waste time couldn close eye cause mind night sleep sleep sleep night sleep night sleep night,80,0.000730994,0.000730994,0.000730994,0.5330647894559163,0.000730994,0.000730994,0.000730994,0.1062783597911368,0.000730994,0.023760041,0.000730994,0.078426465,0.000730994,0.2062183279209217,0.042749093,night/time,0.6857142857142857
62269,buttering trio,i cried for you,2014,jazz,cry turn cry fool fool cry turn road turn thing learn thing learn thing learn heart little truer eye little bluer cry turn cry fool fool fool cry cry know baby know baby,33,0.069256008,0.001644737,0.05337835,0.001644737,0.001644737,0.089973635,0.001644737,0.1835275279296958,0.001644737,0.001644737,0.021892531,0.001644737,0.001644737,0.5605903684763645,0.001644737,sadness,0.085714286
61049,madeleine peyroux,smile,2006,jazz,smile heart ache smile break cloud smile fear sorrow smile maybe tomorrow come shin light face gladness hide sadness tear near time try smile cry life worthwhile smile light face gladness hide sadness tear near time try smile cry life worthwhile smile time try smile whats cry youll life worthwhile smile,51,0.001253133,0.001253133,0.2143102213662872,0.001253133,0.001253133,0.001253133,0.001253133,0.001253133,0.001253133,0.001253133,0.001253133,0.1555506516969335,0.001253133,0.610089001,0.001253133,sadness,0.2
74591,dokken,lightnin' strikes again,1985,rock,light feel like razor edge cut hear sound come like thunder tell care lightnin strike light near lightnin strike draw line leave lose mind lose control time feel lightnin strike know hold,32,0.001879699,0.3704136950497607,0.001879699,0.084183381,0.001879699,0.001879699,0.03279426,0.153354223,0.001879699,0.001879699,0.001879699,0.1823314887414668,0.001879699,0.001879699,0.063711649,violence,0.5
74307,metal church,metal church,1984,rock,years distant shore gather secretly hide door travel long travel dark night place choose build metal site congregation rise start chant hymn evil hatred root priest stand tell worship metal gods hand dark deep evil things secrets metal church unholy church sacrifice metal church church know time right metal church metal church inside know speak earth sleep clue story start time lose metal church begin anew save souls lose metal church unholy church sacrifice metal church church know time right metal church metal church inside know metal church,88,0.000923361,0.3532334480004421,0.000923361,0.1274312039913738,0.000923361,0.000923361,0.000923361,0.1227193745935639,0.000923361,0.000923361,0.3223572210059741,0.000923361,0.061331697,0.000923361,0.000923361,violence,0.5142857142857142
33513,bill gaither,because he lives,2001,country,sweet hold brand baby feel pride bring better calm assurance face uncertain days live live face tomorrow live fear go know hold future life live live cross river fight life final pain death give victory light know reign live face tomorrow live fear go know hold future life live live life live live,53,0.025503369,0.060571805,0.7199788245381595,0.001096491,0.001096491,0.001096491,0.077856014,0.001096491,0.001096491,0.001096491,0.001096491,0.025106123,0.001096491,0.001096491,0.055538852,world/life,0.2714285714285714
2255,jerry lee lewis,"long, tall sally",1964,pop,gonna tell aunt bout uncle claim misery havin baby baby baby havin tonight long tall build speed uncle need baby baby baby havin tonight uncle bald head aunt come duck baby baby baby havin tonight gonna tonight gonna tonight tonight right tonight,42,0.4651092269608177,0.093848191,0.001754386,0.3066262511480653,0.001754386,0.001754386,0.001754386,0.001754386,0.001754386,0.001754386,0.001754386,0.001754386,0.001754386,0.001754386,0.001754386,night/time,0.8
36253,jamey johnson,the guitar song,2010,country,guitar pawn shop corner waitin somebody come play string kinda little show haggard dyin somebody come play home yeah guitar pawn shop corner come listen song haggard see million tiny smoky room help heal heartaches help sell beer hold couldn sell dollars leave hangin dream spotlight roarin people wonder gonna hear sing guitar pawn shop corner come listen song yeah probably believe play paso time robbins yeah play saginaw night guitar pick play right stage cool memories song leave somebody pick play home guitar pawn shop corner come listen song come listen song,93,0.000730994,0.000730994,0.060739846,0.029061066,0.046511198,0.04073394,0.014133886,0.000730994,0.000730994,0.4365835854474477,0.2812657311233698,0.000730994,0.027145287,0.000730994,0.042481926,music,0.1428571428571428
59748,hieroglyphics,casual,1998,jazz,welllllll alright hold tight rhyme bright bold light shin bite impair eyesight niggas feel conceal need club stop steal hiero principalities gotta light like pyro leave sucka niggas denial know cause see rival rhyme defense sense rockin intents invoke unspoken title rhyme shinin like finest diamonds guess liable rival hiphop survival soar like spiral rotate rough rhyme hatin niggas actin silly like casual hard knowin sewin block like national guard doin saaame shit niggas blast nigga quick rhymin bout turn problem like chemicals watch dissolve petty individuals infestin hiphop leave floor like cigar intestines better count bless amount zero hiero hero hieroglyphic sequence hittin rhyme regal know hiero glyphics hiero glyphics motherfucker yeah,113,0.000974659,0.000974659,0.000974659,0.000974659,0.032428609,0.000974659,0.000974659,0.000974659,0.7678536555394213,0.000974659,0.000974659,0.1083255850531843,0.000974659,0.000974659,0.000974659,obscene,0.3142857142857143
80050,seafret,wildfire,2016,rock,think know wrong begin need darkness burn know fuel spark bind hearts cold tear pull apart like wildfire word true stop break loose like wildfire like wildfire feel arrange deep inside describe design lyric commercial,35,0.001879699,0.001879699,0.001879699,0.001879699,0.0018797,0.001879699,0.001879699,0.1949250002537781,0.001879699,0.001879699,0.001879699,0.057771165,0.001879699,0.4186994668619759,0.001879699,sadness,0.057142857
34391,sugarland,fly away,2004,country,swear get smaller everyday wait go break away sick tire tell good people lot ideas suppose away body touch grind promise someday free away away away folks deep dream field walk away leave family bury alive legacy want sleep different piece want live little want close heaven angels away away,50,0.001119821,0.1765476629551693,0.085162797,0.001119821,0.001119821,0.082293855,0.001119821,0.001119821,0.001119821,0.001119821,0.001119821,0.07110892,0.054704908,0.4060273388428477,0.040600111,sadness,0.2285714285714285
68252,alpha blondy,bloodshed in africa,2010,reggae,bloodshed africa bloodshed africa shame shame bloody shame yeah mighty shame lord babylonians come mess people mind stand babylone bind fall bind fall bind burn babylone bind fall bind fall bond melt grind bloodshed angola bloodshed namibia bloodshed bloodshed ethiopia upheaval upheaval worship evil worship evil stop worship evil,49,0.001879699,0.5047254145220813,0.001879699,0.001879699,0.037593985,0.039971409,0.001879699,0.001879699,0.001879699,0.001879699,0.001879699,0.001879699,0.1326052025305899,0.2230739129567102,0.001879699,violence,0.1428571428571428
30933,the lemonheads,big gay heart,1993,country,look eye wanna lookin gonna live gonna bone pick leave somebody need suck help feel good heart break heart heart break heart look piss cause easy look yeah understand scene hard grateful satisfy time wouldn feel mean song lose afraid prepare heart dark heart heart break heart look piss cause easy look yeah understand scene heart break heart heart break heart heart dark heart heart break heart,67,0.000835422,0.000835422,0.026166668,0.000835422,0.063408689,0.000835422,0.000835422,0.070552572,0.043005275,0.016979914,0.000835422,0.000835422,0.000835422,0.5681387914564978,0.048775982,sadness,0.3857142857142857
43307,foghat,leavin' again (again),1972,blues,stevens peverett chrysalis music corp ascap leavin long feel know ticket buy contract sign late change mind leavin help pack long time place work take lifetime instrumental leavin night go time roll time roll time tomorrow away solo,38,0.002024292,0.002024292,0.002024292,0.5326982604330314,0.002024292,0.078439326,0.002024292,0.002024292,0.002024292,0.046132841,0.1219729698347865,0.002024292,0.002024292,0.048691644,0.069289698,night/time,0.6857142857142857
66874,soja,did you ever,2002,reggae,feel road life long damn short someso live life journey step matter matter earth remain eye glaze memories increase mean shorten days shorter days mean shine time waste mean waste life life waste accumulate earth gonna catch feel turn majesty catch reason turn high life forever road life long damn short watch cause go babylon watch cause go wicked land go babylon equip need firm strong say lord rudderless ship calm soldier decide house lord meditation ready change world justice wrong difference gonna,83,0.000809717,0.000809717,0.4305717910885792,0.095526457,0.000809717,0.034446758,0.000809717,0.000809717,0.067162623,0.000809717,0.086479435,0.1130747772982931,0.035368465,0.000809717,0.082614758,world/life,0.2571428571428571
44158,luther johnson,lonesome in my bedroom,1975,blues,lonesome bedroom baby darling lonesome bedroom sweetheart darling talk night come home bedroom woman baby darling like heart beat bedroom woman sweetheart like heart beat search world mean know scream baby darling night bout bedtime scream pretty baby oooh night bout bedtime know everybody need somebody versurius tryin little girl,50,0.1600305295357728,0.001283697,0.001283697,0.001283697,0.027553601,0.02783082,0.3082363684325602,0.001283697,0.2064414068566993,0.075282489,0.001283697,0.001283697,0.001283697,0.001283697,0.027584066,romantic,0.6428571428571429
53173,thee oh sees,palace doctor,2015,blues,tragically cover sunday bleed sunday sunday blood sneak polish palace floor knock palace doctor door keep bleed palace sores high mighty lay palace floor sneak palace garden row throw spade shoulder palace hide body wealthy body work harden plant flower dark,41,0.002105263,0.4628196158676335,0.002105263,0.002105263,0.002105263,0.002105263,0.002105263,0.002105263,0.002105263,0.002105263,0.5013909093166335,0.002105263,0.002105263,0.002105263,0.002105263,violence,0.071428571
22395,ray price,don't you believe her,1966,country,believe lyric reason live want forget love know lips arm thrill want believe soon leave believe soon leave tell believe trust till time stand shoulder swear things careful look believe soon leave believe soon leave,35,0.001503759,0.001503759,0.4585649959719713,0.001503759,0.001503759,0.001503759,0.1600138474525349,0.2760312281072575,0.001503759,0.00150376,0.001503759,0.001503759,0.001503759,0.00150376,0.001503759,world/life,0.7714285714285715
70165,ziggy marley,see dem fake leaders,2018,reggae,fake leaders place power religion politics rid wave fear start fire care make enemies friends kill thousands hundreds tens lead world peace prosperity fake leaders explain real quick trick miss matter think fight profit look people lead world unity see good humanity rule bastions supremacy ideologies bigotry people live bubble people live wall people take grant people take advantage lead world peace prosperity yeah lead world unity fake leaders place power religion politics rid wave fear start fire care make enemies friends kill thousands hundreds tens lead world peace prosperity,90,0.000892061,0.1258620285482188,0.3433960994082473,0.000892061,0.017843256,0.000892061,0.000892061,0.075881958,0.1046913829242337,0.000892061,0.06301236,0.000892061,0.1787575036130697,0.000892061,0.042414131,world/life,0.028571429
77742,radiohead,"there, there",2003,rock,pitch dark walk landscape break branch speak cause feel mean cause feel mean siren sing shipwreck reach reach reach reach steer away rock walk disaster reach reach reach reach cause feel mean shoulder shoulder cause feel mean shoulder shoulder green lonely lonely lonely heaven send accidents wait wait happen accidents wait wait happen,53,0.001169591,0.001169591,0.001169591,0.001169591,0.001169591,0.001169591,0.001169591,0.2066287906988081,0.001169591,0.027786576,0.001169591,0.2966294320527464,0.047198688,0.3532056949766273,0.053346139,sadness,0.2428571428571428
15985,mgmt,the youth,2007,pop,arm live sleep flood streets light heat lock parent twist shout wave hand rain star rise youth start change start change youth start change start change couple years tide turn boo cheer spite weather learn youth start change start change youth start change start change youth start change start change youth start change start change youth start change start change youth start change start change youth youth youth youth,69,0.001012146,0.001012146,0.4250842300353343,0.001012146,0.001012146,0.001012146,0.001012146,0.001012146,0.1756817831518285,0.001012146,0.001012146,0.1691083747841171,0.001012146,0.2149434251809241,0.001012146,world/life,0.1857142857142857
29592,randy travis,when your world was turning for me,1989,country,mountain name forever live dream help build bridge cross rag rivers world turn know know leave know crave free help wish time turn backwards world turn happen forever future plain dream endless boundaries world turn,35,0.001814882,0.001814882,0.5241921518826413,0.001814882,0.001814882,0.001814882,0.001814882,0.184076627,0.001814882,0.001814882,0.001814882,0.1939832314578856,0.070524758,0.001814882,0.001814882,world/life,0.4428571428571428
62433,chinese man,the journey,2015,jazz,take weed brownies take like hours fell asleep hours wake promethazine like diabetics sugar phlegm core puzzle brain wave take oxygen oxygen take carbon dioxide straight fuck tree siphon shit nose fuck high get high life earth feel better think planet earth mother gaia fuck vagina tree bush shit kush smoke grey kush blaze hitler birthday nigga like chinese glass come kill violent nowadays gandhi smoke tree fuck cloud high nowadays forget plus talk eye pills little pills nose journey little magic school turn little kid shrink blood vein enter membrane turn lipophilic adjust receptors alpha blocker science drop knowledge go college main street flush know think swag like chinese morals thing kill people talk shit come closer shit right bullets registration license snuff angry little world things deserve live look tell high anymore hate hard time think sleep life type thing think know type person wanna different mind confident compliment obnoxious come consciousness,154,0.000578369,0.048537617,0.074688081,0.041881441,0.000578369,0.054382803,0.000578369,0.1463888246709086,0.3329001464511965,0.000578369,0.056710382,0.1676271171583175,0.046922058,0.000578369,0.000578369,obscene,0.071428571
55819,dean martin,red roses for a blue lady,1965,jazz,want roses blue lady mister florist order silly quarrel pretty flower blue away want roses blue lady send sweetest trick hurry pick best white orchid wed gown want roses blue lady silly quarrel pretty flower blue away want roses blue blue lady send sweetest trick hurry pick best white orchid wed gown best white orchid wed gown,57,0.091941241,0.001644737,0.001644737,0.001644737,0.001644737,0.001644737,0.001644737,0.001644737,0.001644737,0.3626070853039772,0.3918042727071339,0.001644737,0.001644737,0.001644737,0.001644737,music,0.7857142857142857
22878,john hartford,gentle on my mind,1967,country,knowin door open path free walk make tend leave sleepin roll stash couch knowin shackle forget word bond stain dry line keep roads rivers memory keep gentle mind bush clingin rock plant columns bind somethin somebody say think walkin knowin world cursin forgivin walk railroad track wavin roads rivers memory hours gentle mind wheat field curl twin junkyards highways come woman cryin mother cause turn go silence tear stain face summer burn till blind walkin roads rivers flowin gentle mind ellins soup gurglin cracklin cauldron train beard roughenin coal pile dirty pull face cup hand round pretend hold breast wavin roads rivers memory smilin gentle mind,106,0.000974659,0.000974659,0.000974659,0.092495231,0.000974659,0.000974659,0.049220922,0.000974659,0.083581846,0.000974659,0.1607240978128492,0.076164291,0.07036966,0.3723296020324687,0.028907311,sadness,0.7571428571428571
71362,creedence clearwater revival,ninety-nine and a half (won't do),1968,rock,night little heart sugar ninetynine half wrong direction start thing right need little affection right lookie bring start get right stop mess thing tight right,25,0.002392345,0.002392345,0.002392345,0.3406023387728342,0.002392345,0.1339778777965538,0.002392345,0.308305478,0.002392345,0.002392345,0.002392345,0.002392345,0.002392345,0.086133885,0.002392345,night/time,0.7428571428571429
58944,gorguts,rottenatomy,1991,jazz,lose jungle hour days hopelessly search exit lethal maze footsteps take drive insane turn circle hostile jungle have drop piece food vital thing wish loose slip dark place like hell fell surround rancid smell corpses previously fell bone shred flesh crawl maggots know shall stay gash appear scar wish despair maggots devour insides commit suicide hear people talk have lose voice unable scream look lie knees go away think decease talk voice scream fast look fall knees leave decease,79,0.001012146,0.3663968689404067,0.001012146,0.001012146,0.001012146,0.001012146,0.001012146,0.1202636210222224,0.001012146,0.001012146,0.1541594942570452,0.001012146,0.051604092,0.2934058824944612,0.001012146,violence,0.4142857142857143
78979,red,let it burn,2011,rock,watch city burn dream like ash float away voice hear silence hearts bleed crash think deceive long stand pain long hide face long afraid afraid long play game fight walk away long burn burn burn watch city burn passions slowly smolder lesson learn violence world break promise drop rain burn long stand pain long hide face long afraid afraid long play game fight walk away long burn burn burn burn hide burn hurt burn fight burn stand burn burn burn burn long stand pain long hide face long afraid afraid long play game fight walk away long burn burn burn burn burn burn,103,0.000537057,0.1842818113328383,0.000537057,0.1654103042257218,0.000537057,0.000537057,0.000537057,0.000537057,0.000537057,0.000537057,0.000537057,0.3118732646721178,0.000537057,0.330378766,0.000537057,sadness,0.1285714285714285
7133,christopher cross,spinning,1979,pop,spin spin round like think win long long time gonna long long time gonna begin spin round like think win,20,0.002770083,0.002770083,0.002770083,0.380774597,0.002770083,0.002770083,0.002770083,0.002770083,0.002770083,0.002770083,0.1658689027104302,0.200145395,0.002770083,0.002770083,0.002770083,night/time,0.5857142857142857
40355,ella fitzgerald,little jazz,1958,blues,vocal assizzy bout busy best evacuate land city dopest county dope count go loco nut coconuts like bounty bring flava excellent behavior rap straight paper favor shut wack shit fake plastic spit sound like spastic quit mumble tumble rumble run throw flip punch wonder flick scratch like like little kitten grow tiger outsider hear niger album fiver vitimin lyricism body healthy come brand flava time brand flava vocal assassin kick flava brand flava come brand flava brand flava flow meandisses burn like bromine switch style famous folk scene write bar notepad file little humour like yellow black bile flow wild ferrell skiddly booty like jazz crap last shorter snapchat forget breath catch asthma attack deep breath mind split explode like atom pass baton race think face taste turn waste toss trash cooler land make cash plan blow like afghan come brand flava time brand flava vocal assassin kick flava brand flava come brand flava brand flava vocal assassin dopest universe motherfucker know say tasty shit,165,0.000666223,0.1514858910237679,0.000666223,0.032495849,0.000666223,0.022695209,0.000666223,0.000666223,0.5341651899892055,0.000666223,0.1868785425892765,0.000666223,0.015172533,0.000666223,0.000666223,obscene,0.8857142857142857
49729,delbert mcclinton,all night long,2001,blues,sudden knock stand try place good remember prisoner remember feelin pretty good take brother keepin neighborhood spend night long lovin spend night long kissin spend night long lovin comin feel think thing like kind sound hear thing start buzz bone teach things woman figure spend night long lovin spend night long kissin spend night long lovin spend night long lovin spend night long kissin spend night long lovin spend night long lovin yeah,73,0.1455811964766953,0.042292773,0.07318187,0.4776932015423379,0.016104343,0.045003007,0.000797448,0.078142992,0.000797448,0.023255743,0.000797448,0.000797448,0.000797448,0.000797448,0.063290995,night/time,0.2714285714285714
15512,beck,e-pro,2005,pop,come soul straight world finger hold devil know trouble hang trigger eye mind road shoot mouth know aim forget pick talk trash garbage kick door boot break ditch rubbish snake bone room hand confection venom heaven drink poison charm wolves eye gambler comfort hammer bone anvil daylight ghost sick tongue twist good know leave taste bitter ghost sick tongue twist good know leave taste bitter,65,0.001119821,0.6042101566543803,0.029459783,0.001119821,0.001119821,0.001119821,0.001119821,0.1350122062588699,0.001119821,0.001119821,0.1606121151160883,0.001119821,0.019182287,0.001119821,0.036965781,violence,0.2142857142857142
35201,hank williams iii,thrown out of the bar,2006,country,beat kick throw damn guess like like cause yeah arunnin agunnin alookin damn good time look know tryin ultimate high hangin good friend runnin real hard runnin real fast caughtup pass end road beat kick throw damn guess like like cause arunnin agunnin alookin damn good time look know tryin ultimate high hangin friend jones mess mess right talk night good time country music lose soul beat kick throw damn guess like like cause arunnin agunnin alookin damn good time,80,0.000797448,0.000797448,0.000797448,0.066565646,0.016520956,0.000797448,0.000797448,0.1023617987673756,0.588044778,0.000797448,0.097792998,0.000797448,0.000797448,0.000797448,0.076534107,obscene,0.2
23554,dolly parton,"why, why, why",1970,country,goodbye walk feel like leave lonely walk leave come tell wrong come home go come goodbyes tear walk leave come tell wrong come home go come goodbyes tear,28,0.3540375715853698,0.001949318,0.001949318,0.001949318,0.001949318,0.001949318,0.040782938,0.085595783,0.001949318,0.001949318,0.001949318,0.001949318,0.001949318,0.3504393621109969,0.1418538961646948,sadness,0.7142857142857143
14300,dave matthews band,the space between,2001,pop,quit quickly corner squeeze time space tear laughter keep come space wicked lie tell safe pain hold fickle fuddle word confuse like rain today waste hours talk talk twist game play strange ally war hearts wild eye beast lyric commercial,40,0.001697793,0.001697793,0.001697793,0.059227923,0.001697793,0.001697793,0.001697793,0.1180435427316237,0.1625009768023463,0.001697793,0.001697793,0.1686573437599919,0.001697793,0.3740446000266875,0.001697793,sadness,0.2714285714285714
58121,dan siegel,next to you,1983,jazz,good wish mystery magical power bring field flower heart paint rainbow share long know belong late night close eye believin dreamin things mind kiss feel like thousand time lose track hours dreamin belong late night close eye believin dreamin things mind kiss feel like thousand time lose track hours wish hop,51,0.001196172,0.001196172,0.089534684,0.3065597708072021,0.001196172,0.001196172,0.08812063,0.001196172,0.001196172,0.001196172,0.001196172,0.1677748346323401,0.001196172,0.182827172,0.056824795,night/time,0.5285714285714286
10917,en vogue,hold on,1990,pop,treat wrong dear go away know head hang wonder love mistake want time morning noon night know things know lose time complain waste time fight blind mind thoughts despair hold hold hold baby hold hold hold hold play game hearts break bout good heart remember need space patient heart waste time fight blind mind thoughts despair hold hold hold gotta hold yeah hold baby hold hold baby hold trust honesty golden rule feel strength passion soul burn deeply magic share sacrifice care waste time fight blind mind thoughts despair hold hold hold tie hold hang tight hold hold hold hold need want hold hang hold little trust honesty golden rule hold feel strength passion soul burn deep hold burn home hold yeah come home hold want hold time hold little blind hold,132,0.040763784,0.1250158330119619,0.031219779,0.1214070569799868,0.030351406,0.021822682,0.33843508,0.077475003,0.000442282,0.017468709,0.000442282,0.057686891,0.000442282,0.068103832,0.03381458,romantic,0.4285714285714285
64442,john holt,chanting,1983,reggae,care soft tender heavenly earth girl child grow beautiful woman sure heart chant thoughts think float walk dance walk walk walk heart chant instant wild good things sweet perspiration desire run mutual attraction flame heart chant strong reach heart chant,40,0.001697793,0.001697793,0.001697793,0.001697793,0.001697793,0.001697793,0.1229919464628714,0.1011598899504992,0.001697793,0.001697793,0.001697793,0.2017309514319972,0.093723991,0.3277518220375643,0.051358115,sadness,0.5285714285714286
69880,jesse royal,always be around,2017,reggae,uuuuuh baby baby baby let ultrasound turn frown upside yeah baby baby let ultrasound turn frown upside yeah come appetizer future secure rock franchiser bolton soul provider miser glider sorrow paralyzer galavanting real galvanizer lock priser chakra exerciser miracle worker like prophet mama forsake papa forsake ease pain sane tear foundation stand prepare know seal like drewski bake goods world await realms childhood look go pressure withstand corner good showdown sundown showdown sundown,73,0.204256486,0.001644737,0.066972528,0.001644737,0.066200576,0.037723236,0.001644737,0.001644737,0.001644737,0.001644737,0.001644737,0.001644737,0.047623593,0.350598961,0.093559406,sadness,0.042857143
66803,stranger cole,just like a river,2002,reggae,like river flow teardrops fall eye darling hurt ways forgive believe forever alright days nights lonely like throne darling believe believe alright,22,0.002506266,0.002506266,0.3732212767681552,0.002506266,0.002506266,0.002506266,0.1165315290168678,0.002506266,0.002506266,0.002506266,0.002506266,0.002506266,0.002506266,0.1808255080237643,0.002506266,world/life,0.2571428571428571
26451,larry gatlin & the gatlin brothers,all the gold in california,1979,country,gold california bank middle hill somebody dreamin california matter play california brand game try hero wind zero scar forever right soul live spotlight kill outright cause glitter gold gold california bank middle hill somebody dreamin california matter play california brand game gold california bank middle hill somebody dreamin california matter play california brand game brand game,56,0.001547988,0.001547988,0.1431889744038813,0.001547988,0.001547988,0.001547988,0.001547988,0.001547988,0.6701452146355953,0.001547988,0.001547988,0.065944602,0.001547988,0.001547988,0.097501393,obscene,0.5857142857142857
30776,the mavericks,hey good lookin',1992,country,williams good lookin cookin cookin free ready steady keepin steady company dollar know spot right soda dancin free wanna come good lookin cookin cookin gonna throw date book fence cents cover write good lookin cookin cookin dollar know spot right soda dancin free wanna come good lookin cookin cookin cookin cookin,51,0.001754386,0.001754386,0.001754386,0.001754386,0.001754386,0.001754386,0.001754386,0.001754386,0.6189349636856715,0.001754386,0.001754386,0.001754386,0.1311507076936173,0.001754386,0.126531889,obscene,0.4
22417,bobby bare,the long black veil,1966,country,years cold dark night kill neath light scene agree slayer look like judge say alibi speak word mean life arm best friend wife walk hill long black veil visit grave night wind wail know see know scaffold high eternity near stand crowd shed tear night cold wind moan long black veil cry bone walk hill long black veil,58,0.00122399,0.4110151109964267,0.00122399,0.1131540620607499,0.00122399,0.00122399,0.00122399,0.1522992340043818,0.00122399,0.00122399,0.092670269,0.2137254605622474,0.00122399,0.00122399,0.00122399,violence,0.7714285714285715
15172,bowling for soup,1985,2004,pop,wall prozac husband dream go door turn happen plan gonna actress gonna gonna shake hood whitesnake yellow enemy look average life alright springsteen nirvana music kid high school tell uncool cause preoccupy see classics know line breakfast club pretty pink saint elmo rock wham limp bizkit think hand member duran duran miniskirt snake skin sing halen reality happen sitcoms game show radio springsteen nirvana music kid high school tell uncool cause preoccupy hat time stop mötley crüe classic actor stop stop stop bring springsteen nirvana music kid high school tell uncool cause preoccupy springsteen nirvana music kid high school tell uncool cause preoccupy,103,0.000892061,0.000892061,0.000892061,0.000892061,0.000892061,0.000892061,0.000892061,0.143782029,0.3334124629803887,0.1071181403877041,0.2081473909931243,0.000892061,0.000892061,0.000892061,0.000892061,obscene,0.2285714285714285
39997,billie holiday,lady sings the blues,1956,blues,lady sing blue feel want world know blue lady sing blue tell hide world know blue blue nothin like pain heart start gonna know cause lady sing blue tellin world know gonna sing lady sing blue tellin world know gonna sing,41,0.1279356411651496,0.001315789,0.1194717019824944,0.001315789,0.001315789,0.001315789,0.001315789,0.1267878789458142,0.036128766,0.3479921458505263,0.001315789,0.00131579,0.001315789,0.1120307265759388,0.00131579,music,0.9142857142857144
32665,mark wills,i do (cherish you),1998,country,world need eye shin smile feelall passion unfold hand brush thousand sensations seduce cause rest life think twice depths soul control wait long ask world live outside emotions know go open life paradise world tear change heart die rest life think twice depths soul control wait long ask ask,49,0.001315789,0.00131579,0.4559386508311028,0.089708341,0.00131579,0.001315789,0.00131579,0.1923444378735277,0.00131579,0.00131579,0.00131579,0.050123653,0.00131579,0.1317742731763641,0.00131579,world/life,0.3142857142857143
71832,rod stewart,tomorrow is a long time,1971,rock,today endless highway tonight crook trail tomorrow wasn long time lonesome mean true waitin hear heart softly poundin lie rest reflection mirror speak sound pain hear echo footsteps remember sound true waitin hear heart softly poundin lie rest beauty silver singin river beauty sunlight steal beauty remember true eye true waitin hear heart softly poundin lie rest true waitin hear heart softly poundin lie rest,65,0.001052632,0.058728821,0.3236784770527831,0.062769388,0.001052632,0.001052632,0.001052632,0.001052632,0.076160542,0.1879568902753435,0.001052632,0.04970838,0.001052632,0.2078248114592683,0.001052632,world/life,0.7
81584,hopsin,hop madness,2012,hip hop,journey world yeah ride welcome madness ride welcome madness ride undeniably nigga make spot filla smash rappers sicka hopzilla like mischievous prop getter probably pop biggie pacs killers look pock twat drilla remember bitch pick phone hoe problem fuck awesome brag porsche doors killin bout bring time feel true force cali straight york kiss like try bitch wanna beef think attack know quick line like obvious heart thump look like fuck idiot promise year wasn sudden bitch ballsack best friend heck lyric commercial,83,0.001144165,0.001144165,0.079126464,0.001144165,0.023309573,0.001144165,0.057651835,0.088002889,0.4031950169664213,0.001144165,0.1376655204416183,0.001144165,0.001144165,0.001144165,0.001144165,obscene,0.1142857142857142
44393,thin lizzy,that woman's gonna break your heart,1977,blues,lynott lonesome gambler woman lead heartbreaks word play lose play cool deal heartaches break rule woman woman gonna break heart woman gonna tear soul apart woman gonna wreck head woman gonna leave life depend lose refuse believe fate know wrong card deck stack romance woman gonna break heart woman gonna tear soul apart woman gonna wreck head woman gonna leave,60,0.001031992,0.1122615123733318,0.055601511,0.001031992,0.001031992,0.001031992,0.2412851862405142,0.001031992,0.001031992,0.056040057,0.001031992,0.001031992,0.001031992,0.3310112114389325,0.001031992,sadness,0.6142857142857143
15972,sara bareilles,between the lines,2007,pop,time tell truth burden mouth piece paper cause continue pretend choose opposite side fall lovingyoulaters right mind wrong time memory cruel queen attention detail defend intentions fail tell sound familiar swear hear thousand time listen leave unsay unspoken eye wide shut unopened line line think think ready bleed shadow wall stand center late choices stay leave easy uncover leave learn listen silence leave unsay unspoken eye wide shut unopened tell word surely mean talk conversation stay ready mean leave unsay unspoken eye wide shut unopened line line line,88,0.000822368,0.3139303329009537,0.000822368,0.2129957622570033,0.000822368,0.000822368,0.000822368,0.2584581665908909,0.000822368,0.000822368,0.000822368,0.000822368,0.000822368,0.202280212,0.000822368,violence,0.1857142857142857
68595,skillinjah,emergency spliff,2011,reggae,weed weed weed sensi smoke weed weed weed sensi emergency spliff cannabis addict better roll light catch drift emergency spliff leave home emergency spliff cannabis addict better roll light catch drift emergency spliff leave home weed guava friend farmer tell informer cause informer visit embalmer fuckin snake charmer tell thats thing coke bother bring demons wanna cling pure slackness song wanna sing lambsbread guavam wanna legalize ganja want corner like apples banana emergency spliff cannabis addict better roll light catch drift emergency spliff leave home emergency spliff cannabis addict better roll light catch drift emergency spliff leave home smoke baker candle creator north south side equator imagine suffer cancer smoke little reefer marijuana smoke pelico numero come babylon enfuego emergency spliff cannabis addict better roll light catch drift emergency spliff leave home emergency spliff cannabis addict better roll light catch drift emergency spliff leave home weed weed weed sensi smoke weed weed weed sensi smoke,155,0.000797448,0.000797448,0.000797448,0.000797448,0.000797448,0.019051229,0.000797448,0.05631643,0.3158373475919761,0.160238539,0.000797448,0.1929551054817923,0.000797448,0.077441701,0.000797448,obscene,0.1285714285714285
9047,hüsker dü,chartered trips,1984,pop,pack belong nylon carryall hear say limit charter away guess better stay desert tree wall solve say limit charter away guess better stay think owe away want place away look picture imagine away beach sand clothe away pack belong nylon carryall hear horizon oblivious charter away guess better stay desert tree wall solve horizon oblivious charter away guess better stay think owe away want place away look picture imagine away beach sand clothe away pack belong nylon carryall hear say limit charter away guess better stay say return charter away say return charter away say return charter away say return charter away say return charter away say return charter away say return charter away,114,0.000657895,0.000657895,0.000657895,0.000657895,0.000657895,0.000657895,0.000657895,0.2671617613252355,0.000657895,0.000657895,0.1302193394273988,0.082922389,0.000657895,0.4916326712969246,0.000657895,sadness,0.5142857142857142
55309,dean martin,just in time,1960,jazz,time time come time run lose lose dice toss bridge cross know go doubt fear come time time change lonely life know go doubt fear come time time change lonely life,31,0.079169877,0.001754386,0.4920801353174052,0.3038543788316711,0.001754386,0.001754386,0.001754386,0.001754386,0.001754386,0.001754386,0.001754386,0.001754386,0.001754386,0.001754386,0.057260718,world/life,0.8571428571428571
41298,nina simone,will i find my love today,1963,blues,rain stop streets fresh warm clear begin form step outside quiet word today smile face quiet romantic place come today wonder meet street come lonely girl rendevous today smile face quiet romantic place come tell lonesome girl rendevous today wonder meet street know tommorow today,45,0.001349528,0.001349528,0.3174269509847096,0.001349528,0.001349528,0.001349528,0.001349528,0.001349528,0.001349528,0.2835823111018317,0.2066498833812213,0.001349528,0.001349528,0.001349528,0.001349528,world/life,0.8142857142857143
41658,ella fitzgerald,dream (when you’re feeling blue),1964,blues,touch sundown fellow tiptoe sand million kinds stardust pick rite brand dream feel blue dream thing watch smoke ring rise share memories dream dream come true things dream dream dream dream dream come true things dream dream dream dream dream dream dream,42,0.001422475,0.001422475,0.3148776782877964,0.001422475,0.001422475,0.001422475,0.001422475,0.001422475,0.001422475,0.066171802,0.048332992,0.1797820039429745,0.001422475,0.001422475,0.001422475,world/life,0.8
24180,waylon jennings,one of my bad habits,1972,country,gotta quit smokin chokin gotta quit drinkin messin thinkin baby include plan habit gonna quit gotta quit cryin cause quit lyin sick tire tryin gonna face like habit gonna quit gotta quit hopin change stop mockin sayin game playin woman reachin hand habit gonna quit habit gonna quit,48,0.031024558,0.001503759,0.00150376,0.001503759,0.001503759,0.001503759,0.041572414,0.001503759,0.6647695089393232,0.001503759,0.001503759,0.001503759,0.001503759,0.001503759,0.001503759,obscene,0.6857142857142857
19921,alec benjamin,let me down slowly,2018,pop,night cold kingdom feel fade away kitchen bathroom sink step awake throw leave waste dignity slip crack cold embrace slowly little sympathy wanna lonely leave baby slowly wanna lonely leave baby slowly cold skin drag feet tile walk corridor know talk look open door throw leave waste dignity slip crack cold embrace slowly little sympathy wanna lonely leave baby slowly wanna lonely leave baby slowly stop fall stop fall stop fall stop fall slowly little sympathy wanna lonely leave baby slowly wanna lonely leave baby slowly wanna lonely leave baby slowly,91,0.1061750687509394,0.1360461097007119,0.000657895,0.029963949,0.000657895,0.03839857,0.000657895,0.000657895,0.000657895,0.000657895,0.000657895,0.000657895,0.000657895,0.5393332241334146,0.000657895,sadness,0.028571429
50192,bettye swann,angel of the morning,2004,blues,string bind hand bind heart need stand choose start reason home face morning touch cheek leave baby morning slowly turn away maybe sun light matter mornings echo say sin want victims night blind light morning touch cheek leave baby morning slowly turn away gonna stay years days years baby baby morning touch cheek leave baby morning touch cheek leave baby,60,0.1719398479551616,0.001012146,0.1017323924225175,0.001012146,0.001012146,0.001012146,0.08632952,0.001012146,0.001012146,0.001012146,0.001012146,0.1728436709136454,0.001012146,0.3372812302399694,0.076587834,sadness,0.2285714285714285
60432,eva cassidy,yesterday,2003,jazz,yesterday trouble away need place hide away believe yesterday suddenly half girl hang yesterday come suddenly know wouldn say things wrong long yesterday yesterday easy game play need place hide away believe yesterday know wouldn say things wrong long yesterday yesterday easy game play need place hide away believe yesterday,50,0.001074114,0.001074114,0.3892496733941302,0.001074114,0.001074114,0.001074114,0.001074114,0.3220412935254517,0.001074114,0.001074114,0.001074114,0.001074114,0.001074114,0.2501038866851157,0.001074114,world/life,0.2428571428571428
58895,"harry connick, jr.",a blessing and a curse,1991,jazz,forget happen fourth july rent date deadlines float remember columbus discover know horizons skylines lovers remember rearrange history gift movement beethoven fifth land plenty breadline remember,26,0.005263158,0.005263158,0.5803426783765506,0.005263158,0.005263158,0.005263158,0.08695354,0.005263159,0.005263158,0.005263158,0.005263158,0.1592814555265979,0.094474955,0.005263158,0.005263158,world/life,0.4142857142857143
25631,johnny cash,after the ball,1977,country,hear people laugh corner square neon flicker wall know listen footsteps wait ball ball ball stand place fall blind draw turn clock face wall wait ball love sweet addiction need long come want night laughter wait ball,37,0.001644737,0.3393090179190333,0.001644737,0.206252802,0.001644737,0.001644737,0.073330428,0.001644737,0.3263963178779105,0.001644737,0.001644737,0.001644737,0.001644737,0.001644737,0.001644737,violence,0.6142857142857143
58495,nat king cole,let's fall in love,1987,jazz,artist word koehler music title song film sing sothern instrumental version cavallaro appear film duchin story chart duchin chart peach fall shouldn fall hearts afraid close eye paradise little know mean hearts discover fall shouldn fall time young fall mean hearts discover fall shouldn fall time young fall,48,0.001879699,0.001879699,0.001879699,0.0018797,0.001879699,0.037924428,0.001879699,0.148488282,0.001879699,0.1314176068751803,0.001879699,0.001879699,0.076477172,0.5793767201352302,0.001879699,sadness,0.4714285714285714
29821,"crosby, stills & nash",haven't we lost enough?,1990,country,stand wisdom come go start tear think disappear night image arise close come pain dream hurt reach room think disappear like child wasn good want drive wild rough lose time heal know clear maybe someday understand know start place heart disappear like child wasn good want drive wild rough like child wasn good want drive wild rough lose,58,0.00093985,0.00093985,0.00093985,0.00093985,0.00093985,0.00093985,0.00093985,0.1648859758071668,0.00093985,0.00093985,0.3396515923580527,0.00093985,0.062092541,0.3112464837304659,0.056513021,sadness,0.4285714285714285
73392,bruce springsteen,point blank,1980,rock,prayers little darling night pray tomorrow alright tomorrows fall number number die know shoot point blank shoot baby point blank fool time little girl fact right eye baby point blank right pretty lie tell little girl fell grow young girls grow fast take hand leave ask ask baby wasn right live life gonna gonna days romeos welfare cheque pretty little things promise point blank shoot eye point blank like little white lie tell ease pain walk sight girl point blank false baby light dream baby home club stand hard hear band play loud shout pull jacket drummer count grab hand pull floor stand hold start dance slow pull tighter swear night avenue face shadow know stand doorway rain answer call turn look away like stranger wait blow away point blank right eye point blank right pretty lie fell point blank shoot straight heart yeah point blank twist point blank walk sight point blank live false false away point blank catch sight point blank forget girl forget fight point blank shoot head cause point blank bang bang baby dead,178,0.054864592,0.363138861,0.075576124,0.067151573,0.00765156,0.043883934,0.012653336,0.000355619,0.038760898,0.000355619,0.086278479,0.037541805,0.000355619,0.1078060890857371,0.000355619,violence,0.5714285714285714
22861,buffalo springfield,rock & roll woman,1967,country,woman ought know come sing soft sing roll know neath soothe hand free plan dream faraway land close hand follow wide know familiar place know tomorrow friend sorrow face line longer blind hard,33,0.001814882,0.087683659,0.3012525369561638,0.001814882,0.001814882,0.001814882,0.1627529016864493,0.2170446467829924,0.001814882,0.08505548,0.001814882,0.001814882,0.083130178,0.001814882,0.001814882,world/life,0.7571428571428571
69912,stick figure,above the storm,2017,reggae,felt light moon try scream silence look want live island good see smile understand world want live live live live live live see break cloud rain fall shin lose sound turn loud sound keep die wonder mystery think soul start fly want long live live live live live live close eye moment focus breathe think good thoughts hold slip dream slip away place storm rain away away wake want send like tale time have good time paint story life high hold years face fear afraid head rest wish best life bless today thank praise,94,0.000591366,0.1018453346645816,0.439105002,0.000591366,0.000591366,0.000591366,0.000591366,0.000591366,0.000591366,0.000591366,0.000591366,0.1803176240581696,0.011348037,0.1726007045296654,0.041500885,world/life,0.042857143
45175,jethro tull,and further on,1980,blues,heavens break world sleep rock mossy bank drip acid rain craggy steep fiery angels kiss wish goodbye till trouble dynasties like legions lose blow away hound hard heel quarry play faint light go wish goodbye till angry wave grow high teeth northern shore brave fire flicker cough wind break doors line draw wish goodbye till,55,0.001547988,0.001547988,0.001547988,0.047674325,0.001547988,0.001547988,0.1759272552039165,0.001547988,0.001547988,0.001547988,0.001547988,0.3680588182455814,0.076524941,0.3101428323373972,0.001547988,sadness,0.5714285714285714
3979,scott walker,boy child,1969,pop,lose child rid away mirror dark bless crack forget courtyards search youth get life reach touch true shadow like hearts hold hold stay stay free seek lady away naked stillness edge stay night start song begin deep window light wanderers hide hard swell eye echo laughter hide cities thighs catch fragment swirl wind night cost child sight extensions dimension leave feel cold lame child mustn tremble come,67,0.030159698,0.081963619,0.032366178,0.001074114,0.001074114,0.001074114,0.063059348,0.001074114,0.001074114,0.025023897,0.001074114,0.2748067054374229,0.1010301642422332,0.3797751383116727,0.001074114,sadness,0.7285714285714285
27275,crystal gayle,take me home,1982,country,home silly arm home silly world round sorry break heart leave home silly cause,14,0.004385965,0.004385965,0.092824877,0.004385965,0.004385965,0.004385965,0.004385966,0.004385965,0.004385965,0.244086132,0.1111903642729516,0.004385965,0.004385965,0.4861091511757157,0.004385965,sadness,0.5428571428571428
53942,blues saraceno,the devil never sleeps,2018,blues,soul soul pray weep lord shall devil devil sleep heart heart breathe lord shall receive devil devil sleep pray weep lord shall devil devil sleep soul soul pray weep lord shall breathe devil devil devil sleep devil sleep,38,0.001503759,0.6111240773958638,0.001503759,0.001503759,0.001503759,0.1621999932063238,0.001503759,0.001503759,0.001503759,0.001503759,0.001503759,0.001503759,0.1354938323062902,0.068625706,0.001503759,violence,0.028571429
22096,roger miller,but i love you more,1965,country,smell clover winter kind long things like bird sing flower bloom fall rain things catch smell smell,17,0.003289474,0.003289474,0.003289474,0.003289474,0.003289474,0.003289474,0.003289474,0.003289474,0.003289474,0.4507841531131522,0.003289474,0.003289474,0.003289474,0.1389543471300064,0.003289474,music,0.7857142857142857
60977,the faceless,pestilence,2006,jazz,flourish plague consume mass emaciate figure die streets boil sores devour flesh vital organs turn sludge inescapable fate capture humanity hour victims fall mass hysteria protocol civilization turn savagery cure sight science futile chaos disease ride humans play final days ravenous animals bastardize version reverse bastardize version reverse limbs appendages fall leave hideous creatures torment hell mass grave fill diseased body spread sickness posthumously mass grave fill diseased body spread sickness posthumously suffer life form await death misery defeat vital organs turn sludge inescapable fate capture humanity hour victims fall disease ride humans play final days ravenous animals sinless torsos wither away,102,0.001503759,0.4609087305248204,0.091559869,0.001503759,0.001503759,0.001503759,0.001503759,0.001503759,0.001503759,0.050835912,0.088993584,0.1331405570395796,0.001503759,0.1550124751120083,0.001503759,violence,0.2
46520,the fall,gross chapel,1986,blues,porterage dark gross chapel step streets sell person mobile porterage dark gross chapel step streets introduce woman looselimbed look whitewash ugly wall whoosh worse dirty postcards trap brace criminals panicky time fall group porterage dark gross chapel step streets crocellar gross chapel right say die smoke say idea little like canava come assault wait outside put blame porterage slam ail porterage wear clothe commandos live scaly eard commandos pallisades leaders refuse tangle maze throw glass enemy ears sing british grenadiers,80,0.001503759,0.6125179825494318,0.001503759,0.076761315,0.001503759,0.066448041,0.00150376,0.001503759,0.001503759,0.032950889,0.1902691400604296,0.001503759,0.001503759,0.001503759,0.001503759,violence,0.4857142857142857
1213,the marvelettes,so long baby,1961,pop,long baby long long baby long long baby long long baby think love hurt cruel go leave cause know true hear sigh leave give warn long baby long baby long long baby long long baby long long baby long baby long baby goodbye turn play game break hearts time come long baby long baby long long baby long long baby long long baby come mind baby long baby long baby long long baby goodbye long baby,76,0.3417519450535212,0.000692521,0.000692521,0.4535404353597904,0.000692521,0.000692521,0.066647561,0.000692521,0.000692521,0.036681782,0.000692521,0.000692521,0.000692521,0.091682985,0.000692521,night/time,0.8428571428571429
11385,green day,one for the razorbacks,1992,pop,try want know experience look direction know perfection want bring cause lose leave dignity small forget disappointments face open worry world cry cause realize fill pain distrust know crazy lazy bring cause lose leave dignity small forget disappointments face open worry world cry cause realize fill pain distrust know crazy lazy bring cause lose leave dignity small forget disappointments face open worry world,63,0.001031992,0.001031992,0.3167037213832834,0.001031992,0.001031992,0.042619248,0.001031992,0.2214123595822101,0.001031992,0.001031992,0.001031992,0.001031992,0.001031992,0.3392117569666231,0.001031992,sadness,0.4
36962,blake shelton,home (feat. michael bublé),2012,country,edition jingle white christmas oklahoma christmas mcentire snow snow snow clarkson santa choo choo train home bublé winter wonderland christmas song blue christmas pistol annies home christmas silver bell time come home shackleford best time year tryptaphunk deluxe edition savior step round christmas tree christmas album coverstandard edition deluxe edition,50,0.002506266,0.002506266,0.002506266,0.085913481,0.002506266,0.002506266,0.002506266,0.002506266,0.002506266,0.532543925,0.2931266193312026,0.002506266,0.002506266,0.002506266,0.002506266,music,0.1142857142857142
3701,scott walker,big louise,1969,pop,stand hear softly escape fill bag neath eye moonbeams cry cause world pass time sound sweet yesterday world fill friends lose haunt house windows break young go away bathrobe tear tear smudge lipstick neighbor whisper time sound sweet yesterday world fill friends lose,43,0.001547988,0.001547988,0.3666488278455386,0.001547988,0.001547988,0.001547988,0.063953229,0.001547988,0.001547988,0.1525970528856477,0.064688746,0.001547988,0.001547988,0.330440317,0.001547988,world/life,0.7285714285714285
32808,lonestar,all the way,1999,country,walkin holdin separate little twist fate heart belong sweet journey let world takin matter life bring gonna chase forever life everyday lovin years true freedom knowin sure goin people think tell honestly fleetin thing imagine know mean completely felt like want nothin passionate know life everyday lovin years true freedom knowin sure goin yeah freedom knowin sure goin,58,0.080305522,0.001144165,0.3244766025091964,0.001144165,0.023456327,0.084409487,0.063207432,0.1901344008594589,0.092064336,0.001144165,0.001144165,0.001144165,0.086076623,0.001144165,0.001144165,world/life,0.3
51595,them crooked vultures,dead end friends,2009,blues,drive night drive know head follow road blind road dead night vein call race arteries myth herd follow road night hop puzzle piece fell know open door climb hold real close ache touch dead friends gotta know dead road tell look eye dead friends drive night end begin sweet curse reach awaken dead wander dead friends dead friends dead,59,0.001031992,0.3225859781549867,0.001031992,0.001031992,0.001031992,0.001031992,0.076765945,0.1290267895121863,0.001031992,0.001031992,0.3113477629556038,0.1244047499325262,0.001031992,0.001031992,0.001031992,violence,0.1571428571428571
21376,johnny cash,accidentally on purpose,1962,country,accidentally morning lovely dress wed gown marry stranger drift hometown accidentally even sight accidentally purpose marry accidentally purpose spite cheat run fool heart clown accidentally mistake night accidentally purpose spite cheat run fool heart clown accidentally mistake night accidentally purpose spite,41,0.002923977,0.002923977,0.002923977,0.002923977,0.002923977,0.002923977,0.002923977,0.002923977,0.002923977,0.002923977,0.080278759,0.3602821198610905,0.002923977,0.4442865384634094,0.002923977,sadness,0.8285714285714286
32867,kenny rogers,love the world away,1999,country,world step stealin time away soon take forget touch know time hand walk door free world arm hide today world away hearts free time share stay touch away come magic wait hand walk door free world arm hide today world away world away,43,0.00122399,0.00122399,0.3588871087383662,0.00122399,0.00122399,0.00122399,0.1250994107788475,0.00122399,0.00122399,0.00122399,0.00122399,0.024295695,0.085421186,0.3891607364779254,0.00122399,sadness,0.3
21574,eddy arnold,tumbling tumbleweeds,1963,country,tumble pledgin grind lonely free driftin tumble tumbleweed care past trail wind drifitn tumble tumbleweed know night go world bear deep heart song range belong driftin tumble tumbleweed roamin cowboy ridin long tumbleweeds sing lonely song nights underneath prairie moon ride sing tune deep heart song range belong driftin tumble tumbleweed driftin tumble tumbleweed,54,0.001754386,0.001754386,0.001754386,0.001754386,0.001754386,0.001754386,0.001754386,0.001754386,0.001754386,0.3925218923626917,0.056424908,0.1817731972299916,0.08838731,0.2563312881772121,0.001754386,music,0.8142857142857143
23111,loretta lynn,how long will it take,1968,country,long long need waitin wonderin long tellin winnin turn right treat hard cold life livin gonna baby gotta know long long want longer heart gotta break long long need waitin wonderin long thing earth need lovin baby exception rule puttin world long need waitin wonderin long,46,0.1165903556170104,0.00131579,0.086082691,0.322791255,0.114847297,0.00131579,0.00131579,0.00131579,0.1575062051457827,0.00131579,0.00131579,0.00131579,0.030726244,0.1038806119974651,0.001315789,night/time,0.7428571428571429
78005,black label society,fire it up,2005,rock,engines roll time burn bleed till forever loud yeah hellfire doom watch hatred spin speed sound engines roll time burn yeah move move move move move face fear accept face fear accept yeah,33,0.002024292,0.3205353844615237,0.002024292,0.088880329,0.1174089068835636,0.002024292,0.002024292,0.002024292,0.002024292,0.002024292,0.002024292,0.096883981,0.002024292,0.002024292,0.002024291,violence,0.2142857142857142
61283,the faceless,planetary duality ii: a prophecies fruition,2008,jazz,vile adversary approach haste immense conqueror hide final alignment open dimensional door planetary interconnection release inexplicable force dark energy await portal celestial formation distant rumble cosmic hunger mortal soul eternal transcendence deny solar wind world breathe chaos ravage planet cosmic rebirth midst smoke contamination miscalculation celestial ones ageless free physical bound infinite energetic control suppress darkness inside original keepers time perimeters consciousness imbeciles salvation answer prayers pathetic germs accept demise manifest fail cosmic force destroy barrier realms infinite dimension cross paths recreate reality,83,0.002770083,0.649158317,0.002770083,0.058553062,0.002770083,0.002770083,0.002770083,0.002770083,0.002770083,0.002770083,0.002770083,0.1009285063680078,0.1498088661568619,0.002770083,0.002770083,violence,0.1714285714285714
78390,blood red shoes,it's getting boring by the sea,2008,rock,leave past door away like blister blister blister consider change scenery get bore picture picture picture escape knock escape knock harsh tongue easily hear quiet quiet quiet consider change scenery get bore picture picture picture escape leave past door away like blister blister blister consider change scenery get bore picture picture picture,52,0.001461988,0.5088787920389466,0.1209323802224064,0.001461988,0.001461988,0.001461988,0.001461988,0.001461988,0.001461988,0.001461988,0.001461988,0.001461988,0.001461988,0.2667466830062863,0.001461988,violence,0.1714285714285714
45705,uriah heep,think it over,1982,blues,take mistake touch think face single pain away tear turn walk away know better tell want quit think believe things think think forget givin fuss face truth think babe,29,0.041721831,0.001879699,0.001879699,0.001879699,0.001879699,0.001879699,0.0018797,0.4902841793249323,0.001879699,0.001879699,0.001879699,0.001879699,0.001879699,0.3823202075421789,0.001879699,sadness,0.5428571428571428
19086,future,wicked,2016,pop,esco city coolest muthafuckin planet wicked tune know sayin southside wizard metro boomin want nigga wicked wicked wicked wicked hold wicked wicked wicked wicked wicked wicked wicked wicked hold wicked wicked wicked wicked stand motor bust dashboard stand motor bust dashboard hold wicked wicked wicked wicked wicked wicked wicked wicked candle burn money burn graveyard niggas phantom parkin dawg barkin lortabs ohohohoh shawty want wave ohohohoh drippin cartier ohohohoh gold happen lengua spanish liter xannies continental panoramic complimentary savage fuck tragedy want green green green asparagus drink lean lean lean embarrass wicked wicked wicked wicked hold wicked wicked wicked wicked wooh wicked wicked wicked wicked go bitch go purchase avianne wed band ring marry game shit woah woah woah woah bitch pullin crib pull bitch instagram tellin lie cause shit want bigbig status nickel bag tally taliban gang status happenin niggas close cause know dabbin hangin bitch panic believe corner gamblin wicked wicked wicked wicked hold wicked wicked wicked wicked wicked wicked wicked wicked wicked wicked wicked wicked stand motor bust dashboard stand motor bust dashboard wicked wicked wicked wicked wicked hold wicked wicked wicked wicked,186,0.000892061,0.066808951,0.000892061,0.000892061,0.000892061,0.000892061,0.1232143787959575,0.054229572,0.5182353327024392,0.000892061,0.000892061,0.125814152,0.000892061,0.000892061,0.032093963,obscene,0.057142857
52281,the delta saints,death letter jubilee,2012,blues,long room woah shall grow time pain cause gonna stand grave gonna dance gonna sing gonna lift voice death letter jubilee callous cold believe say live gonna sword know come blood blade yeah gonna hell grave death letter jubileeah heyya somedays wish turn right know rush taste blood fight doctor preacher good wife dance grave good lord take life,59,0.001031992,0.348560519,0.09659802,0.048772499,0.032488525,0.029783953,0.001031992,0.073221605,0.001031992,0.078504845,0.001031992,0.085873946,0.02273906,0.001031992,0.044006171,violence,0.1142857142857142
126,los hermanos arriagada,poema,1954,pop,night mind deep dream till time look eye touch soul hard hide apart feel heart know lock door throw away save save night dream belong hold feel right heart lock door throw away save save night save save turn know come baby stay save save turn need save save save save save baby save save,55,0.057993919,0.00093985,0.3559572805248189,0.1107375533344195,0.00093985,0.00093985,0.03000855,0.00093985,0.00093985,0.00093985,0.00093985,0.00093985,0.00093985,0.4321448015317837,0.00093985,sadness,0.9428571428571428
22845,buffalo springfield,good time boy,1967,country,look turn line upstage climax dream yeah cause right good time right good right good time right right yeah sock mind step right line catch catch yeah cause love good dude change right yeah right good time right good right good time right right yeah sock groove sock right right,50,0.001196172,0.001196172,0.001196172,0.5353621657888863,0.1362631576115041,0.001196172,0.046650721,0.001196172,0.001196172,0.001196172,0.1047026048380202,0.001196172,0.001196172,0.001196172,0.1602749385178491,night/time,0.7571428571428571
39902,ella fitzgerald,get out of town,1956,blues,late good wish harm retire farm content charm bird tree disappear care near close dear touch thrill meet bittersweet darling get,21,0.003289474,0.003289474,0.003289474,0.089642225,0.003289474,0.003289474,0.4503046802036788,0.003289474,0.003289474,0.003289474,0.003289474,0.2226863101199041,0.003289474,0.1041476994690368,0.087166452,romantic,0.9142857142857144
61791,the dear hunter,we've got a score to settle,2011,jazz,calm gain grind shake head weary cause discern eye know word weight world wait shoe drop yell blood hand stone cold glare crook grin know exactly say blood hand forget truth consequence deal good maybe light long dance like want shelter look eye think stay alive yell,47,0.001503759,0.364919006,0.00150376,0.068526051,0.001503759,0.001503759,0.001503759,0.2835931886396253,0.00150376,0.001503759,0.051341337,0.1440429673532275,0.040473276,0.001503759,0.029059061,violence,0.1285714285714285
76132,tool,sober,1993,rock,shroud step make promise point finger wait like stalk finger rest murder path come fuck whistle past fuck whistle past sober want start drink forever want start worthless liar lyric commercial,31,0.00228833,0.00228833,0.3307241062865747,0.00228833,0.00228833,0.00228833,0.00228833,0.00228833,0.4296406349386175,0.00228833,0.00228833,0.00228833,0.00228833,0.00228833,0.00228833,obscene,0.3857142857142857
51628,jay reatard,oh it's such a shame,2009,blues,things people change grow hide room waste shame look eye know waste shame,13,0.003759399,0.003759399,0.7388757129028645,0.003759399,0.003759399,0.003759399,0.003759399,0.003759399,0.003759399,0.003759399,0.003759399,0.1972145096290078,0.003759399,0.003759399,0.003759399,world/life,0.1571428571428571
56340,king crimson,indoor games,1970,jazz,indoor fireworks amuse kitchen staff dust plastic garlic plant snigger draught ride parlour wear armour play indoor game string puppet show amuse sycophantic friends cheer rancid recipes fear offend whilst loaf sofa sport falsies toga play indoor game indoor game mean teetotum sin arouse seventh wife pat little skin reinsure life whilst sulk sauna cause lose jigsaw corner play indoor game indoor game afternoon train baboons sing swim purple perspex water wing come saturday jump chopper brigade hard bendertrender indoor game ball bagatelle incite children conspire slide fry fertilise jones madder break bone break ladder yeah hahahaha,97,0.001349528,0.2316121031780266,0.001349528,0.001349528,0.027477713,0.036361797,0.001349528,0.001349528,0.3891914834389197,0.072296108,0.097706057,0.001349528,0.028470943,0.001349528,0.001349528,obscene,0.7142857142857143
79850,tame impala,yes i'm changing,2015,rock,rag late world demons cultivate felt strangest emotion wasn hate change go older move think crime come life move future leave hop search endlessly baby leave blue future wait lyric commercial,31,0.077998582,0.002192983,0.453552328,0.060935791,0.002192982,0.002192982,0.002192982,0.1540577047417275,0.002192983,0.056807211,0.002192983,0.002192983,0.002192982,0.002192983,0.002192983,world/life,0.071428571
11084,pennywise,living for today,1991,pop,look tell world belong time dream right right grasp ones ones strong ones proud ones live today past tomorrow hell life go fast time slow time slip miss little step stone eternal life go know gotta time slow better time veer road enjoy sight fear fear know near plan hand tie know miss repeatedly things help grow soul control oneday plan young straight live today live today realize live today think live today open eye live watch blow away live today realize live today open eye live today think live,90,0.000619195,0.089890006,0.6218541867308611,0.059233975,0.000619195,0.016154846,0.000619195,0.047125518,0.000619195,0.000619195,0.000619195,0.000619195,0.000619195,0.039908603,0.045121723,world/life,0.4142857142857143
13127,busta rhymes,put your hands where my eyes could see,1997,pop,yeah flipmode come bout bust explode flipmode busta nineseven shit check delay sayin silly deally duty wild club like wild studio wanna violate nigga truly main thug nigga name moody type nigga slap toolio bitch nigga scar death fruity fuck look little cutie shake wanna booty tappin mistresses bangin bitch videos whylin freak like freak show shit feel toe shit niggas clothe style metaphors formulate flow know fuck lyrical player pros like wanna party hand eye straight buckwildin place wanna party hand eye straight buckwildin place wanna party trust hear murderous niggas wonder curious niggas mysterious furious niggas shake niggas walkin fear nigga like wanna hear gotta listen radio play thirty time shit delirious damage earius funny chickens serve wanna good alias chickens wanna flipmode nigga know bout bust seven figure money label prepare bite dust instead make fuss niggas know better cause compare niggas fabulous people flow marvelous shit clique victorious take prisoners niggas straight warriors feel know feel glorious blaze reminisce nigga notorious like like thatthathatthat thathatthatthat like wanna party hand eye straight buckwildin place wanna party hand eye straight buckwildin place,184,0.00044603,0.05450606,0.00044603,0.00044603,0.00921263,0.008860157,0.00044603,0.00044603,0.7032228452906534,0.00044603,0.014162443,0.05845991,0.03913559,0.00044603,0.023101526,obscene,0.3285714285714285
5319,electric light orchestra,don't bring me down,1973,pop,run go mind think waste time bring oohoohhoo tell floor bring wanna stay friends tell bring oohoohhoo tell floor bring bring groos bring groos bring groos bring happen girl know mind road bring oohoohhoo tell floor bring talk bout crazy nights days gonna right bring oohoohhoo tell floor bring bring groos bring groos bring groos bring look good like snake grass days gonna break glass bring oohoohhoo tell floor bring shake run away crawl everyday bring oohoohhoo tell floor bring tell floor bring,83,0.00074129,0.026114824,0.00074129,0.070026406,0.00074129,0.00074129,0.00074129,0.207351073,0.00074129,0.3499444957037286,0.222229801,0.00074129,0.015665682,0.00074129,0.00074129,music,0.6714285714285714
34545,adam hood,play something we know,2004,country,walk guitar hand think playin question know gotta friends aren drinkin wonderin know lynyrd skynyrd american magic carpet ride bout play somethin sing play somethin know know dude band drummer plant singer girlfriend know go play somethin sing play somethin know know buffett pink dead dude doors know beatles roll stone play somethin sing play somethin know want sing song sing high brother sittin play mean guitar lookin want play bout whoop lookin mean need security hopin sing song know joker eye girl sweet home alabama lowe play somethin sing play somethin know bout young play whiskey river play somethin know,101,0.000666223,0.018438349,0.000666223,0.000666223,0.000666223,0.000666223,0.000666223,0.2066147455252909,0.3577828872379228,0.3058310754380264,0.025862674,0.000666223,0.000666223,0.000666223,0.000666223,obscene,0.2285714285714285
70247,third world,na na na,2019,reggae,corruption world corruption corruption world vice crime prostitution revolution scandal sneaky deal wall street wide world mess corruption world corruption corruption world vice crime vote free politicians makin promise people live die streets corruption world corruption corruption world vice crime epidemics look wide world rage come somebody know guess reap corruption world corruption corruption world vice crime market daily bread somebody say poison instead violence murder suicide trust everybody takin bribe corruption world corruption corruption world vice crime solution want know solution neighbor brother unto unto sisters brothers want hate thou shalt steal thou shalt steal think time tell stop lie,101,0.001074114,0.1064994933905745,0.4124033086169067,0.001074114,0.001074114,0.001074114,0.001074114,0.1229670700164366,0.14548309,0.001074114,0.001074114,0.001074114,0.09482475,0.001074114,0.042652675,world/life,0.014285714
15278,busta rhymes,touch it,2005,pop,touch bring watch turn leave start format repeat aiyyo swizz think ready shit aiyyo club real quick sound busta lock bitch comin cumin cause know turn know holdin throne gimme crown niggas solutin tryin pound come fuck niggas niggas clown makin bitch strippin throw shit grind go spot shit flood hoe come chicks come clothe mami know suppose turn wildin open beastin record second freakin come tryin touch peepin turn tryin mouth touch bring babe watch turn leave stop format repeat start ring come doin doin beat coochie makin swell tryin hide smell spray chanel turn walk strut tell nigga butt jail tickle wild like blowin cell come spell crowd mami know bout removin thong whip truck belong type raunchy shit turn street niggas respect movement strong come cause consistently reppin money long bitch singin song plus stick dickin black single time drop shit wrap niggas hatin clos strap cause bitch wanna come talk turn everytime bang shit knock whip nigga thing bitch lockin strip come mami dancin shakin hips thing lips,172,0.073797544,0.000461681,0.000461681,0.000461681,0.000461681,0.000461681,0.03431936,0.000461681,0.7515060166340107,0.039626391,0.049069522,0.000461681,0.000461681,0.04567932,0.000461681,obscene,0.2142857142857142
76319,corrosion of conformity,clean my wounds,1994,rock,world bloodshot eye streets fill blood distant lie dog compromise real time rearrange help help clean wound say heal kind bleed soul bitter mind say happen time knock story go knock land knock time mind change knock black black give heart attack silence make deadly choose kill simple see fall fast steady help help clean wound say heal kind bleed soul bitter mind say happen time knock story go knock land knock time mind change twist fate break slow tire rise bloodshot eye fall higher help help clean wound say heal kind bleed soul bitter mind say happen time knock story go knock land knock bleed sin sin fade knock knock,111,0.000554017,0.5082031500026104,0.080516113,0.092070564,0.000554017,0.040710171,0.000554017,0.1517806160115774,0.000554017,0.000554017,0.000554017,0.017328028,0.024900545,0.045370711,0.033579936,violence,0.3714285714285714
4062,bob dylan,this evening so soon,1970,pop,remember remember gibson tell come home morning tell come home even tell come home leave downtown girls morning even soon bake bread morning bake bread even bake bread dead morning even soon say morning even say leave home hour morning even soon bring home hurryup wagon morning bring home hurryup wagon even know bring home hurryup wagon arm legs feet drag morning even soon soon soon soon tell come home morning tell come home even tell come home leave downtown girls morning even soon soon soon,86,0.00074129,0.045217244,0.00074129,0.00074129,0.00074129,0.00074129,0.017013196,0.111461332,0.00074129,0.6976791272713986,0.00074129,0.00074129,0.00074129,0.00074129,0.087684138,music,0.7142857142857143
29179,drivin n cryin,can't promise you the world,1988,country,run hide lose seven years figure couldn turn wouldn look lie face lie floor save promise world think little run cop say stay say stop come round bend life couldn believe promise world think run hide lose promise world think promise world think promise world think promise world think think,50,0.001052632,0.001052632,0.4425725543238037,0.001052632,0.001052632,0.01741163,0.001052632,0.3153459977091609,0.001052632,0.001052632,0.1145253510323377,0.001052632,0.001052632,0.001052632,0.001052632,world/life,0.4571428571428571
62308,mndsgn,exchanging,2014,jazz,vocal harmonies realise things things shame pain guess somewhat necessary belong belong extro harmonies,14,0.006578947,0.006578947,0.006578948,0.006578947,0.006578947,0.006578947,0.006578947,0.4985166054045103,0.006578947,0.006578948,0.006578947,0.006578947,0.006578947,0.3896412877602474,0.006578947,sadness,0.085714286
14471,avant,"don't say no, just say yes",2002,pop,ooooh babe babe ooooh babe babe answer prayer tonight open heart pour lovin inside baby inside feel like livin breathin wanna touch baby body need need hear callin shin time yeah yeah reach peak tell want afraid baby baby body need baby hear callin yeah season season reason feel body baby body need want hear body girl need company hear callin hear yeah yeah repeat speak come baby right wanna talk feel body open door comin knock knock knock knock baby knock knock knock knock baby knock knock knock knock baby,91,0.3002952786379392,0.3464018844650665,0.000649773,0.030320686,0.1293183865365148,0.000649773,0.000649773,0.000649773,0.042712408,0.000649773,0.000649773,0.018764567,0.000649773,0.02295001,0.035860361,violence,0.2571428571428571
1352,sam cooke,out in the cold again,1961,pop,song sing sweetly call refrain go leave completely cold dream linger memories remain gaze ringless finger look like cold true hurt pride step aside somebody deep inside world depend want arm shelter shelter rain start cold cold time cold,39,0.001754386,0.1870207193548667,0.1082892884563192,0.001754386,0.001754386,0.001754386,0.001754386,0.001754386,0.001754386,0.1401999598284982,0.001754386,0.001754386,0.001754386,0.432885352,0.059329679,sadness,0.8428571428571429
37279,jon langston,oklahoma,2013,country,bottle go floor break heart cause long go comin think like like steady ahead pour rain hollerin screamin somethin gotta head oklahoma fade memory cause gotta leave leave baby wasn crazy gotta truth stronger years sober sober drive go think like like standin goin insane hollerin screamin somethin gotta leavin state oklahoma flyin cause leave leave sayin blame gonna haulin line time clear gotta choke plain officially go insane homeboy lose leavin state oklahoma flyin cause leave leave sayin blame gonna gotta,82,0.020104224,0.000848897,0.000848896,0.039535514,0.000848896,0.000848896,0.000848896,0.000848897,0.3529375143965015,0.000848896,0.066162684,0.000848896,0.000848896,0.2665923286269616,0.052065769,obscene,0.1
41903,nina simone,for myself,1966,blues,learn say live life smile feel like child learn future come destiny hold,13,0.1023392859086948,0.004048583,0.4604648483829536,0.004048583,0.004048583,0.004048583,0.105665127,0.004048584,0.004048583,0.004048583,0.004048584,0.004048583,0.072177752,0.004048583,0.065134626,world/life,0.7714285714285715
62171,jan lundgren trio,almas vaggvisa,2013,jazz,tear fall game wonderful game know word future look kind things heart rise game soon sweet bouquet kiss lips caress wait fingertips heart away come sing song kiss lips caress wait fingertips heart away heart heart away heart heart away game game call game game call,46,0.001283697,0.001283697,0.029463,0.001283697,0.001283697,0.001283697,0.1557113990825506,0.001283697,0.001283697,0.1476462628842862,0.001283697,0.03358324,0.001283697,0.6156243384591161,0.001283697,sadness,0.1
59994,dave koz,the bright side,1999,jazz,witness death see time torture scream decrypt little mind father pathetic eye bleed twin begin brothers fall burn alive scream judge crawl feet privilege pain beneath bury dead splinter bone walk sift blood besiege fear await come watch blood rain downward stain reflect conquer divide terrorize mind see rosary hand selfish flesh melt spill burn alive scream watch holy principles seek help destruction slit throat heathen blood dilute water bury dead fuck erase lady weep insane sorrow tower world fuck rap deathbed fuck holy optimistic calm fear anxiety smile face reward eternity holy warriors justify comfort animal kill strike champion heart nonbelievers strike neck extremities point return almighty victory faithful servants reach grind zero kill enemy great satan,118,0.019560038,0.6390410743726935,0.000835422,0.000835422,0.000835422,0.023803993,0.000835422,0.000835422,0.065214293,0.000835422,0.000835422,0.1092500057015461,0.05616863,0.076936904,0.000835422,violence,0.3
46900,slade,still the same,1987,blues,goin look pull apart older hand gradually colder weak knees tender smell remember cologne great romancer answer weak knees change take blame change change start game know change know need rearrange know take blame know change know remain know game change take blame change change start game change start game,50,0.001196172,0.1025185103878989,0.3198789279921979,0.001196172,0.001196172,0.001196172,0.001196172,0.1879056468285199,0.1287049667458679,0.001196172,0.001196172,0.001196172,0.001196172,0.2442455360640056,0.001196172,world/life,0.4714285714285714
81060,lovebug starski,starski (live at the disco fever),2001,hip hop,hello everybody starski true true story tell listen gonna ball dive dive clean ears open eye cause rockin rhythm snug like hug ladies lovebug onon fever break akeep goin strong fever aright belong hand backbone slip metal pedal heat beat cause people wack wack people bump bump people ride people middle wiggle time look look tree starski starski little bawbababaw babaw babawbabawba bawbababaw babaw babawbabawba bawbababaw diggy diggy diggy diggy dang shoo lovebug guarantee pay money donation hear best sound fever creation ayesyes ayoung lady crazy homeboys know noise money money money money money money money money money money acome money money money money money money money money money money somebody scream wooooooo little ahop hibby dibby hibby dibby hibby sure body little hibbity hibbity dahib ahop mess need bawbababaw shoo cause guarantee body fever breather fever believer,138,0.016292024,0.000701754,0.000701754,0.000701754,0.000701754,0.048808375,0.029258982,0.095487358,0.6482386285061679,0.000701754,0.000701754,0.000701754,0.07240212,0.000701754,0.02022794,obscene,0.2714285714285714
66400,mishka,out the door,1999,reggae,time come want anymore word walk door walk door start start end end start start end end arrive want walk satisfy cheap thrill rid wonder time come want anymore word walk door walk door,34,0.064922376,0.001594896,0.001594896,0.001594897,0.001594896,0.001594896,0.045070343,0.001594896,0.001594896,0.001594896,0.079195666,0.001594896,0.001594896,0.6880773327321336,0.001594896,sadness,0.3
30275,vince gill,the strings that tie you down,1991,country,close tellin leave packin things leavin walk away rest easy string look tell want goodbye go forever picture think wed gown,21,0.003095975,0.003095975,0.082674737,0.003095975,0.003095975,0.003095975,0.079319616,0.3876843282520227,0.003095975,0.003095976,0.003095975,0.003095975,0.003095975,0.3116816763489392,0.003095976,sadness,0.4142857142857143
78234,static-x,destroyer,2007,rock,steam hammer pack hard lead shoot mood shooter choose poison drink painkiller wreck party like matter smash break beat maker trade automator come destroyer destroyer sucker breath crier time robo crap great liar overdrive deep dirt shit highway black eye fuzzy filter hollow head wobble grip trouble wonder call stereo destroyer come destroyer destroyer come destroyer destroyer come destroyer steam hammer pack hard lead shoot mood shooter choose poison drink painkiller,71,0.045844315,0.3438870001592741,0.1246232329221616,0.00150376,0.001503759,0.001503759,0.001503759,0.00150376,0.1859491490197386,0.001503759,0.2292491857159842,0.001503759,0.050898244,0.00150376,0.001503759,violence,0.1857142857142857
30063,don williams,back in my younger days,1990,country,younger days night stay home right live haze long younger days stumble fool wonder stand break rule dance night amaze younger days long feel like time get photograph laugh turn ballad innocent talk dream come true reinvent phrase better younger days younger days younger days better younger days instrumental fade,50,0.001503759,0.001503759,0.4449590705313185,0.186575033,0.001503759,0.001503759,0.001503759,0.098697086,0.00150376,0.038881083,0.001503759,0.078394001,0.001503759,0.1329448540070744,0.00150376,world/life,0.4285714285714285
22185,merle haggard,you don't even try,1965,country,keep drift give blame love vain stop carry standin know heart stop carry standin know heart stop carry,18,0.004048583,0.004048583,0.004048583,0.004048583,0.004048583,0.004048583,0.1034701321318559,0.1164296181316828,0.004048583,0.004048583,0.004048583,0.004048583,0.004048583,0.4792060408470085,0.004048583,sadness,0.7857142857142857
44042,dave bartholomew,my ding-a-ling,1975,blues,little grandmother buy cute little silver bell hangin string tell dingalingaling dingaling dingaling want play dingaling dingaling dingaling want play dingaling momma take sunday school try teach golden rule rytime choir sing dingalingaling dingaling momma take grammar school stop vestibule time ring catch playin dingalingaling dingaling climbin garden wall slip terrible fall fell hard hear bell ring hold dingalingaling dingaling remember girl door play house kitchen floor queen play dingalingaling dingaling swimmin cross turtle creek snappers feet sure hard swimmin cross thing hand holdin dingalingaling dingaling girl downstairs bold grandma warn swingin schoolyard swing swing dingalingaling dingaling song cutest little song sing playin dingaling dingaling dingaling playin dingaling dingaling everybody sing want play dingaling dingaling dingaling want play dingaling,119,0.000809717,0.000809717,0.000809717,0.000809717,0.000809717,0.089940342,0.015625749,0.000809717,0.000809717,0.3152307239716133,0.4183678536842469,0.000809717,0.000809717,0.044758275,0.000809717,music,0.6428571428571429
64205,desmond dekker,we can and shall,1981,reggae,happen hemmingway change friend years go fast fast strange beneficial medicine time hear laughter stay time record clash selector worry dekker doin fine doors shut line wall go quick windows opportunity small brides collapse divide wide side pick yeah forget hear laughter stay time record clash selector worry dekker doin fine seed root trunk truth understand begin climb high carry laugh live learn forgive good forget give give hear laughter stay time record clash selector worry dekker doin fine,79,0.000974659,0.000974659,0.3468873819215687,0.1762692819487293,0.020001923,0.035607052,0.000974659,0.079692185,0.2127272809004623,0.071420472,0.000974659,0.000974659,0.000974659,0.000974659,0.046673176,world/life,0.5571428571428572
63811,toots & the maytals,i shall sing,1976,reggae,shall sing sing song morning want world know version song version like sing song yeah sing song sing song yeah shall sing sing song morning hear talk world want version song version go like sing song sing song yeah yeah doobing yeah yeah mean yeah yeah sing song sing song sing song,52,0.001096491,0.001096491,0.001096491,0.001096491,0.174840493,0.001096491,0.001096491,0.029322946,0.001096491,0.6025743863088773,0.001096491,0.001096491,0.058243697,0.001096491,0.001096491,music,0.6285714285714286
80428,barns courtney,hellfire,2017,rock,cold valley head cold woman devil remember look face sycamore tree chariot come home lose woods wander hellfire hellfire soul wait wait ready lyric commercial,25,0.002770083,0.4004047263907642,0.002770083,0.1631875811137002,0.002770083,0.002770083,0.061107125,0.002770083,0.002770083,0.1908323869155846,0.002770083,0.002770083,0.002770083,0.002770083,0.002770083,violence,0.042857143
69365,konshens,gal ting,2015,reggae,ching chong ching chong russian russian tell girl crush fluffy like cushion brace push tonight want girl real pretty devil mawnin feel miserable come gogo club gyal ting talk japanese body cold bump like freeze freeze mind ease gyal ting speak japanese feel cold like northpole breeze mind ease baby girl tongue ring mouth tell fashion girl real whine edge kotch girl care face rebel girl leave tonight ting feel miserable gyal ting talk japanese body cold bump like freeze freeze mind ease gyal ting speak japanese feel cold like northpole breeze mind ease gyal gyal,96,0.03019106,0.30648594,0.000877193,0.1645373721291757,0.000877193,0.000877193,0.000877193,0.030685413,0.032110212,0.000877193,0.000877193,0.042835014,0.000877193,0.000877193,0.081132462,violence,0.071428571
23648,james gang,ashes the rain and i,1970,country,stare rain rain fill sorrow wonder home tomorrow time pass softly older live days go ash ash rain turn colder find tomorrow ash rain,24,0.002923977,0.002923977,0.5963746523041641,0.002923977,0.002923977,0.002923977,0.002923977,0.002923977,0.002923977,0.077627906,0.002923977,0.002923977,0.002923977,0.002923977,0.002923977,world/life,0.7142857142857143
67869,demarco,duppy know who fi frighten,2008,reggae,yeahyeah demarco happen demwha happen pree area fear boom duppy know frighten jungle strike lightning problem talk direct place waan step yeah happen duppy know frighten jungle strike lightning problem talk direct bere hothead go place waan stepwha happen fool dehto yeah boom bust proud head crowd head jump like toad blood explode shoot chop head bowl plus shoot sharp like sword corner block road hothead roll dawg patrol step bold heart freezer cold stop bust grow hothead unno soul strap bust taller light pole duppy know frighten jungle strike lightning problem talk direct place waan step yeah duppy know frighten jungle strike lightning problem talk direct place waanshell step yeah boom rise ting tall shoot start hard follow straight morgue cover start bawl lord send straight dead black tell gasoline head light bwoy start know caan fight streets floss like pussy suck madda stop hype yeah duppy know frighten jungle strike lightning problem talk direct place waan step yeah duppy know frighten jungle strike lightning problem talk direct place waan step yeah,173,0.000572082,0.3469650506509643,0.000572082,0.000572082,0.079095501,0.01326858,0.000572082,0.1890446633179267,0.1834255029316641,0.000572082,0.1350375508952084,0.026741784,0.000572082,0.020128461,0.000572082,violence,0.1714285714285714
81564,coolio,gangsta's paradise (re-recorded) [remastered],2012,hip hop,walk valley death look life realize leave blastin laughin long mama think mind go cross deserve treat like punk know unheard better watch talkin walkin homies line chalk hate gotta grow pistol smoke fool kinda little homies wanna like knees night sayin prayers streetlight spendin live livin gangsta paradise spendin live livin gangsta paradise spendin live livin gangsta paradise spendin live livin gangsta paradise situation facin lyric commercial,68,0.00122399,0.053318571,0.2296125244420568,0.088409663,0.00122399,0.071182023,0.00122399,0.00122399,0.342103136,0.00122399,0.00122399,0.00122399,0.00122399,0.048049001,0.00122399,obscene,0.1142857142857142
27484,merle haggard,why am i drinkin',1982,country,drink real reason quit think know try forget woman stay mind night drink hurt word misery word pain question answer blame run away drink hurt drink hurt,27,0.001879699,0.001879699,0.001879699,0.0018797,0.001879699,0.001879699,0.044804053,0.3366252473622362,0.001879699,0.001879699,0.2306128056538611,0.001879699,0.001879699,0.3597624040457164,0.0018797,sadness,0.5428571428571428
23129,willie nelson,who put all my ex's in texas,1968,country,take galveston come home texas know sure texas take gals away beaumont fell wichita fall lose abilene call texas know sure texas take gals away pass paso lose amour amarillo houston fort corpus texas know sure texas take gals away take gals away,43,0.002192983,0.002192983,0.002192983,0.002192982,0.002192982,0.002192982,0.002192982,0.2972144233881237,0.002192983,0.083466285,0.002192983,0.002192983,0.002192982,0.584231571,0.002192982,sadness,0.7428571428571429
77382,system of a down,prison song,2001,rock,try build prison try build prison follow right movement clamp iron fists drug conveniently available kid follow right movement clamp iron fists drug conveniently available kid crack smack bitch right hollywood nearly million americans incarcerate prison prison try build prison try build prison try build prison try build prison live prison prison prison minor drug offenders prisons flinch tax pay war nonrich minor drug offenders prisons flinch lyric commercial,69,0.001949318,0.5805753740544713,0.001949318,0.073846283,0.001949318,0.001949318,0.001949318,0.001949318,0.2403148876251286,0.001949318,0.001949318,0.001949318,0.001949318,0.001949318,0.001949318,violence,0.2714285714285714
54651,bing crosby,count your blessings instead of sheep,1954,jazz,worry sleep count bless instead sheep fall asleep count bless bankroll get small think fall asleep count bless think nursery picture curly head count slumber bed worry sleep count bless instead sheep fall asleep count bless think nursery picture curly head count slumber bed worry sleep count bless instead sheep fall asleep count bless,54,0.001349528,0.2316343201026417,0.3577472101825832,0.001349528,0.001349528,0.069089705,0.001349528,0.057300861,0.001349528,0.001349528,0.001349528,0.001349528,0.132728394,0.1339556500023631,0.001349528,world/life,0.9428571428571428
661,connie francis,have yourself a merry little christmas,1959,pop,little christmas heart light year trouble sight little christmas yuletide year trouble away olden days golden days yore faithful friends dear near someday soon fat allow muddle little christmas little christmas yuletide year trouble away olden days someday soon,39,0.001949318,0.001949318,0.001949318,0.001949318,0.001949318,0.2597388144760875,0.001949318,0.001949318,0.001949318,0.4071392479561416,0.001949318,0.1240761391647745,0.079434396,0.1023209533885443,0.001949318,music,0.8714285714285714
73298,pink floyd,"another brick in the wall, pt. 2",1979,rock,need education need think control dark sarcasm classroom teachers leave kid teacher leave kid brick wall lyric commercial,18,0.004048583,0.004048583,0.004048583,0.004048583,0.1512248923450649,0.004048583,0.004048583,0.004048583,0.004048583,0.004048583,0.2326362096210783,0.004048583,0.004048583,0.3486105265904978,0.004048583,sadness,0.5857142857142857
48708,the black crowes,let me share the ride,1996,blues,slow friendly clean cause misery wheel sound good green travel trouble drop abilene gasoline share ride share ride hard live travel time share ride young felt life mystery coffee cold turn dashboard gold slow look run past hide secrets haunt easy ride,42,0.001503759,0.00150376,0.3072464181226094,0.001503759,0.001503759,0.001503759,0.001503759,0.001503759,0.001503759,0.001503759,0.4334765546120726,0.00150376,0.077902297,0.00150376,0.00150376,world/life,0.3428571428571428
30934,uncle tupelo,fifteen keys,1993,country,watch separate want findin worst true findin escape sling arrows complete score leavin wantin throw away silver spike display eye fearlessness fathom mind luck nothin leave lose luck nothin leave lose dangerslow sign ahead exhaust fume instead leave pressin care road key sling arrows complete score leavin wantin throw away string pull string bend song dance end,57,0.001594896,0.001594896,0.001594896,0.001594896,0.001594896,0.001594896,0.001594896,0.001594896,0.1086592506058545,0.057182359,0.2505096758702267,0.087443559,0.001594896,0.4404814880692852,0.001594897,sadness,0.3857142857142857
77057,creed,inside us all,1999,rock,wait phone remind shadow paint scenes spotlight fall leave wonder peace inside friend help peace inside life hold look hear sound hearts beat loud name change inside tear wall scar cover peace peace inside say friend peace inside friend help peace inside peace inside inside friend,46,0.001169591,0.2480167542109964,0.035778826,0.001169591,0.001169591,0.001169591,0.001169591,0.1887653209021814,0.001169591,0.001169591,0.001169591,0.001169591,0.1793130243816585,0.3317518050840242,0.001169591,sadness,0.3
65180,sublime,smoke two joints,1991,reggae,live single room individuals male females know furthermore wouldn surprise learn habitually smoke marijuana cigarettes reefers smoke joint morning smoke joint night smoke joint afternoon make feel alright smoke joint time peace time smoke joint smoke joint smoke smoke cigarettes die toke spliff good sinsemillia smoke cigarettes die toke spliff good sinsemill eazye catch slippin hell daddy tell hard workin momma tell best come say hard work good hard work fine care head woah tonight time sake,77,0.001074114,0.085966414,0.05216773,0.1531064112159066,0.001074114,0.1011692335644772,0.001074114,0.1535088119010383,0.3436976809577091,0.001074114,0.001074114,0.001074114,0.001074114,0.001074114,0.097494352,obscene,0.4142857142857143
68464,the green,that's the way,2011,reggae,heart beat reason like sick feel time emotion like ocean need know devote cause overwhelm know life go life go say sorry life go life go say sorry life go life go say sorry life go life go say sorry pili koko get thinner chin go go strong kulio mention attention statement nation hawaiian nation life go life go say sorry life go life go say sorry life go life go say sorry life go life go honolulu make sick think drive right past city break heart feel know moon star mother nature set free come come life go life go say sorry life go life go break heart life go life go say sorry life go life go heart life go life go say sorry life go life go make history life go life go say sorry life go life go go crazy right,145,0.000411184,0.000411184,0.3051607813822297,0.000411184,0.000411184,0.000411184,0.000411184,0.2639252068188432,0.000411184,0.000411184,0.021981041,0.013517746,0.016763426,0.058890931,0.2951447590492024,world/life,0.1285714285714285
17503,panic! at the disco,trade mistakes,2011,pop,place smile perfect event grace skin hand leave learn miss sentimental plume save hold rope sleep tonight long burn bright trade mistake sheep count away sleep stay awake trade mistake fade away feel maroon body desert organs wing sleep save hold rope sleep tonight long burn bright trade mistake sheep count away sleep stay awake trade mistake fade away save hold rope pull cause anchor save feel sink save hold rope greatest story tell anchor sink lightning head bring world sleep tonight long burn bright trade mistake sheep count away sleep stay awake trade mistake fade away,97,0.000711238,0.1352920494230242,0.1724185545145384,0.1787230662334821,0.000711238,0.000711238,0.048194668,0.000711238,0.000711238,0.000711238,0.000711238,0.1287564313665769,0.000711238,0.3052285674193075,0.022851812,sadness,0.1285714285714285
46042,wipers,what is,1983,blues,keep world spin keep star reaction reason thing human thing human thing human thing human truth begin look eye byebye thing human thing human thing human thing human people hate come brother sister grey thing human thing human thing human thing human truth hurt badly lie surreal thing human thing human thing human thing human thing human thing human thing human thing human,63,0.000892061,0.4401057150373807,0.022549619,0.000892061,0.000892061,0.059485031,0.000892061,0.4306846278467458,0.000892061,0.000892061,0.000892061,0.034686158,0.000892061,0.000892061,0.000892061,violence,0.5285714285714286
21050,conway twitty,heartbreak hotel,1960,country,baby leave place dwell lonely street heartbreak hotel lonely baby lonely lonely crowd room break hearted lovers away gloom lonely baby lonely lonely tear flowin desk clerk dress black long lonely street gonna look lonely baby lonely lonely baby leave need place dwell lonely street heartbreak hotel lonely baby lonely lonely tear flowin desk clerk dress black long lonely street gonna look lonely baby lonely lonely baby leave need place dwell lonely street heartbreak hotel,75,0.1488423639279535,0.000892061,0.000892061,0.031393405,0.000892061,0.000892061,0.000892061,0.000892061,0.000892061,0.000892061,0.2137869365494603,0.000892061,0.000892061,0.5581483408984673,0.000892061,sadness,0.8571428571428571
35024,john berry,standing on the edge of goodbye,2006,country,long time hold close misplace feel know think line read wasn ready turn say sleep hard breathe breakdown know stand edge goodbye years come rushin mind simpler time young kid runnin dream eye realize call say sleep hard breathe breakdown know stand edge goodbye goodbye know heart cause sleep hard breathe breakdown know stand edge goodbye goodbye stand edge goodbye stand edge goodbye stand edge goodbye,66,0.000862813,0.3625743592477464,0.000862813,0.116033071,0.000862813,0.000862813,0.215595514,0.2482103759909583,0.000862813,0.000862813,0.000862813,0.000862813,0.028527712,0.000862813,0.000862813,violence,0.2
74616,prince,pop life,1985,rock,matter life poverty bring mailman jerk round million dollar check tell matter world want girl want girl know straight hair curl curl life real funky life everybody need thrill life space life everybody life real funky tell underneath hair anybody live anybody live care care stay school aware life everybody need thrill life space life everybody life real funky put nose money go money go river addiction flow think water blow life everybody need thrill life space life everybody want life real funky throw life everybody need thrill life space life everybody life real funky,95,0.000634115,0.000634115,0.3719363747689989,0.000634115,0.145374712,0.000634115,0.057384985,0.000634115,0.1714135163445677,0.000634115,0.035894815,0.000634115,0.000634115,0.000634115,0.055332476,world/life,0.5
15749,justin timberlake,sexyback (feat. timbaland),2006,pop,kiyoko need feat kehlani kiyoko hnly cabello love control demi lovato heart attack puth feat kehlani lipa kiss glynne hold hand clean bandit feat glynne lorde team lady gaga paparazzi timberlake sexyback feat timbaland minogue head spear slave firework beyoncé crazy feat jayz rihanna stop music shania twain feel like woman panic disco amen saturday night petras want disclosure latch feat kiyoko curious remix swift delicate kehlani,67,0.1082637088606867,0.1174650311550403,0.002770083,0.002770083,0.002770084,0.002770083,0.4066762841221715,0.002770083,0.002770083,0.056678782,0.002770083,0.002770083,0.002770083,0.002770083,0.043493223,romantic,0.2
77538,adema,immortal,2002,rock,fight face face loyalty need insecure fear breed heart hide blood drip eye survive fight know leader lose souls kill immortal afraid soul travel kill immortal immortal immortal immortal need rush hide face fear eye hide blood drip eye survive fight hide fight kill immortal kill immortal kill immortal kill,50,0.001461988,0.7781206242401022,0.041907259,0.001461988,0.062237974,0.001461988,0.001461988,0.001461989,0.001461988,0.001461988,0.001461988,0.001461988,0.001461988,0.095804317,0.001461988,violence,0.2571428571428571
63063,robert glasper experiment,find you,2018,jazz,know teach mind think go go go home alright cool know teach mind think go go go home go go go go go home know teach mind think go home know teach mind think go go go home know teach mind think go go go home know teach mind think know teach mind think go go go go go home,60,0.000862813,0.000862813,0.1369499686218246,0.098291574,0.000862813,0.000862813,0.000862813,0.2599519365020855,0.000862813,0.1235831969662856,0.000862813,0.000862813,0.000862813,0.000862813,0.369143945,feelings,0.028571429
67760,xavier rudd,choices,2007,reggae,rest world feel cold cold bone dragonfly matter flower warm bone lift say say gain wind blow today time walk slide twist preservatives life future child look moon look choices wrong cold choices wrong cold choices wrong cold choices choices scar maybe little scar scar say say gain wind blow today time walk slide crook preservatives life future child look moon look choices wrong cold choices wrong cold choices wrong cold choices choices,73,0.00093985,0.3032839811165405,0.1660593405725106,0.00093985,0.00093985,0.022193251,0.00093985,0.2780533681904721,0.00093985,0.00093985,0.00093985,0.189946417,0.028245597,0.00093985,0.00093985,violence,0.1857142857142857
48217,widespread panic,better off,1993,blues,funnin round grandpa farm groovin baby pig know read book know yeah understand telephone watch talk talk watch maybe better feel young dance happen brown see thing gonna gonna write book stop run world look like business maybe better look look little better happen time fast hand clock slow quit talk swear quit talk maybe whisper start think maybe better sure right look confuse association like swear quit talk swear quit talk soon learn stop talk better feel think maybe better feel good look,84,0.014795442,0.000683527,0.000683527,0.000683527,0.013956737,0.018239612,0.000683527,0.4603243976342347,0.3108994158105786,0.000683527,0.000683527,0.000683527,0.000683527,0.000683527,0.03974911,obscene,0.3857142857142857
21367,patsy cline,your cheatin' heart,1962,country,cheatin heart weep sleep sleep come night cheatin heart tell tear come like fallin rain toss walk floor cheatin heart tell tear come like fallin rain toss gonna walk floor cheatin heart gonna tell,34,0.1987252452332115,0.002024292,0.002024292,0.1065445333973532,0.002024291,0.002024292,0.002024292,0.002024292,0.002024292,0.002024292,0.002024292,0.002024292,0.002024292,0.412293427,0.002024292,sadness,0.8285714285714286
38600,sturgill simpson,breakers roar,2016,country,breakers roar pull farther shore thoughts turn kind lose mind entice deep dark seas easy drown dream life dream shatter illusions hold spirit open heart breathe move heal soothe away pain life hold bone break heal heartaches kill inside tell dream dream dream dream dream,45,0.001422475,0.191771228,0.114138649,0.001422475,0.001422475,0.001422475,0.068341179,0.001422475,0.001422475,0.001422475,0.001422475,0.001422475,0.035097081,0.3227521695895309,0.001422475,sadness,0.057142857
78307,eagles,how long,2007,rock,like blue heart remove lonely train good days shin fine long long woman weep long long sleep time lonesome prison shine outside freedom river run shiny night blood hound mind know situation everybody feel alright know hear poor fool somebody loose wish live land fool know choose long long long draw muddy river run deep long long long draw good night baby sleep sleep tight baby sleep baby sleep,69,0.059220274,0.043109974,0.028924368,0.4025774292181015,0.018561324,0.000835422,0.023581535,0.000835422,0.000835422,0.062209648,0.000835422,0.045461059,0.049640246,0.093636667,0.067022456,night/time,0.1857142857142857
29315,little feat,long time till i get over you,1988,country,barrèrefuller baby wrong tell like memory go girl york city take night train buffalo midnight time start feelin stronger right line hangin little longer stumble time thinkin right wondrin come home come sense girl hold tight like gonna long time till mind lonely days long nights dreamin bout tender touch lyin awake waitin phone ring courage loose tell time start feelin stronger right line hangin little longer time thinkin right wondrin come home come sense girl hold tight like gonna long time till like time start feelin stronger right line hangin little longer time thinkin right wondrin come home come sense girl hold tight like gonna long time till,109,0.095544442,0.00055991,0.00055991,0.3646462156755246,0.00055991,0.075563982,0.081805966,0.00055991,0.141698242,0.032536151,0.056252719,0.00055991,0.00055991,0.00055991,0.00055991,night/time,0.4571428571428571
30975,cracker,lonesome johnny blues,1993,country,gdbmdag dadgdad dgdgdbmdad end gdadgdagd number seven pass number seven call pass come know brother number thirteen wind lonesome blue lonesome blue lonesome blue cept sing weary lonesome blue grim reaper pull drive grim reaper pull little chevrolet right goddamn drive come want dear remain alive stay lonesome blue stay lonesome blue lonesome blue cept sing weary lonesome blue woah trouble send road trouble beat send road trouble dump trash ransack place cash wind take leave lonesome blue leave lonesome blue lonesome blue cept sing weary lonesome blue blue weary lonesome blue blue weary lonesome blue,96,0.000711238,0.025220392,0.000711238,0.018443151,0.000711238,0.000711238,0.000711238,0.000711238,0.000711238,0.5736854279053824,0.204961759,0.000711238,0.1408673969766216,0.000711238,0.000711238,music,0.3857142857142857
4580,faces,stay with me,1971,pop,mornin cause kick door know cause perfume smell sweeter floor guitar need pursuadin mean sound degradin face like nothin laugh lips hair fingernails hear mean jezebel upstairs read tarot card come stay stay tonight better stay yeah stay stay tonight better stay mornin cause know kick door yeah fare home best cologne mornin come stay stay cause tonight gonna stay stay stay cause tonight gonna stay,66,0.000923361,0.000923361,0.000923361,0.2734610840865552,0.052107225,0.000923361,0.018663283,0.1219476630992739,0.3245861112635513,0.073849633,0.083855296,0.000923361,0.000923361,0.000923361,0.000923361,obscene,0.7
27930,reba mcentire,he broke your memory last night,1984,country,like rare piece like fine china keep memory safely lock afraid somebody try save leave break memory night felt shatter inside guess hold little right break memory night moment touch gentle hand memory crumble like house build sand sweep piece away give place,43,0.001422475,0.001422475,0.001422475,0.086479577,0.001422475,0.0246999,0.081528988,0.001422475,0.001422475,0.001422475,0.1097757207344036,0.001422475,0.001422475,0.5653497761678787,0.030780463,sadness,0.5142857142857142
81222,krs-one,the victory,2007,hip hop,look walk door look walk premier word poet blaq whattup gimme headphones yeah distort want distort like aiyyo premier turntables thing victory little victory little wild style today stay controversial like guantanamo society secret sort like boulet average play play type needle rockin today dadadaday crowd time step game clear bout tolerate disrespect uplift people reason come believe peace believe believe brain lyric commercial,64,0.001349528,0.001349528,0.3234797792730467,0.001349528,0.02754478,0.054360763,0.001349528,0.001349528,0.2202273319885579,0.001349528,0.143590678,0.001349528,0.001349528,0.001349528,0.001349528,world/life,0.1857142857142857
42048,nina simone,why keep on breaking my heart,1966,blues,break heart beat dream depend come true invade mind take complete control surrender dream heart soul feel break heart beat break heart beat,23,0.00263158,0.002631579,0.002631579,0.002631579,0.002631579,0.002631579,0.002631579,0.002631579,0.002631579,0.002631579,0.002631579,0.002631579,0.002631579,0.6834154202999094,0.002631579,sadness,0.7714285714285715
26947,emmylou harris,the last cheater's waltz,1981,country,go piece walk door tonight matter cost band play cheater waltz play lonely play quarter hold band play cheater waltz tell love music play tell need home ball game know lose band play cheater waltz,35,0.001879699,0.001879699,0.001879699,0.042814915,0.0018797,0.001879699,0.075854652,0.1764022617962868,0.085159342,0.4203075676086544,0.001879699,0.001879699,0.001879699,0.1750251709148647,0.001879699,music,0.5571428571428572
26047,nick lowe,tonight,1978,country,fabulous night look moon star shinin bright wonderful night right heavenly believe especially tonight place know secret place wanna know hesitate cause late stll fear tonight tonight sorrow tonight tonight think tomorrow tonight ones tonight tonight fail fall tonight tonight magical tonight girl people world tonight oohoohooh heavenly believe especially tonight tonight sorrow tonight tonight think tomorrow tonight girl people world tonight tonight fail fall tonight tonight magical tonight ones tonight oohoohooh,72,0.000877193,0.000877193,0.2155246378056638,0.51914345,0.000877193,0.000877193,0.000877193,0.000877193,0.000877193,0.000877193,0.000877193,0.073524118,0.057996383,0.048982171,0.000877193,night/time,0.6
47097,mose allison,your molecular structure,1988,blues,molecular structure somethin fine firstrate example functional design cosmic undulations steady comin molecular structure baby cellular organization choice bout lose voice circuit open readin cellular organization baby stop molecular structure somethin swell highfrequency modulate jezebel gettin molecular structure baby,39,0.3060296721737304,0.003759399,0.003759399,0.003759399,0.003759398,0.003759399,0.003759398,0.003759399,0.4243604634009459,0.075189853,0.003759399,0.003759399,0.003759399,0.003759399,0.003759399,obscene,0.4571428571428571
62434,swingrowers,that's right!,2015,jazz,matter secrets time say goodbye matter feel close murderer dream mind fall matter right cause mind right cause mind right cause mind dododododo dododow need leave till know true self wanna lady better say sing mind bird sing high matter right cause mind right cause mind right cause mind dododododo dododow right cause mind right cause mind right cause mind dododododo dodo dododododo dodo dododododo dododow,66,0.023232794,0.000974659,0.000974659,0.4856954242102434,0.000974659,0.000974659,0.032153147,0.2955674729075674,0.000974659,0.055108931,0.000974659,0.032669773,0.000974659,0.022437894,0.000974659,night/time,0.071428571
58220,voivod,voivod,1984,jazz,land infectious begin gloom harful country black today life ticket open gate voivod wine blood voivod paranoid voivod ferocious voivod crazy eye soul relish beast like late torture freeze nuclear creature contaminate cancer black hole night atomic fight come spider line worry terror stay visit short today chop body eatand trust,51,0.001879699,0.4276409687875293,0.2145774738294782,0.1243252563800103,0.001879699,0.0018797,0.001879699,0.001879699,0.001879699,0.001879699,0.142886684,0.001879699,0.0018797,0.001879699,0.001879699,violence,0.5142857142857142
21890,tammy wynette,how great thou art,1964,country,lord awesome wonder consider worlds hand star hear roll thunder universe display sing song saviour thee great thou great thou sing song shall come shout acclamation home shall heart shall humble adoration proclaim great thou sing song great thou great thou,41,0.002024292,0.002024292,0.002024292,0.002024292,0.002024291,0.041616674,0.002024292,0.002024292,0.002024292,0.3742288833728994,0.002024292,0.080242486,0.3915315995898172,0.045116795,0.002024292,music,0.8
13439,soul coughing,circles,1998,pop,languish room build file wind funnel form pull need walk circle walk circle walk circle walk need walk circle walk circle walk circle walk ghostly dust violence trace run wreck insure thing need walk circle walk circle walk circle walk need walk circle walk circle walk circle walk doom doom doom go go sigh go go dog floor right slip drive farthest need walk circle walka circle walk circle walk need walk circle walk circle walk circle walk need walk circle walk circle walk circle walk,86,0.000730994,0.000730994,0.000730994,0.000730994,0.1088164471837959,0.000730994,0.000730994,0.000730994,0.000730994,0.000730994,0.029134575,0.3715164820992753,0.000730994,0.4299497782534836,0.050348799,sadness,0.3142857142857143
76704,green day,reject,1997,rock,hell tell master plan make think include selfrighteous wealth stop flatter smoke clear reject allamerican suck social sect make nervous wreck hell hell go type type difference want tell listen shut hell deal hell smoke clear reject allamerican suck social sect make nervous wreck hell hell go type type smoke clear reject allamerican fall right face hell hell go,59,0.001547988,0.5862098991033758,0.001547988,0.001547988,0.001547988,0.001547988,0.001547988,0.1671929925340169,0.082579842,0.001547988,0.001547988,0.001547988,0.001547988,0.001547988,0.092436326,violence,0.3285714285714285
34621,trace adkins,my heaven,2005,country,everybody idea heaven kind paradise pearly streets gold gettin sick growin sound like beautiful place heaven frame house great porch goin sittin swing listenin sound bird singin heaven warm summer backyard kid play fly mosquitoes stay away eatin watermelon heaven gonna nonbelievers stay lose dark believe place light believe heart heaven cell phone ring work thing miss home hurry heaven worst spend know leave cause happen heaven porch frame house swingin lookin give life livin heaven heaven heaven,78,0.000877193,0.000877193,0.12292668,0.000877193,0.000877193,0.000877193,0.000877193,0.000877193,0.3347415577558025,0.1089706512587427,0.000877193,0.3038580350245198,0.000877193,0.065630272,0.000877193,obscene,0.2142857142857142
67065,clinton fearon,stop the hate,2004,reggae,stop hate stop hate stop hate stop hate brothers kill brothers world forget humanity sisters sisters confusion face reality mother father sour grape leave taste life live dead head stop hate stop hate stop hate late stop hate stop hate eliminate hate brother blood paint wall memories score fight power control smoke debris skin flesh bone hurt soul crazy babylon peak know protect meek morning song head want help help sing help sing song learn happiness true power come shed blood make sense crucify tooth tooth conscience guide morning song head want help help sing help sing song preto,99,0.000674764,0.3878266544061886,0.080295038,0.000674764,0.000674764,0.082881291,0.000674764,0.045170883,0.000674764,0.1497377539560064,0.000674764,0.000674764,0.049083929,0.000674764,0.000674764,violence,0.2285714285714285
12077,built to spill,reasons,1994,pop,come arrive subdue explode inspire groovily second episode smile movie great liars improvise kaufman style reason reason reason reason hell change color shape size clueless thing recognize foolish surprise help stay want reason reason reason reason reason reason reason reason,40,0.002024292,0.06674497,0.860288914,0.002024292,0.002024292,0.002024292,0.002024292,0.002024292,0.002024292,0.002024292,0.002024292,0.002024292,0.002024292,0.002024292,0.002024292,world/life,0.3714285714285714
61736,tesseract,perfection,2011,jazz,moment eye picture perfect moment life better second touch feel share compassion dark world taste finally world world,18,0.002923977,0.002923977,0.6384550592965178,0.002923977,0.002923977,0.002923977,0.1380298166017267,0.002923977,0.002923977,0.002923977,0.002923977,0.1280052862046017,0.002923977,0.002923977,0.051650188,world/life,0.1285714285714285
40037,dinah washington,our love is here to stay,1956,blues,clear stay year radio telephone crazy movies know pass fancy time dear stay go go long long time rockies crumble gibraltar tumble stay,23,0.002923977,0.002923977,0.002923977,0.4359750328377885,0.002923977,0.002923977,0.002923977,0.002923977,0.002923977,0.3647985089605581,0.002923977,0.002923977,0.002923977,0.002923977,0.094118389,night/time,0.9142857142857144
30891,kelly willis,heaven's just a sin away,1993,country,heaven away woah away think give long hold tight tonight right cause belong deep inside know wrong eye tempt strong devil go fight think gonna heaven away away heaven help think give deep inside know wrong eye tempt strong devil go fight think gonna heaven away away heaven help think give think give think give,55,0.000993049,0.1012100062724022,0.000993049,0.064939889,0.000993049,0.000993049,0.045077065,0.2698172020806567,0.000993049,0.000993049,0.000993049,0.1040721958982194,0.000993049,0.3175816084665771,0.046171389,sadness,0.3857142857142857
14093,alien ant farm,wish,2001,pop,proud proud hear yeah yeah proud proud proud watch fall yeah yeah wish succotash wish live pompous life throw kiss time wish break wish succotash wish live pompous life throw kiss time break cold inspire tire maybe niche resort wish better watch road strength ball better watch road strength ball chime break wish yeah wish yeah wish yeah bring bring chime break wish bring better watch road road chime break wish yeah wish yeah wish yeah chime break wish yeah wish yeah wish,83,0.00074129,0.00074129,0.1204917828359123,0.00074129,0.174779018,0.00074129,0.031601572,0.00074129,0.094392302,0.00074129,0.1520248646488494,0.00074129,0.00074129,0.4170736917421624,0.00074129,sadness,0.2714285714285714
49452,the white stripes,let's build a home,2000,blues,bricks baby build home bricks baby build home come alright come yeah get lazy throw bone get lazy throw bone come alright come yeah bricks baby build home bricks baby build home come alright come,35,0.3954209746751156,0.320371681,0.001754386,0.001754386,0.085587817,0.001754386,0.001754386,0.001754386,0.001754386,0.076265602,0.001754386,0.001754386,0.001754386,0.001754386,0.001754386,violence,0.2857142857142857
58017,leon ware,can i touch you there,1982,jazz,spring go stride feel real know deep inside touch cause dream safe away pry eye open like tire forget word allow away stay cold stay strong guard come open like heart go sleeve thaw go retrieve implore know feel pain come open like heal wound come apart wax moon dare start maybe soon tend break part little loon warm wind drive cloud apart tire forget word allow away stay cold stay strong guard come word allow away open like word allow away stay cold stay strong open like guard come open like woah spring go stride,96,0.056227372,0.000692521,0.000692521,0.000692521,0.000692521,0.014495969,0.000692521,0.000692521,0.000692521,0.092482298,0.000692521,0.053197012,0.000692521,0.606814496,0.1048118782807824,sadness,0.5428571428571428
76328,pink floyd,take it back,1994,rock,rain easy breeze listen breathe sound like wave think burn rage desire spin darkness earth someday spy lie promise hear laughter rise rise deep prove push limit break ringaring roses pocket posies atishoo atishoo fall see warn scream side easy ignore know try temptation know turn lie couldn danger hear rise tide,52,0.001349528,0.3072245567468276,0.001349528,0.001349528,0.001349528,0.001349528,0.001349528,0.2723278585575749,0.001349528,0.001349528,0.001349528,0.3256241179580522,0.001349528,0.001349528,0.001349528,violence,0.3714285714285714
12559,seven mary three,water's edge,1995,pop,hear stomach gonna water edge waste bloat wait funny things come tie teeth mouth sound fury shoot pain real reason gain water edge water edge secret stream cause see minute pull open door single word cause killers friends familiar place tell water edge water edge fuck game feel ashamed cause stop stop stop stop happen water edge say water edge swear swear swear swear thing,65,0.000923361,0.3621258899000044,0.000923361,0.000923361,0.000923361,0.000923361,0.000923361,0.3002363361831858,0.079856491,0.000923361,0.000923361,0.000923361,0.000923361,0.000923361,0.000923361,violence,0.3571428571428571
66531,morgan heritage,down by the river,2000,reggae,yeah river wait good lord pass yeah river sing songs lovely yeah yeah sing bird tell sunrise morning pray bless hear little tale long time believe soul yeah mother nature send little bird sing song convince come tell go river wait good lord pass yeah river sing songs lovely yeah hear little tale long time believe soul yeah mother nature send little bird sing song sing soul come tell go river wait good lord pass yeah river sing songs lovely lovely river sing songs,84,0.000666223,0.000666223,0.03827299,0.069753391,0.1186791192620301,0.1202111614235984,0.02535786,0.000666223,0.000666223,0.3806025685020982,0.000666223,0.000666223,0.055979766,0.000666223,0.063019547,music,0.2857142857142857
54602,judy garland,the man that got away,1954,jazz,night bitter star lose glitter wind grow colder suddenly older away eager write wall dream dream go astray undo great begin see final inning know happen crazy game time thrill good riddance goodbye trick fool fool go road get rougher lonelier tougher burn tomorrow turn live long night world begin sadder oneman woman look away away,56,0.00131579,0.00131579,0.3240874648462573,0.057299185,0.001315789,0.001315789,0.08990002,0.00131579,0.00131579,0.00131579,0.00131579,0.1851917872493067,0.00131579,0.2258554027679173,0.073374505,world/life,0.9428571428571428
29631,ronnie milsap,houston solution,1989,country,friends houston know spell hang hide whichever choose question blue houston solution mind take telephone line leave problems nashville houston solution mind daddy tell away trouble follow need argue cause probably right options leave tonight houston solution mind take telephone line leave problems nashville houston solution mind houston solution mind houston solution,52,0.001644737,0.001644737,0.001644737,0.3176489088871186,0.001644737,0.045921904,0.001644737,0.3939511711002131,0.001644737,0.068869445,0.001644737,0.001644737,0.001644737,0.1505822541934999,0.001644737,night/time,0.4428571428571428
59019,perry como,(there's no place like) home for the holidays,1991,jazz,place like home holiday cause matter away roam pine friendly gaze holiday beat home sweet home live tennessee headin pennsylvania homemade pumpkin pennsylvania folks trav shore atlantic pacific traffic terrific place like home holiday cause matter away roam want million ways holiday beat home sweet home place like home holiday pine friendly gaze live tennessee headin pennsylvania homemade pumpkin pennsylvania folks trav shore atlantic pacific traffic terrific place like home holiday cause matter away roam want million ways holiday beat home sweet home holiday beat home sweet home,88,0.001052632,0.001052632,0.2172009518424546,0.001052632,0.001052632,0.001052632,0.001052632,0.001052632,0.001052632,0.4007223785917013,0.001052632,0.001052632,0.001052632,0.085364618,0.001052632,music,0.4142857142857143
13877,three 6 mafia,weak azz b***h (feat. la chat),2000,pop,weak bitch weak bitch weak bitch juicy feel mili grill haters talkin lot shit scar steel want come cause real scar hoe shead tear hood bumpin ridin beer nigga move scar shake fear clock know end near killas disappear nigga face hollin real real soft bitch holdin glock bout knock block weak bitch cover fake face knowin know yeah know triple city feelin shitty think nigga fake stomp trick grass little snake bitch lord infamous mood fuck crowd speakers pound niggas wild knock bitch rumblin grind tramplin niggas dirty south niggas like loud wish hypnotize instagater eye sosate white ready gunfight wanna high sympathize sleep till judgment night chat talk cheap hear talk bout bizz chat time play game bitch motherfuckin plastic gonna rumblin shit smite fuck shit know feelin speakin speakin true proof bitch thug leave twink grill manner need shit claim real,144,0.000548246,0.1783812960556871,0.000548246,0.000548246,0.014933624,0.020750741,0.000548246,0.062721834,0.6135631813174021,0.000548246,0.083011,0.000548246,0.000548246,0.000548246,0.000548246,obscene,0.2857142857142857
20915,george jones,take the devil out of me,1959,country,devil outta travel lonesome road devil bend want devil outta get tire live tire keep devil friend want badly free devil outta instrumental free leave dear savior tell free thank take devil outta instrumental get tire live tire keep devil friend want badly free devil outta,46,0.001253133,0.3352619479245752,0.081630913,0.001253133,0.001253133,0.001253133,0.024120459,0.001253133,0.1482691112948847,0.037897474,0.1727847136387148,0.001253133,0.1101681339712577,0.001253133,0.001253133,violence,0.8714285714285714
24141,waylon jennings,we had it all,1972,country,hear wind ablowing mind sound pin answer call remember touch hair reach feel best thing life recall know live time dream stay girl long good good good stop believe smile stay best thing life recall,35,0.001644737,0.001644737,0.4022481936398235,0.097999736,0.001644737,0.001644737,0.001644737,0.001644737,0.001644737,0.1449042051093556,0.001644737,0.001644737,0.001644737,0.001644737,0.1696251382147544,world/life,0.6857142857142857
49248,eric clapton,cryin',1999,blues,cry cry cry night long cry weep moan moan night away weep moan break call doctor doctor look lord hear hear pray send girl,24,0.002631579,0.002631579,0.002631579,0.1373494636418826,0.09124575,0.1198247869105762,0.002631579,0.002631579,0.002631579,0.21372768,0.002631579,0.002631579,0.002631579,0.3137125873398343,0.002631579,sadness,0.3
55375,grant green,grantstand,1961,jazz,throw like santana like damn santa lemme illustrate like grandstanda grand planna want acres mule land sand havana indiana come green like banner bandana dream drive color banana smarter fifth grader hater wanna like hand sani tizer realize wiser blow like geyser away damn camera smoke coco damn scanner hop apprehend african american plan manner fallin okeydoke away turn like hokey poke racist nation imagination like song smokey write tonight hear swear best darn artist year cheerio yell scream bravo know call professional question gateway better know fact believe weed lead coke crack harder shit starter bring dope game traction right shit radio break worse stroke attack like rough brooklyn strangler choke track hopin maybe club open nostalgic yoke fact step croaker sack lyin pair belows fatigue outer wear want hear loud clear care real shit outta,137,0.000730994,0.000730994,0.000730994,0.019358679,0.000730994,0.000730994,0.000730994,0.1016819572533981,0.4944867633226683,0.1156724678023812,0.000730994,0.1142858233855351,0.000730994,0.049813596,0.000730994,obscene,0.8428571428571429
45148,nazareth,talkin' 'bout love,1980,blues,line guarantee stories boyfriends tease money burn everythin need clever girl girl talkin bout janeiro daddy card party invitations hard lovers burn match book cruiser girl user girl talkin bout talkin bout talkin bout talkin bout talkin bout heart hire penthouse suite dance stop matter wanna nothin learn everythin lose lover girl cover girl mccafferty cleminson agnew sweet copyright nazsongs right reserve copyright record,64,0.00122399,0.00122399,0.00122399,0.00122399,0.00122399,0.030242312,0.09950615,0.00122399,0.5605930071667118,0.00122399,0.00122399,0.069989773,0.00122399,0.00122399,0.00122399,obscene,0.5714285714285714
21832,ray price,a way to free myself,1964,country,contain feel proclaim write light burn brightly onward night onward night onward night life display things portray things lead onward night onward night onward night life onward night onward night onward night life,33,0.002631579,0.002631579,0.3388914270359001,0.4371781920859615,0.002631579,0.002631579,0.002631579,0.002631579,0.002631579,0.002631579,0.002631579,0.1484174013700183,0.002631579,0.002631579,0.036039295,night/time,0.8
61848,stéphane pompougnac,one by one,2011,jazz,want like boys stare stare safe moment go rehearse step stage heart silver cage want like boys stare crave walk room drip gold yeah drip gold walk room drip gold drip gold wave head turn tell tell heart break keep gaze control solve want like boys stare stare safe moment go rehearse step stage heart silver cage want like boys stare crave true crave crave true crave stop think lose face surely fall game little finger curl reach world head tie knot game simply want look want like boys stare stare safe moment go rehearse step stage heart silver cage want like boys stare crave crave,106,0.000649773,0.000649773,0.000649773,0.000649773,0.01304676,0.000649773,0.000649773,0.000649773,0.000649773,0.000649773,0.1751527876312739,0.1879282318197599,0.000649773,0.3013948024530011,0.000649773,sadness,0.1285714285714285
25536,marty robbins,(ghost) riders in the sky,1976,country,yippieiay yippieio ghost riders cowpoke go ridin dark yippieiay ridge rest go mighty bunch eye cow plowin rag sky cloudy draw yippieiay yippieio ghost riders brand hoof steel yippieiay horn black shiny breath feel bolt fear go thunder riders commin hard hear mournful yippieiay yippieio ghost riders face gaunt eye blur shirt soak sweat yippieiay ridin hard catch herd catch cause gotta ride forever range horse snort ride hear yippieiay yippieio ghost riders riders go hear yippieiay want save soul ridin range cowboy change today ride tryin catch devil herd endless sky yippieiay yippieio ghost riders ghost riders,98,0.001074114,0.4566206991745937,0.090986718,0.001074114,0.001074114,0.001074114,0.001074114,0.001074114,0.041462404,0.001074114,0.1660672876300492,0.079994805,0.001074114,0.001074114,0.094359511,violence,0.6285714285714286
62062,between the buried and me,astral body,2012,jazz,analyze matter black eye existence overgrow fall trap sell hand envy slowly start piece flesh body dissect collect examples outside world see know devastation cause world speak freely listen speak freely listen,32,0.002506266,0.4557335580204968,0.1306965877564844,0.002506266,0.002506266,0.002506266,0.002506266,0.2428136353757974,0.002506266,0.002506266,0.002506266,0.002506266,0.002506266,0.1331622327739954,0.002506266,violence,0.1142857142857142
23097,traffic,no time to live,1968,country,time begin burn days grow short people hardest reject conscience catch happen pebble beach get wash away give turn time live see wheel spin hold change place see lonely face,30,0.002105263,0.002105263,0.5072302079725115,0.002105263,0.002105263,0.002105263,0.002105263,0.002105263,0.002105263,0.002105263,0.1439233258335882,0.1765087573433114,0.002105264,0.1407587602711251,0.002105263,world/life,0.7428571428571429
76205,mötley crüe,hooligan's holiday,1994,rock,holiday hooligan holiday drop dead beauties stomp line hell face bruise apples crawl night bust loose runaway runaway thrill motive days haze everybody want piece action everybody want piece holiday hooligan holiday holiday hooligan away hooligan holiday holiday hooligan yeah crosseyed derelicts come iron horse legs tattoo black man flow everyday holiday everybody want piece action everybody want piece want piece mind modern time blood pump strong survive,68,0.001385042,0.3591636322278153,0.062658007,0.082108906,0.1665211505937946,0.001385042,0.029752801,0.001385042,0.082669871,0.001385042,0.001385042,0.001385042,0.001385042,0.069259348,0.001385042,violence,0.3714285714285714
31255,clay walker,my heart will never know,1994,country,pour cup coffee paper table share morning news voice answer phone home friends leave message night leave light work late heart know fall apart fool go time hard long goodbye heart know long cold december snow outside keep fallin light home remind night like forever wrong hold hide truth heart know fall apart fool go time hard long goodbye heart know time hard long goodbye heart know,67,0.000822368,0.000822368,0.000822368,0.2084368178919924,0.000822368,0.023428212,0.079064101,0.1727403000358585,0.000822368,0.1696011810606911,0.000822368,0.000822369,0.000822368,0.3061045916551884,0.000822369,sadness,0.3714285714285714
80401,john mayer,you're gonna live forever in me,2017,rock,great bang dinosaurs fiery rain meteors end unfortunately gonna live forever guarantee part planets distance moon grip gonna live forever guarantee destiny life sweet mistake honest time leave fruit tree gonna live forever guarantee mean pastor ask pews reason word seat gonna live forever guarantee,45,0.001879699,0.001879699,0.4946532696846328,0.001879699,0.001879699,0.001879699,0.039703063,0.001879699,0.001879699,0.001879699,0.065519811,0.056762717,0.035382765,0.001879699,0.001879699,world/life,0.042857143
9970,rick astley,together forever,1987,pop,need know satisfy shouldn waste single stop fall destiny call power change hear say want rest life forever forever know heaven earth forever wouldn wanna frown best mistake true make time change hear say want rest life stop fall destiny call power change hear say want rest life,48,0.001169591,0.001169591,0.3390994890107471,0.001169591,0.001169591,0.001169591,0.001169591,0.2291584209489916,0.001169591,0.087658462,0.001169591,0.001169591,0.04211342,0.053898906,0.001169591,world/life,0.4714285714285714
38283,jelly roll,zombie (feat. madchild & insane clown posse),2016,country,hear allow good time tell smile frown shoot time fly point turn level head oneway track tell road goal hold think okay date promise lose escape scary world cliché true gotta tryin edge seat constantly contain kinetic energy constantly reign sweet hum tune sleep watch peak stay good advice come come whoah yeah advice come come whoah yeah shout hand care stop hate replace eye focus place design peace refrain race kill race hear time take difference near gonna try fear real hide tear flow beat right advice come come whoah yeah advice come come whoah yeah,97,0.092278375,0.3086334213682669,0.082838313,0.064845196,0.066442887,0.000762777,0.05790307,0.070172649,0.066210158,0.0265033,0.0529346,0.000762777,0.000762777,0.000762777,0.037045735,violence,0.057142857
17030,two door cinema club,this is the life,2010,pop,feel right feel good cause thing work know true true cause life life life life life argue cause life life life life life argue year days start change thing cause life life life life life argue cause life life life life life argue cause life life life life life argue,50,0.001144165,0.001144165,0.7863222867005871,0.001144165,0.001144165,0.001144165,0.001144165,0.1222292124831355,0.001144165,0.001144165,0.001144165,0.001144165,0.001144165,0.001144165,0.073141864,world/life,0.1428571428571428
21519,stonewall jackson,pins and needles (in my heart),1963,country,know earth know start know lose pin needle heart days nights grow longer say know forget pin needle heart face smile heaven work smile pin needle heart meet dear teardrops start someday know long wait pin needle heart,38,0.001754386,0.001754386,0.1089390602023382,0.042156988,0.001754386,0.065789086,0.094861746,0.2034724392278912,0.001754386,0.001754386,0.001754386,0.001754386,0.05912172,0.4046063290003568,0.001754386,sadness,0.8142857142857143
63748,the abyssinians,let my days be long,1976,reggae,morning come shin come shin come shin pray strong ooohh away wicked aaahh aaahh live clean strong live fellowman father father ooooh ooohhh lift head stand oooohh oooohhh truth light days long days long ooohhh ooohhh wwwwiiii days long days long kings ooohhhh ooooohhh lift head ooohhh oooohhh truth light days long days long father light light days long days long light,62,0.001144165,0.097700692,0.3354432086258058,0.1805876570368795,0.001144165,0.001144165,0.001144165,0.001144165,0.001144165,0.001144165,0.001144165,0.2727397957752092,0.097510339,0.001144165,0.001144165,world/life,0.6285714285714286
72057,black sabbath,under the sun,1972,rock,want freak tell black magician tell cast soul believe violence believe peace open door mind release want preacher tell want tell gonna want live life want people tell believe cause true come go life long overdose people rule nation frustration people hide real face run race grow weed world makebelieve believe tell fight believe know shouldn pretend people interfere mind live life leave,63,0.001031992,0.1213195915637194,0.356982639,0.001031992,0.001031992,0.001031992,0.001031992,0.25096471,0.001031992,0.001031992,0.001031992,0.001031992,0.1043512161526604,0.001031992,0.02484608,world/life,0.6857142857142857
32588,mark wills,anywhere but memphis,1998,country,call payphone beil street birmingham say tire see need guitar lonesome note fill midnight wipe tear wish memphis place difference blue pour dive bar place break heart tell baton rouge memphis wish work courage little pheonix stop truckstop tell sooner hard wait till later break heart memphis place difference blue pour dive bar place break heart tell baton rouge memphis,60,0.001349528,0.001349528,0.001349528,0.001349528,0.001349528,0.064073696,0.001349528,0.092979735,0.001349528,0.167196391,0.2426080777397449,0.001349528,0.001349528,0.3690279509886059,0.001349528,sadness,0.3142857142857143
40586,jimmy reed,i wanna be loved,1959,blues,want love want love true kiss sweet life kiss sweet life come tonight want love want love know know true,20,0.050372721,0.002506266,0.1251087327971042,0.053225998,0.002506266,0.002506266,0.527607707,0.002506266,0.002506266,0.002506266,0.002506266,0.002506266,0.002506266,0.002506266,0.002506266,romantic,0.8714285714285714
21133,jean shepard,one white rose,1961,country,dance night dear night delight dear give white dear go dear white crash cast away bouquet laugh care wear white heart,21,0.002770083,0.2679772910379089,0.002770083,0.002770083,0.002770083,0.002770083,0.3669457367464546,0.002770083,0.002770083,0.002770083,0.002770083,0.1490073261916104,0.002770083,0.1298059704648122,0.047482511,romantic,0.8428571428571429
25344,willie nelson,blue skies,1975,country,blue sky smile blue sky blue bird sing song blue sky shin bright things go right notice days hurry blue days go blue sky blue sky smile blue sky blue days go blue sky blue sky smile blue sky blue days go blue sky blue sky smile blue sky blue days go blue sky,54,0.000993049,0.000993049,0.000993049,0.020034537,0.000993049,0.000993049,0.000993049,0.000993049,0.000993049,0.7628735325840506,0.000993049,0.1641626017559905,0.000993049,0.000993049,0.038033598,music,0.6428571428571429
79911,the revivalists,it was a sin,2015,rock,believe steal gold drink know star align load things change tonight want start fight load things change believe couldn stop come afar lose key getaway place hell live need face hide hide hide believe take stay come tonight want start fight load things change yeah night want start fight load things change believe couldn stop come afar lose key getaway place hell live need face hide hide hide hide hide hide hide hide hide hide hide hide hide hide hide hide hide hide believe couldn stop come afar lose key getaway place hell live need face hide hide hide hide hide face hide hide hide,105,0.000548246,0.1505063385759801,0.2389875758385498,0.035151407,0.03096902,0.000548246,0.000548246,0.000548246,0.000548246,0.000548246,0.07451919,0.000548246,0.000548246,0.3848280537633315,0.000548246,sadness,0.071428571
5272,electric light orchestra,mr. blue sky,1973,pop,morning today forecast call blue sky shin cloud sight stop rain everybody play know beautiful run avenue shin brightly city streets pity blue live today blue tell hide away long long wrong blue tell hide away long long wrong pretty face welcome human race celebration blue wait today wait blue tell hide away long long wrong blue please look everybody smile blue please look everybody smile mister blue mister blue mister blue blue right soon come night creep hand shoulder mind remember remember blue tell hide away long long wrong blue please look blue everybody smile turn,97,0.000619195,0.046592766,0.048246998,0.1706228916210083,0.048924375,0.000619195,0.000619195,0.06157842,0.000619195,0.3070589343985869,0.000619195,0.1056538908325603,0.000619195,0.1143170768100158,0.000619195,music,0.6714285714285714
52373,lukas nelson and promise of the real,can you hear me love you,2012,blues,surround hear sound able stay song hear hear away hear hear ride near feel better today know leave song okay hear hear away hear hear kiss know away music stay hear away hear hear,34,0.001594896,0.001594896,0.001594896,0.001594896,0.001594896,0.001594896,0.036239593,0.098882354,0.001594896,0.5464316358366813,0.035148176,0.001594896,0.001594896,0.2609696916200525,0.001594897,music,0.1142857142857142
73724,sammy hagar,there's only one way to rock,1981,rock,hear call different name world ways million ways think yeah yeah things high gonna analyze situation mental masturbation quickly check hand clock time world disagree understand point view fact know true yeah yeah crank drum crank bass crank face yeah yeah,41,0.001644737,0.001644737,0.4642082756718448,0.001644737,0.1961537447339185,0.001644737,0.001644737,0.001644737,0.1316678360536649,0.061793137,0.066465593,0.001644737,0.001644737,0.001644737,0.001644737,world/life,0.5571428571428572
13714,switchfoot,only hope,1999,pop,song inside soul try write awake infinite cold sing head lift hand pray pray know sing song star galaxy dance laugh laugh feel like dream sing plan head lift hand pray pray know apathy give want symphony sing lungs give head lift hand pray pray pray know,47,0.00122399,0.3092484603326109,0.00122399,0.00122399,0.00122399,0.1058949857397188,0.00122399,0.1311392706579654,0.00122399,0.1928636458760582,0.00122399,0.2252728784885605,0.00122399,0.00122399,0.00122399,violence,0.3
70701,the kingston trio,coming from the mountains,1961,rock,comin mountains northern plain california maine singin song know voice sing brothers travel travel travel rywhere rail place scale repeat comin mountains northern plain california maine singin song know voice sing brothers folk group banjo hear banjo ring learn play thing repeat comin mountains northern plain california maine singin song know voice sing brothers boys crockett die alamo hear attack know room kill repeat comin mountains northern plain california maine singin song know voice sing brothers comin mountains northern plain california maine singin song know voice sing brothers,88,0.001074114,0.001074114,0.001074114,0.001074114,0.001074114,0.001074114,0.001074114,0.1346737414380319,0.2130747399212446,0.4969340651443318,0.001074114,0.001074114,0.1392057450898115,0.001074114,0.001074114,music,0.8428571428571429
73716,ac/dc,night of the long knives,1981,rock,leader help hand friend know night long knives night long knives night long knives night long long knife savior light pray life fight defend attack night long knives night long knives night long knives night long long knife night long knives night long knives night long knives night long long knife night long knives night long knives night long knives night long long knife,64,0.001169591,0.001169591,0.03829065,0.8759142029155627,0.001169591,0.04367365,0.001169591,0.024577637,0.001169591,0.001169591,0.001169591,0.001169591,0.001169591,0.001169591,0.001169591,night/time,0.5571428571428572
81253,coolio,fantastic voyage (lil stayne mix),2008,hip hop,come ride shit inside time kind cause grab extra clip close eye switch go place everybody kick kick kick yeah ticket bloodin crippin punk nigga trippin everybody stack crack matter white black wanna like staple singers tank know bring heat kitchen mission come ride fantastic voyage slide slide slippity slide switch block come ride fantastic voyage slide slide ride valley mountain high tryin place live life maybe steak bean place kid play outside lyric commercial,75,0.001096491,0.050625414,0.073788397,0.001096491,0.04425032,0.001096491,0.001096491,0.001096491,0.3806343122642236,0.001096491,0.2809506135906007,0.075255996,0.001096491,0.001096491,0.001096491,obscene,0.1714285714285714
34996,casey donahew,crash,2006,country,brake slow bridge burn turn scream hear sound friends wait come unwind know care miss cold stare hopin crash rainin dress white dance holdin tight romance night time feel right stop complain drive insane breathe hopin crash know crash know stay holdin today know care miss cold stare hopin crash crash,51,0.00122399,0.3872288895377868,0.00122399,0.161288667,0.00122399,0.00122399,0.00122399,0.1973894248870341,0.00122399,0.00122399,0.00122399,0.121071122,0.00122399,0.00122399,0.090262912,violence,0.2
71643,george harrison,isn't it a pity,1970,rock,pity shame break hearts cause pain think anymore forget pity things long explain people tear eye beauty surround pity pity shame break hearts cause pain think anymore forget pity,29,0.002192982,0.002192982,0.1960047952082406,0.002192983,0.002192982,0.002192982,0.002192982,0.3147578192299478,0.002192983,0.002192983,0.002192982,0.002192983,0.002192983,0.4541496648748951,0.002192982,sadness,0.7142857142857143
37695,cody johnson,(i wouldn't go there) if i were you,2014,country,heart talk walk away fast remember time forget pain wouldn heart stick beat stop feel tire fool hips start sway lips start say know gonna break right wouldn think touch kiss come unglued sweet look eye disguise devil wear perfume wouldn heart stick beat stop feel tire fool hips start sway lips start say know gonna break right wouldn,59,0.000993049,0.049618173,0.000993049,0.000993049,0.000993049,0.000993049,0.1069030118403817,0.3525846647601194,0.000993049,0.000993049,0.000993049,0.000993049,0.000993049,0.3688666590293752,0.000993049,sadness,0.085714286
73643,styx,snowblind,1981,rock,mirror mirror wall face show scar think bluff line clear life pretty try hard mornings cold distress mess snowblind live cause fine away snowblind snowblind snowblind harmless innocent devil white steal fight fill confidence blind eye trick visions paradise realize snowblind live cause fine away snowblind snowblind snowblind baby snowblind live cause fine away snowblind snowblind snowblind mirror mirror confess escape emptiness reason pretend come feel snowblind live cause fine away throw lifeline go time cause snowblind away snowblind snowblind snowblind,81,0.030204316,0.2913727215848143,0.1890527374147891,0.000993049,0.000993049,0.000993049,0.000993049,0.000993049,0.000993049,0.000993049,0.000993049,0.000993049,0.000993049,0.3201110026916381,0.000993049,sadness,0.5571428571428572
48136,nina simone,"no woman, no cry",1993,blues,woman woman woman woman remember government trenchtown observe hypocrites mingle good people meet good friends good friends lose bright future forget past tear woman woman little darling shed tear woman woman say say say remember yeah yeah government trenchtown light burnin night cook corn meal porridge share feet carriage push go woman go alright woman go alright woman go alright woman go alright yeah yeah yeah woman little darling shed tear woman little darling shed tear woman woman,78,0.000835422,0.000835422,0.088606351,0.000835422,0.1127201698838245,0.073921477,0.3458115020467971,0.000835422,0.000835422,0.000835422,0.066863389,0.038772784,0.011806835,0.089612808,0.1249625711514448,romantic,0.3857142857142857
71258,the beatles,getting better,1967,rock,get better time school complain teachers teach weren cool complain hold turn round fill rule fool fool admit get better better little better time worse admit get better better get better angry young hide head sand give word finally hear best admit get better better little better time worse admit get better better get better get better time get better time better better better get better time better better better cruel woman beat keep apart things love mean change scene best fool fool admit get better better little better time worse admit get better better get better get better time get better time better better better get better time better better better get better time,115,0.000521105,0.000521105,0.080190745,0.088007903,0.000521105,0.036380801,0.024244364,0.000521105,0.7187788227548623,0.000521105,0.000521105,0.000521105,0.000521105,0.045623002,0.000521105,obscene,0.7571428571428571
12671,social distortion,through these eyes,1996,pop,eye see see hate see violence tear eye school streets see things life wanna eye see shape things come watch fall apart eye see break home see poor face stand line heart weary road travel heart hurt dearly pain linger eye look devil face see holy eye try walk straighter line nearly lose mind heart weary road travel heart hurt dearly pain linger heart weary road travel heart hurt dearly pain linger,72,0.000892061,0.1132051753963207,0.077432122,0.000892061,0.000892061,0.011744111,0.000892061,0.000892061,0.000892061,0.000892061,0.2897667874632908,0.000892061,0.000892061,0.4751773407161722,0.000892061,sadness,0.3428571428571428
62850,diana krall,blue skies,2017,jazz,shin bright things go right notice days hurry blue sky smile blue sky bluebirds sing song bluebirds long shin bright things go right notice days hurry blue sky smile blue sky bluebirds sing song bluebirds long blue sky smile blue sky bluebirds sing song bluebirds long,46,0.001422475,0.001422475,0.001422475,0.096246924,0.001422475,0.001422475,0.001422475,0.001422475,0.001422475,0.6161570662621695,0.001422475,0.2648364078277508,0.001422475,0.001422475,0.001422475,music,0.042857143
21908,tammy wynette,d-i-v-o-r-c-e,1964,country,watch smile think christmas birthday think custody spell play spell hurtin word turn head speak cause spell away hurt drippin cheek divorce final today little goin away pure double wish stop divorce,32,0.002770083,0.002770083,0.002770083,0.002770083,0.002770083,0.1124483756245215,0.002770083,0.2680855584483851,0.002770083,0.002770083,0.002770083,0.002770083,0.002770083,0.5204003770103989,0.002770083,sadness,0.8
59247,souls of mischief,disseshowedo,1993,jazz,get fatter crew favoritos know shit flavor battle niggas hectic flip script like dyslexic actor factor type skills wanna quit steal beyonder shit palm shit see keen text expel diaphragm flyer damn grok receive bust like cleavage shit leave shamble like campbell sample tajai ample hell brothers cocky mass whippin niggas asses appropriate blast kid quick stick skin figure hinder watch nigga make corpses course score kid morbid cause make think shit kick leave hell hobbes think beat pop leather strap fella wanna tell lie send black eye disseshowidoit disseshowido disseshowido trippin flip contrary weakness retreat wanna restrain beat freak lift syllables kill bullcrap arouse douse drown sound swing things bequeath beneath need relief brief crush flush cypher slice life piece ruin screw skills like drill army harm kill noise boys lack poise wack toy play slay stick drive crazy flip backwards play satanic message guess nature break mental barriers body drive gift shapeshift encourage nigga suicidal shit write clutch bible cali type style wipe smile smirk jerk weak shit work niggas whack fuck life direction cluck nigga titanium steel slicin shit disseshowedo studio blow ninetythree disseshowedo youknowhati msayin,189,0.000626566,0.1678601869716162,0.000626566,0.000626566,0.000626566,0.000626566,0.000626566,0.036113853,0.6975447942515359,0.000626566,0.000626566,0.000626566,0.000626566,0.000626566,0.000626566,obscene,0.3857142857142857
72988,captain beefheart & his magic band,tropical hot dog,1978,rock,tropical night like flamingos fruit fight colour whirlin night playin music young girls come meet monster tonight tropical night like flamingos fruit fight wanna know bout wrong right yeah want know tonight tropical night like flamingos fruit fight like steppin triangle strip light strip light strip light tropical night wrong time right truth pattern tonight play music young girls come meet monster tonight meet monster tonight women tropical payday tropical dayday step triangle strip light turn step strip light tropical night playin song young girls come meet monster tonight meet monster tonight like girl monster tonight monster tonight wrong time white monster tonight,103,0.00075188,0.037472676,0.00075188,0.4050993091589593,0.015505513,0.00075188,0.00075188,0.00075188,0.082000572,0.070571181,0.00075188,0.1365257555161023,0.058916498,0.00075188,0.00075188,night/time,0.6
6264,leo sayer,when i need you,1976,pop,need close eye want heartbeat away need hold hand touch know keep warm night space telephone place smile know travel forever cold hold like need close eye want babe heartbeat away easy road driver heavy load know travel lifetime cold hold like need need hold hand touch know keep warm night need close eye right keep warm night hold hand hold hand darling darling want heartbeat away need darling want darling,71,0.018683956,0.000785546,0.000785546,0.000785546,0.1212152402234197,0.000785546,0.4806908146718557,0.000785546,0.000785546,0.000785546,0.1247053750277772,0.000785546,0.000785546,0.114670182,0.000785546,romantic,0.6285714285714286
39149,demun jones,feeling good,2018,country,feelin good catch south like black outrunnin sunrise feelin good devil alright feelin good oohooh oohahh good oohooh oohahh feelin good oohooh oohahh good oohooh oohahh demundemun jonesjones county zone go wind blow money headphones micro nomad runnin roads rockin show vocal recital makin sure hear rattlin rear view breakin speakers flippin fuse takin refuse money hustle turn little things want ourself daydream bring livin room right like livin dream wouldn know see look window clean feelin good catch south like black outrunnin sunrise feelin good devil alright feelin good oohooh oohahh good oohooh oohahh feelin good oohooh oohahh good oohooh oohahh livin slow crawl creepin drivin speedin mean rush racin button buckle flow field coyotes honeysuckles trouble stay livin present tense watchin news read nothin bout president obey long everybody watchin stop drop load dress chop gotta tookie puttin food table feelin good willin able able stay grizzly busy grateful stock lead animals hatefuls feelin good catch south like black outrunnin sunrise feelin good devil alright feelin good oohooh oohahh good oohooh oohahh feelin good oohooh oohahh good oohooh oohahh feelin good,183,0.000501253,0.098196566,0.000501253,0.000501253,0.000501253,0.000501253,0.000501253,0.000501253,0.2975752697292443,0.000501253,0.173163628,0.029405656,0.000501253,0.000501253,0.3204912424512272,feelings,0.028571429
40095,ella fitzgerald,squatty roo,1957,blues,song jump fellas squatty dump ladedoo scat,7,0.01754386,0.01754386,0.01754386,0.01754386,0.01754386,0.01754386,0.01754386,0.01754386,0.01754386,0.3508771929827031,0.01754386,0.01754386,0.01754386,0.01754386,0.01754386,music,0.9
56232,the emotions,take me back,1969,jazz,ocean bear sound wave devotion away word corosion leave clean wind water daughter moment slaughter burn mind lose inside wall live moment blind help lose inside wall need moment blind help search ways understand lose boat strand know defend castle sand ocean city drain emotions heal potion sip hand lose inside wall live moment blind help lose inside wall need moment blind help bridge lose inside wall live moment blind help lose inside wall need moment blind help lose inside wall need moment blind help,85,0.000711238,0.3863720867165122,0.2288056815213212,0.000711238,0.046268244,0.071269283,0.000711238,0.000711238,0.000711238,0.000711238,0.000711238,0.072602247,0.000711238,0.063922644,0.000711238,violence,0.7285714285714285
7473,xtc,living through another cuba,1980,pop,live cuba middle live cuba polish drum peace play second fiddle live cuba russia america throats live cuba knees pray kiss arse goodbye live cuba bulldog fence play tennis overhead live cuba hardly somebody wind dead live cuba pour water quick matter live cuba love pull fin atom bomb live cuba phenomenon happen years live cuba careful watch thing radioactive glow live cuba stick finger ears late live cuba alright replay,71,0.001283697,0.1256067040059869,0.4551772832530166,0.001283697,0.001283697,0.001283697,0.079249584,0.001283697,0.001283697,0.053152442,0.1205481390793462,0.04203964,0.001283697,0.001283697,0.027500668,world/life,0.5714285714285714
36866,dierks bentley,in my head,2012,country,completely disappear million fine hear lately guess destiny mean move sound good baby arm head head tshirt song go leave head yeah head watch guess flame burn slowly hang head tonight worry bout baby lonely arm head head tshirt song go leave head yeah head head tshirt song go arm head head yeah head head girl head head,58,0.0546654,0.3966775092418574,0.000993049,0.0391402,0.059051247,0.000993049,0.061761676,0.1011718451642559,0.000993049,0.1086346112844391,0.000993049,0.058090539,0.000993049,0.000993049,0.071392515,violence,0.1142857142857142
6720,eddie money,i'll get by,1977,pop,look walk away know start callin word know change mind try thousand time right someday pray come open heart know look lonely room share want paint blue cause turn note leave tryin kind tell somethin baby come open heart till pretend play fool someday like till know heart think memory surround lonely wall lately thinkin away reason leave stay house haunt tell baby come open heart know,67,0.096018302,0.000822368,0.000822368,0.000822368,0.000822368,0.000822368,0.000822368,0.2461264412732113,0.1111664354476781,0.044199884,0.000822368,0.000822368,0.000822368,0.4909757790331511,0.000822368,sadness,0.6142857142857143
21947,george jones,love's gonna live here,1964,country,gonna shine life gonna live thing gonna gonna live gonna live gonna live gonna live loneliness happiness gonna live instrumental hear bell ring hear bird sing gonna live hear be hummin know days comin gonna live gonna live gonna live gonna live loneliness happiness gonna live instrumental gonna live gonna live gonna live loneliness happiness gonna live,57,0.001052632,0.001052632,0.4438105827581877,0.001052632,0.001052632,0.001052632,0.001052632,0.001052632,0.023137782,0.127496649,0.001052632,0.022291539,0.001052632,0.001052632,0.001052632,world/life,0.8
2870,donovan,three king fishers,1966,pop,fisher bird shall dive swim ripple laugh dream sit golden crown head head head look tiny oceans hand wave liquid colour touch sand dream sit golden crown head head head,30,0.002392345,0.3004863093764444,0.002392345,0.002392345,0.002392344,0.002392344,0.002392345,0.002392345,0.002392345,0.002392345,0.002392345,0.5390694358512185,0.057146012,0.002392345,0.002392345,violence,0.7714285714285715
52744,band of skulls,hoochie coochie,2014,blues,arm arm arm time hang face place know good grief skin teeth work little harder school trust trip trust trip trust trust trust hoochie coochie ahhh ahhh ahhh ahhh hoochie coochie game play game play game rid doubt gonna begin feel damn go race click clock good trust trip trust trip trust trust trust hoochie coochie ahhh ahhh ahhh ahhh hoochie coochie look like picasso black lash drink like water kinda like dance come baby gonna night hoochie coochie ahhh ahhh ahhh ahhh hoochie coochie,85,0.028167993,0.084177512,0.2163057693192305,0.001012146,0.001012146,0.02301275,0.06713526,0.001012146,0.3401322798647788,0.001012146,0.1214652189140586,0.001012146,0.001012146,0.001012146,0.068553866,obscene,0.085714286
6485,pablo cruise,can't you hear the music?,1977,pop,leave youre leave set friend change life good go door hear music play anymore hear music beleiving believe word youd ytou turn head amaze different ways close change mind hear music play hear music play time whoa hear music anymore like hear music anymore leave leave memories gonna change mind remember realize come good life door hear music play hear music play like whoa hear music anymore,67,0.000848896,0.000848896,0.1535047452705089,0.000848897,0.033239334,0.000848896,0.000848896,0.2999862017054801,0.000848896,0.4418045632228589,0.000848896,0.000848896,0.000848896,0.000848896,0.043443457,music,0.6142857142857143
40187,muddy waters,she moves me,1957,blues,move pocket money little help drink dumbbell tell square kind woman crazy dumb funeral dead jump look deaf dumb say speak shake finger blind face blind,26,0.002506266,0.3237594454974476,0.002506266,0.002506266,0.002506266,0.1827819114366982,0.002506266,0.002506266,0.002506266,0.002506266,0.2848035954680268,0.002506266,0.054826176,0.002506266,0.002506266,violence,0.9
79258,snow patrol,just say yes,2013,rock,run ways want stay okay pretend tell today hand hand hand hand hand hold test trick mind simple know know like live path clear sake dear sake dear sake dear sake dear sake dear hold test trick mind bridge feel heart beat shirt want want want want want want hold test trick mind chorusoutro cause ache know touch warm skin breathe,61,0.001119821,0.041971652,0.1219316573712853,0.057734155,0.001119821,0.001119821,0.3607082523329042,0.1165099263862333,0.001119821,0.001119821,0.001119821,0.001119821,0.001119821,0.001119821,0.001119821,romantic,0.1
60468,bent,beautiful otherness,2003,jazz,beautiful otherness lose loveliness beautiful otherness beautiful otherness rodderless give foreverness beautiful otherness yeah yeah yeah beautiful otherness beautiful otherness beautiful otherness kind hearts coronets safe warm caress beautiful otherness yeah yeah yeah beautiful otherness yeah right right right right right beautiful beautiful otherness beautiful beautiful otherness beautiful otherness otherness beautiful otherness beautiful otherness right right right right right beautiful otherness right right right right right,66,0.001144165,0.001144165,0.001144165,0.3116396742057127,0.1778831864881397,0.001144165,0.001144165,0.001144165,0.001144165,0.001144165,0.001144165,0.001144165,0.001144165,0.070870611,0.001144165,night/time,0.2428571428571428
57873,brick,right back,1981,jazz,bitch know fuck bout little paper cause know cash cash cash hand cash deck rack stash ajax ridin smoke kush pound like ride sound droptop grind like snail close earth wave gotta surf holler scar church dunk club throw rack trap right want bricks right pull trap house come rid domestic trunk rid foreign trunk thousand cash roll blunt stand blow kush dress grand dance grand tat jump corner smoke clit wait right club throwin money rack fuck bout little paper know bitch know fuck bout little paper cause know yeah know want buy bitch walk bitch rack tell come paper yeah bitch like glacier baby momma date fuck fuck date like elevator gucci mane tity college decatur haters start buick lesabre end ferrari tell meet vegas acres neighbor niggas want money table,133,0.023471479,0.000598086,0.000598086,0.000598086,0.026722842,0.036482004,0.000598086,0.000598086,0.6591266674919284,0.000598086,0.1335354455436719,0.078648188,0.000598086,0.000598086,0.000598086,obscene,0.5571428571428572
59937,keith jarrett,don't ever leave me,1999,jazz,create wasn easy wonder live right complete leave belong right near away wrong dependent need comfort leave cause dependent need comfort leave cause leave,24,0.002770083,0.002770083,0.085196585,0.08791423,0.089061397,0.002770083,0.002770083,0.3875968564896475,0.002770083,0.002770083,0.002770083,0.002770083,0.002770083,0.3114497662634838,0.002770083,sadness,0.3
61423,ancient astronauts,classic,2009,jazz,ancient wisdom miscellaneous raven reflection ancient northland ride nocturnal eternal winterland silvermoon shin bright naked cold tree descend blackest wolves howl dead night land freeze grind eye distance black shadow dance dance glow eye obscure ones embrace soul theirs mightiest creatures wing grim chill palace nocturnal warlock forever kings enthrone supreme land horizon soul black land black enter palace freeze moon snow fall eternally enter deepest sleep twilight awake break return coffin blackest twilight awake,75,0.001422475,0.3257231935223351,0.001422475,0.001422475,0.001422475,0.001422475,0.001422475,0.001422475,0.001422475,0.001422475,0.001422475,0.4882654072857592,0.092617997,0.001422475,0.001422475,violence,0.1571428571428571
40315,jimmy reed,go on to school,1958,blues,little girl school little girl fool baby fool readin writin workin rithmetic know teacher bout sick baby fool mornin school know standin head class kid like tryin feel baby fool mornin ways school,33,0.1250180147919386,0.001949318,0.001949318,0.001949318,0.001949318,0.1498296241980899,0.001949318,0.1852123200768757,0.3789868793298311,0.001949318,0.001949318,0.001949318,0.001949318,0.001949318,0.001949318,obscene,0.8857142857142857
57361,larry carlton,don't give it up,1978,jazz,money money beat bikini chill kitchen flip homies jelly fish krabs drip poop dealer cause go sewers hat train guess goofy come home feel little lonely light tell like collect girlfriend pull smell like krusty krab hang call senpai porno freak hentai hear single give tumor homies say weenie junior bikini chill kitchen flip homies jelly fish krabs drip poop dealer cause go sewers hat train guess goofy bikini chill kitchen flip homies jelly fish krabs drip poop dealer cause go sewers hat train guess goofy double triple bossy deluxe raft animalstyle haha firmly grasp jellyfish hunt bitch stick bikini cheek hear like goths chain poser bitch okay bitch outta sight boat mobile hit bold bitch pull shit side motherfuckers best shit shit blow like drive rock bitch fuck truck live like bitch bluff bikini chill kitchen flip homies jelly fish krabs drip poop dealer cause go sewers hat train guess goofy bikini chill kitchen flip homies jelly fish krabs drip okay poop dealer cause go sewers hat train guess goofy beat,172,0.000666223,0.000666223,0.000666223,0.000666223,0.000666223,0.000666223,0.000666223,0.000666223,0.5685370639447703,0.058256279,0.152634397,0.000666223,0.000666223,0.000666223,0.061069224,obscene,0.6
58792,tommy dorsey,alone,1990,jazz,romance night mean wait feel night share kiss care come promise heart mean,13,0.068135259,0.003759399,0.003759399,0.1958634467190271,0.003759398,0.003759399,0.4362107805290285,0.1786929058867228,0.003759399,0.003759399,0.003759399,0.003759399,0.003759399,0.003759399,0.068466028,romantic,0.4285714285714285
43391,aretha franklin,spanish harlem,1972,blues,lalala lalala black spanish harlem black spanish harlem special see come moon star gleam grow street right concrete soft sweet dreamy spanish harlem black spanish harlem eye black coal look soul start loose control gonna parararardon yeah go pick watch grow garden spanish harlem black spanish harlem eye black coal look soul start lose control wanna pararardon go pick watch grow garden lalala lalala lalala lalala lalala lalala lalala,69,0.00131579,0.3279846471580747,0.00131579,0.00131579,0.030316669,0.001315789,0.033055193,0.00131579,0.00131579,0.00131579,0.2484316534979072,0.2293921297376643,0.001315789,0.00131579,0.00131579,violence,0.6857142857142857
45936,the fall,the man whose head expanded,1983,blues,head expand head expand corrupt sociological memory corrupt sociological memory carrier money head expand sound like hick sound like hick head expand soap opera writer follow jewel prime time head expand turn bloody blimey space invader head expand explain scriptwriter follow convince coincidence lager poison matter small consequence little incidence face post jolly grapes steal jewel mouth actor fool convince sound like hick sound like load head expand head expand want appear illiterate crack crack want appear illiterate crack crack crack crack head expand come heraldry prerogative pulmanesque explain head diminish head diminish sound like head try unravel tell,99,0.001012146,0.666638741,0.001012146,0.001012146,0.001012146,0.021463427,0.001012146,0.066534119,0.044590264,0.001012146,0.001012146,0.001012146,0.001012146,0.080455139,0.001012146,violence,0.5285714285714286
33905,dixie chicks,i believe in love,2002,country,promise lock away deep inside tell heart swear compromise like tonight settle kind fade morning light silence star face finally hear voice softly choice today answer world truth wait believe believe real strong live believe believe believe believe real strong live believe believe,43,0.001283697,0.1329854324422477,0.5012609414078695,0.036401938,0.001283697,0.001283697,0.001283697,0.001283697,0.001283697,0.001283697,0.001283697,0.054557413,0.001283697,0.1578244742348759,0.100281739,world/life,0.2571428571428571
57436,jean carn,don't let it go to your head,1978,jazz,know feel head head know live oohwee head head advantage treat good treat fair treat fine give oohwee head head cause play game shame break heart break heart cause play game shame break heart break heart know feel oohwee head head know live oohwee head head head mmmmmmmmmmmm head break heart oohwee uhhuh head head head head head head mmmhmmmmmhmm head head head head oohno head head,67,0.000907441,0.4974775570846506,0.000907441,0.000907441,0.000907441,0.000907441,0.000907441,0.1399597796624827,0.000907441,0.000907441,0.000907441,0.000907441,0.000907441,0.2579617832934344,0.042705687,violence,0.6
79905,for king & country,priceless,2015,rock,mirror mirror mirror wall tell lie point flaw hard hear tell dear know believe late wide awake dare forget pain brave safe dress white wrong right bloom sight priceless irreplaceable unmistakeable incomparable darling beautiful priceless lyric commercial,37,0.001814882,0.4215914451482254,0.001814882,0.069825347,0.001814882,0.001814882,0.074779639,0.2571270583447789,0.001814882,0.001814882,0.001814882,0.001814882,0.001814882,0.001814882,0.001814882,violence,0.071428571
42466,b.b. king,paying the cost to be the boss,1968,blues,like want listen talk think outta baby wanna crazy baby gotta outta mind long payin bill woman payin cost boss drink want play little poker long take care long workin baby payin bill want mouth suppose live crazy woman gotta outta mind long foot bill payin cost boss like ashamed like woman usin tell gonna money want backtalk cause like doin pick things walk gotta crazy baby outta mind long payin bill woman payin cost boss,76,0.092167994,0.00093985,0.015102463,0.141117359,0.00093985,0.024427338,0.073208124,0.1022167795035451,0.3214209157782431,0.00093985,0.046781754,0.00093985,0.00093985,0.00093985,0.00093985,obscene,0.7428571428571429
40250,chuck berry,drifting heart,1957,blues,heart drift start lift fight down despite free sorrow wonder fall night wonder lonely come home tomorrow past change feel forgive lonely hours hard unfair pay renew romance time know stay time know stay,34,0.001697793,0.001697793,0.249146673,0.1855070153722309,0.001697793,0.001697793,0.001697793,0.001697793,0.001697793,0.041164784,0.001697793,0.061201416,0.042914765,0.3979940389220895,0.001697793,sadness,0.9
70014,popcaan,deserve it all,2018,reggae,smoke drink tell bout chain bling badmind ring true hit sing care life live deserve life live unuh hear youth go fridge heap thank haffi care life live benz beamer want house unuh hear youth go fridge heap thank haffi bother food heap days haffi bwoy walk road fight enuh hungry days daddy know life rough slow tear enuh time bring care life live deserve life live unuh hear youth go fridge heap thank haffi care life live benz beamer want house unuh hear youth go fridge heap thank haffi rihanna right life lovely heap money play rugby skull unruly bullet anybody champagne bus cork right know grandmother laugh gate like bus regular teacher class care life live deserve life live unuh hear youth go fridge heap thank haffi care life live benz beamer want house unuh hear youth go fridge heap thank haffi,144,0.000649773,0.000649773,0.457722313,0.000649773,0.000649773,0.000649773,0.000649773,0.074769763,0.0420279,0.1419197983284967,0.1633202255508788,0.000649773,0.025899204,0.000649773,0.035068136,world/life,0.028571429
5009,paul simon,armistice day,1972,pop,armistice philharmonic play songs sing shuffle tune hang long draw blow excuse need friend like easy chair want weary wail come congressman avoid weary wait congresswoman tell congressman wait long time wait,32,0.002506266,0.002506266,0.002506266,0.3527953024755536,0.002506266,0.002506266,0.002506266,0.2455477506102955,0.002506266,0.3216114753484911,0.002506266,0.002506266,0.002506266,0.002506266,0.002506266,night/time,0.6857142857142857
7771,carole king,dancin' with tears in my eyes,1980,pop,kind stay home feel night circulate think forget night easy think dance mind dancin tear eye dancin tear eye dancin hurt soul control emotions say goodbyes know time dancin tear eye dancin tear eye dancin tear eye dancin tear eye happen look body keep move beat spirit misery strobe light flash look place different picture look face dancin tear eye dancin tear eye dancin hurt soul control emotions say goodbyes know know know time dancin tear eye dancin tear eye dancin tear eye dancin tear eye,86,0.000785546,0.000785546,0.000785546,0.000785546,0.000785546,0.000785546,0.000785546,0.1847341083091926,0.000785546,0.01633999,0.000785546,0.2104053227353686,0.000785546,0.498696535,0.000785546,sadness,0.5714285714285714
12870,goldfinger,here in your bedroom,1996,pop,bedroom turn head feel wonder think know think better head tomorrow feel tomorrow change feel feel feel bedroom turn head feel wonder think know think better head tomorrow feel tomorrow change feel feel feel bedroom feel safe outside tell change feel high wonder think feel know tell tomorrow feel tomorrow change feel feel feel feel feel,56,0.000974659,0.079982352,0.22917083,0.000974659,0.000974659,0.000974659,0.000974659,0.2991610954404013,0.000974659,0.000974659,0.000974659,0.027254453,0.000974659,0.000974659,0.3507860454399636,feelings,0.3428571428571428
80030,die antwoord,banana brain,2016,rock,banana brain apple stay tonight cause have best time life banana brain apple stay tonight cause have best time life ninji baby girl fine fine blow mind look coochie juicy tushy gushy boobie boobie bounce like looney tune booty boom juice gush coochie cute like pikachu sweet like whistle sneak lonely heart like peekaboo time think eye wanna sing lullabies little butterfly banana brain apple stay tonight cause have best time life banana brain apple stay tonight lyric commercial,79,0.021794365,0.070420385,0.1178619867595217,0.3728466833164675,0.001031992,0.020619598,0.001031992,0.001031992,0.001031992,0.079142063,0.001031992,0.001031992,0.001031992,0.033863562,0.001031992,night/time,0.057142857
81955,jt money,who dat,2017,hip hop,yeah money throw throw money nutty tryin crew yeah brand nigga tryin hang clique flossin like come clique bang clique ride cause playa know nigga tell hang squad bind scar sucker boys mouth real niggaz round blow tree fuck dickride niggaz police aaaahiight aiyyayayayayaya aiyya nigga aiyyayayayayaya yeah tryin crew tryin aiyyayayayayaya aiyyaya aiyyayayayayaya yayayayaya tryin crew tryin girls deep represent sole lyric commercial,64,0.001349528,0.001349528,0.001349528,0.001349528,0.080965102,0.001349528,0.001349528,0.001349528,0.645227755,0.001349528,0.1609466506024169,0.001349528,0.001349528,0.001349528,0.001349528,obscene,0.042857143
42020,otis redding,she put the hurt on me,1966,blues,hurt hurt hurt baby sock hurt hurt hurt children hurt baby sock hurt minute gotta tell minutes think minutes talk minutes hour yeah hurt hurt hurt baby hurt minute gotta tell minutes think minutes talk minutes couldn hour knock floor hurt hurt children hurt sock hurt hurt baby thing hurt baby roll,52,0.1431344305761039,0.001196172,0.001196172,0.001196172,0.048891373,0.001196172,0.001196172,0.339046212,0.001196172,0.001196172,0.001196172,0.001196172,0.046852191,0.3389686887239909,0.001196172,sadness,0.7714285714285715
66193,barrington levy,black roses,1998,reggae,garden yeah black black roses garden care water care water travelin world yeah see black garden garden special yeah black black roses garden yeah black black roses garden black black roses garden black black roses garden care water earth cool yeah cause special garden black black roses gaaaaaaaarden black black roses garden black black roses garden black black roses garden sure sure water water best cause garden special like black roses garden black black roses water garden nice special special garden black black roses garden sure sure sure stay good care roses cause cause special garden garden special black black roses bloom garden,103,0.000785546,0.4298343133589224,0.000785546,0.000785546,0.081402815,0.000785546,0.000785546,0.1956449828965587,0.000785546,0.000785546,0.000785546,0.000785546,0.000785546,0.000785546,0.018497855,violence,0.3142857142857143
18463,pitbull,time of our lives,2014,pop,know rent late week work club good time time oooh want time life baby time life worldwide neyo good time ballin tell bartender line shots cause loose tonight liar burn spot look like mariah take shoot tell drop drop drop drop like dirty talk dirty dance freaky girl freaky rebound break like rodman ready deck tell wanna ride say church bless know rent late week work club good time time oooh want time life baby time life tonight lose mind better cause gonna party night like mami know drill shake ahead baby know biggest booty spot wanna thing drop know like squirrel look talk bout luck talk bout talk bout loose forget bill month night night night turn know rent late week work club good time time oooh want time life baby time life everybody goin everybody goin say everybody goin everybody goin roll pour drink throw tonight say everybody goin everybody goin say everybody goin everybody goin roll pour drink throw tonight yeah everybody go tough time believe grind great remember dali know rent late week work club good time time oooh want time life baby time life,189,0.038145494,0.000324886,0.077583629,0.2031160550170981,0.040497358,0.025629925,0.000324886,0.05053637,0.3965691567014621,0.000324886,0.059810572,0.009553715,0.000324886,0.000324886,0.03256995,obscene,0.085714286
37308,alan jackson,he lives,2013,country,serve rise saviour world today know live hand hear voice cheer time need near live live live today walk talk life narrow live live salvation impart know live live heart world love care heart grow weary despair know lead thro blast appear come rejoice rejoice lift voice sing eternal hallelujahs seek help love good kind,55,0.00131579,0.00131579,0.4925240679230414,0.00131579,0.00131579,0.00131579,0.1273456239468429,0.1285133327785979,0.001315789,0.1029499955305292,0.00131579,0.065665132,0.00131579,0.040358853,0.026853521,world/life,0.1
48238,cab calloway,tarzan of harlem,1994,blues,harlem rage blow gage newtype menace blow coffee trademark fill harlemites alarm mean harm load jungle charm tree listen shout wooooooah harlem harlem gals small answer wooooooah harlem harlem instead swing tree swing savoy romance chickadees floyfloyfloy miss kill kiss nights hear roar break door wooooooah miss kill kiss harlem,50,0.002024292,0.4090078768116343,0.002024292,0.002024292,0.002024292,0.002024292,0.1591525187671855,0.002024292,0.002024292,0.344968913,0.002024292,0.002024292,0.002024292,0.002024292,0.056506318,violence,0.3714285714285714
79514,broken bells,holding on for life,2014,rock,girl seat rest weary bone secret safe hand tell bout years hour maybe help understand callin home lovely lonely hold life hold life hold hold life hold life hold light cigarette burn cold wait street try look young miserable gotta kick latin quarter sit lovely lonely hold life hold life hold hold life hold life hold belong time yeah know hide hold life hold life hold hold life hold life hold,71,0.000797448,0.000797448,0.3253172646975565,0.000797448,0.017489305,0.000797448,0.3872936348120883,0.067916092,0.000797448,0.000797448,0.1126993704760747,0.039853818,0.000797448,0.000797448,0.000797448,romantic,0.085714286
21251,marty robbins,looking back,1962,country,lookin life cause strife know know mistake lookin deeds sign wise heed mistake overflowin give nothin return begin tell lesson learn lookin slate turnin hate know know mistake overflowin give nothin return begin tell lesson learn lookin slate turnin hate know know mistake,43,0.001644737,0.001644737,0.3046365396939428,0.001644737,0.001644737,0.001644737,0.001644737,0.4134266306231086,0.2556210398004508,0.001644737,0.001644737,0.001644737,0.001644737,0.001644737,0.001644737,world/life,0.8285714285714286
138,a. m. rajah,gopiparivrito,1954,pop,deal pharmaceuticals sell pills yesterday sister call tell kill respectable doctor hill shoot heart feel thing poor deal pharmaceuticals sell expensive drug give money hell think medicine prescription fill come goodbye sorry die come finish pay come finish pay come finish pay come finish pay deal pharmaceuticals sell pills yesterday sister call tell kill medicine prescription fill come goodbye sorry die come finish pay come finish pay come finish pay come finish pay,73,0.1670886179902593,0.219531207,0.067068311,0.000993049,0.000993049,0.065333417,0.064396613,0.075847965,0.3288172849785105,0.000993049,0.000993049,0.000993049,0.000993049,0.000993049,0.000993049,obscene,0.9428571428571428
69148,protoje,who can you call,2014,reggae,tell tell tell yeah tell tell tell piece silver say value woulda blood like coat coulda like speak spite note pattern develop morality secondary money greed jealousy fell say wonder brothers head hear money make friends money make foes money cause dough end bank close tell tell tell tell tell tell see empires fall wither dust money world lift brilliant ornament crumble rust disregard trust hell know rush feel power hand band shoulder band money come change ones wise know stop get older admit catch game legends naturally roll round city miss jamaica earth platter know matter cause money make friends money make foes money cause dough end bank close tell tell tell tell tell tell think breath sit think bout money house live cars drive bill pay focus energy spend life work act like money hearse leave family friends fight search snake come like deserve like reserve tell money make friends money make foes money cause dough end bank close tell tell tell tell tell tell tell tell tell tell tell tell tell tell tell tell tell tell,179,0.000381388,0.077363288,0.039690276,0.000381388,0.007872511,0.000381388,0.000381388,0.4907492212579504,0.305244851,0.000381388,0.043713252,0.030789941,0.000381388,0.000381388,0.000381388,obscene,0.085714286
17617,kelly clarkson,catch my breath,2012,pop,wanna leave distance friend catch breath lie spend life rid wave play acrobat shadowbox half learn react spend time catch breath let turn cheek sake know life tell suppose right catch breath hold time catch breath simple addict heavy heart weightless cloud make time ones count spend rest time laugh hard windows leave footprints keep karma come spend rest life catch breath let turn cheek sake know life tell suppose right catch breath hold time catch breath simple help beauty catch breath let turn cheek sake know life tell suppose right catch breath let turn cheek sake know life tell suppose right catch breath catch breath hold time catch breath simple simple catch breath let turn cheek sake know life tell suppose right catch breath catch breath hold time catch breath catch breath catch breath simple,136,0.00044603,0.00044603,0.2608621042197657,0.08585515,0.00044603,0.00044603,0.00044603,0.1893452448521514,0.00044603,0.00044603,0.00044603,0.00044603,0.00044603,0.3669970463861422,0.00044603,sadness,0.1142857142857142
20946,hank thompson,breakin' the rules,1960,country,breakin rule time kiss darling wear breakin rule kind game play reckless take chance like call pair fool wrong want darling guess breakin rule,24,0.002770083,0.002770083,0.002770083,0.002770083,0.002770083,0.002770083,0.1758411414869244,0.2837952319893999,0.3776945711322917,0.002770083,0.002770083,0.002770083,0.002770083,0.002770083,0.002770083,obscene,0.8571428571428571
28634,john williamson,mallee boy,1986,country,rip burrow bulloak eradicate rabbit skill bear mallee hard kill selfrespecting farmer let rodent wheat shoot skin dress spread mixo beat mind mallee little dog howl morning train cocky make live inch rain woman provide rare complain smell soil gold cause grow sweetest lamb market sell mind mallee mind mallee lose duck open slickers bring shotguns away shoot life shag swan bloke grow stocky mallee bull come tractor pull paddocks clean seed silos mind mallee rip burrow bulloak eradicate rabbit skill bear mallee hard kill rare quandong tree grandma brothers like mallee fowl hardly mind mallee mind mallee mind mallee,100,0.001169591,0.3979345132235122,0.078461587,0.1601832025916321,0.001169591,0.090675863,0.001169591,0.001169591,0.001169591,0.001169591,0.001169591,0.001169591,0.1067424712544201,0.025318914,0.001169591,violence,0.4857142857142857
69467,audiodub,the city,2015,reggae,mind bitter miss city break mend offend comfort violent halve double frequently trouble thing mind mind angry fitter believe miss city soaken dry time clean line homely distant lonely miss feel reveal feel thing mind mind,36,0.002392345,0.002392345,0.049471264,0.3417380272774033,0.002392345,0.002392345,0.002392345,0.002392345,0.002392345,0.002392345,0.1682759278679369,0.002392345,0.050441367,0.057818413,0.3011545209717296,night/time,0.071428571
72160,elton john,funeral for a friend / love lies bleeding,1973,rock,funeral friend lie bleed roses window tilt house bear grow year say sorry change face lie bleedin hand kill think playin roll guitar couldn hold split band lie bleedin hand wonder change leave scar like burnin hoop pass bluebird telegraph line wind change come girl lie bleedin hand kill think playin roll guitar couldn hold split band lie bleedin hand lie bleedin hand kill think playin roll guitar couldn hold split band lie bleedin hand lie bleedin hand oohhoo oohhoo oohhoo oohhoo oohhoo oohhoo,84,0.000848896,0.3179186808785114,0.000848897,0.000848896,0.000848896,0.000848896,0.105326193,0.2825603575155002,0.000848896,0.2073065781602968,0.000848896,0.000848896,0.000848896,0.000848896,0.000848896,violence,0.6714285714285714
56807,nina simone,nina,1974,jazz,traditional black color true hair face soft wondrous fair purest eye strongest hand grind stand grind stand black color true hair true hair true hair lover know grind go time come black color true hair black color true hair black color true hair,43,0.00131579,0.494063552,0.00131579,0.027071139,0.001315789,0.001315789,0.3183521471417762,0.00131579,0.001315789,0.001315789,0.00131579,0.00131579,0.001315789,0.00131579,0.020122544,violence,0.6571428571428571
82310,blackalicious,blazing arrow,2019,hip hop,amaze phase days hazy ways blaze arrow ray range janeiro craze crave work today look save pave hooray rock crew like razor blades today days away okay okay like laser keep stage ablaze dangerous ways rap phrase pay things phase ageless ways cagey great display game stay awake cause come play behave insane change game remain fade away disc play tape camaro amaze phase days hazy ways blaze arrow verbal dart throw murder kill learn grow learn inferno explode return globe blow seat head zone patrol roll tear soul like blunt alcohol knock toboggan loop doubt flow wanna knock cause real glow cosmic flow suppose suppose know intuition safe surface figure purpose impossible logic disturb think focus grow kind onus know chocolate awkward thoughtless home office early morning coffee ball roll navajos double barrel amaze phase days hazy ways blaze arrow,141,0.000711238,0.000711238,0.3764382411346788,0.000711238,0.000711238,0.000711238,0.000711238,0.000711238,0.4240670641960568,0.028628771,0.000711238,0.040601214,0.000711238,0.081582426,0.000711238,obscene,0.014285714
23262,the allman brothers band,it's not my cross to bear,1969,country,yeah come yeah testify misfortune wonderin live strong cause cross write long letter say sure sunrise baby tomorrow live strong cause cross live strong cause cross baby baby long road reach babe cause gonna load live strong cause cross,39,0.1787725621559477,0.001461988,0.4729207831383129,0.001461989,0.077623648,0.001461988,0.001461988,0.001461988,0.001461988,0.048263674,0.08426462,0.001461988,0.001461988,0.001461988,0.068274379,world/life,0.7285714285714285
32311,sammy kershaw,matches,1997,country,meet break speak restaurant lounge cigarette write number inside matchbook lay start burn heart come guess read sign think leave time today come home hollow door wear book match floor take take dish break trust take advantage heart leave room wall hole scar scratch strength burn memory leave match color fade cover wear stain number heart tonight single cigarette strike help forget everybody break speak think crazy story joke park star smoke take take dish break trust take advantage heart leave room wall hole scar scratch strength burn memory leave match baby leave ash thank leave match,97,0.031634443,0.2543988450260482,0.000683527,0.022388356,0.000683527,0.000683527,0.000683527,0.000683527,0.000683527,0.000683527,0.2609933354953675,0.000683527,0.000683527,0.4210156419009357,0.000683527,sadness,0.3285714285714285
2232,wayne fontana & the mindbenders,the game of love,1964,pop,purpose woman purpose woman come baby start today come baby play game start long garden say baby come baby start today come baby play game come baby cause time right daddy arm hold tight play game purpose woman purpose woman come baby start today come baby play game purpose woman purpose woman come baby start today come baby play game come baby cause time right daddy arm hold tight play game game game game baby game game baby game,79,0.3288093589030729,0.000720981,0.065991908,0.044689966,0.000720981,0.035599932,0.1627305286218045,0.000720981,0.3528055591527465,0.000720981,0.000720981,0.000720981,0.000720981,0.000720981,0.000720981,obscene,0.8
25933,willie nelson,i'm a memory,1978,country,game play plan burn mind close eye memory buy song voice green telephone last long close eye memory dream come night face fade light tear fall sight close eye memory,30,0.001754386,0.001754386,0.001754386,0.080521631,0.001754386,0.001754386,0.001754386,0.001754386,0.001754386,0.1987308039797862,0.001754386,0.3680535565800782,0.001754386,0.3263782176525746,0.001754386,sadness,0.6
4046,bob dylan,let it be me,1970,pop,bless want arm heaven cling forever time meet complete sweet life leave lonely tell,14,0.004048583,0.004048583,0.4080809197226905,0.004048584,0.004048583,0.004048583,0.4300238869145175,0.004048584,0.004048583,0.004048583,0.004048583,0.004048583,0.004048584,0.004048584,0.004048583,romantic,0.7142857142857143
60257,tony bennett,let the good times roll (with b.b. king),2001,jazz,fateful moonlit night forever haunt dream hang like dead woods stand witch house unholy hovel damn lock break easily wicked crone soon grasp turn night witch spell cast sorcery black goat thousand young utter incantations fall forsake rites conjure accurse gateways foul realms unworldly origin pray attic bow altar goat freeze fear mortal eye panic stricken scream escape throat symbols wall come alive hideous laughter fill room reality crumble away beneath feet swirl vortexes chaos consume nightmares lose dreamscape madness disembody eye follow tenebrous labyrinth sorcery black goat thousand young utter incantations fall forsake rites conjure accurse gateways foul realms unworldly origin awaken cell asylum tale madden believe burn palm black horn curse symbol unworldly origin,116,0.00122399,0.5846544420551957,0.026937272,0.00122399,0.00122399,0.00122399,0.00122399,0.00122399,0.00122399,0.00122399,0.00122399,0.2015684954675408,0.050693322,0.077960061,0.00122399,violence,0.2714285714285714
16458,rihanna,disturbia,2008,pop,bedum bedum wrong bedum bedum feel like bedum bedum goin crazy bedum bedum start nothin hear nothin say speak life head wanna think feel like goin insane yeah thief night come grab creep inside consume disease mind control close comfort brake light city wonder play nice watch better think twice train think alter falter wise mind disturbia like darkness light disturbia scarin tonight mind disturbia like disturbia disturbia bedum bedum bedum bedum bedum bedum bedum bedum fade picture wall like talkin disconnect call phone ring gotta figure shit close comfort thief night come grab creep inside consume disease mind control feel like monster brake light city wonder play nice watch better think twice train think alter falter wise mind disturbia like darkness light disturbia scarin tonight mind disturbia like disturbia disturbia bedum bedum bedum bedum bedum bedum bedum bedum disturbia release curse tryin maintain strugglin think gonna brake light city wonder play nice watch better think twice train think alter falter wise mind disturbia like darkness light disturbia scarin tonight mind disturbia like disturbia disturbia bedum bedum bedum bedum bedum bedum bedum bedum,183,0.000501253,0.000501253,0.000501253,0.1385328401878459,0.010208526,0.000501253,0.000501253,0.1489238670140796,0.3160774894463515,0.000501253,0.000501253,0.1794538325292939,0.000501253,0.000501253,0.000501253,obscene,0.1714285714285714
10834,bad religion,god song,1990,pop,feet ancient time tread america pasture green anthropocentric wane thoughts beliefs unseen think lay vie trade life bless soul tell think cleanse mind sepsis autonomy escape scrutiny regale depravity religion synthetic frippery unnecessary expand global culture efficiency fear impasse build future near austere,43,0.002923977,0.3570136968222187,0.3391541880232723,0.002923977,0.002923977,0.002923977,0.002923977,0.1811479421058924,0.002923977,0.002923977,0.002923977,0.078824523,0.002923977,0.002923977,0.002923977,violence,0.4285714285714285
53699,royal blood,i only lie when i love you,2017,blues,crawl grind sound ahead muck conscience twist pull hair shout insist good like crawl grind sound crawl grind sound ahead pull plug break finger sticky trigger chest wish know diagnose disease suspicion sleeve truth tell fuss crawl grind sound crawl grind sound,42,0.001697793,0.8424383585395128,0.001697793,0.001697793,0.001697793,0.001697793,0.001697793,0.09527821,0.001697793,0.001697793,0.001697793,0.001697793,0.001697793,0.001697793,0.035118745,violence,0.042857143
15273,coldplay,the hardest part,2005,pop,hardest let take hardest strangest thing wait ring strangest start feel bittersweet taste mouth silver line cloud wish work hardest let take break heart try sing couldn think hardest feel leave sweetest taste mouth silver line cloud wonder wonder know wrong come undo tear apart hardest hardest yeah hardest hardest,50,0.001385042,0.1322436310364063,0.001385042,0.074629544,0.028109546,0.024366485,0.001385042,0.162526968,0.001385042,0.061057206,0.001385042,0.1296517753607056,0.001385042,0.3721793875043794,0.001385042,sadness,0.2142857142857142
15580,incubus,love hurts,2006,pop,tonight drink youth hold fast truth wanna lose heart beat feat common cold wonder spell keep see real thing hurt good hurt feel like alive sing transcend things heart cause survive fetter abuse stand naked accuse surface oneman submarine want truth tonight drink youth lose wonder spell keep see real thing hurt good hurt feel like alive sing transcend things heart cause survive survive hurt good hurt feel like alive sing transcend things heart cause survive hurt hurt survive hurt hurt survive,82,0.000785546,0.1935716719764414,0.000785546,0.034013987,0.000785546,0.000785546,0.000785546,0.1964676968714911,0.000785546,0.050476107,0.046308702,0.000785546,0.000785546,0.3170651892180782,0.1268785308719864,sadness,0.2
22054,hank locklin,i don't hurt anymore,1965,country,hurt anymore teardrops dry walk floor burn inside think time open door free hurt anymore want say mind believe true forget care wonderful hurt anymore,25,0.00228833,0.00228833,0.00228833,0.00228833,0.00228833,0.00228833,0.00228833,0.4912046987599912,0.00228833,0.00228833,0.00228833,0.00228833,0.046723894,0.4254581331964396,0.00228833,sadness,0.7857142857142857
39834,cannonball adderley,willow weep for me,1955,blues,think wear hair love love reason mislead despite things say wear hair love love reason occur smile face ways mislead despite things say wear hair love love reason know depths heart darling mmmmmmm,33,0.001949318,0.001949318,0.001949318,0.001949318,0.001949318,0.001949318,0.3490444633288632,0.3540420310252954,0.001949318,0.001949318,0.001949318,0.001949318,0.001949318,0.001949318,0.001949318,romantic,0.9285714285714286
1317,dee clark,nobody but you,1961,pop,want treat doooo want hold hand tell lovin want ohoohoohooh oohooh long capture heart want awant want ohoohoohooh oohooh come arm tell share charm care gonna want nono hooooohoo hoohoohoo fade falsetto oooh girl looooove youooo weeooo,37,0.1392738808865324,0.002392345,0.002392345,0.002392345,0.002392344,0.002392345,0.303006745,0.002392345,0.002392345,0.002392345,0.002392345,0.002392345,0.002392345,0.071362622,0.002392345,romantic,0.8428571428571429
47273,the cramps,i can't hardly stand it,1989,blues,go uptown runnin hardly stand troublin hardly stand know babe trough settin free usedtobe hardly stand troublin hardly stand know babe spirit miss stand watch hardly stand troublin hardly stand know babe go moan hardly stand troublin hardly stand know babe baby baby,43,0.3278952422752066,0.3500093259561905,0.001949318,0.001949318,0.001949318,0.001949318,0.001949318,0.1024632339947062,0.001949318,0.001949318,0.001949318,0.001949318,0.079737204,0.001949318,0.1126045448796321,violence,0.4428571428571428
21266,conway twitty,the next kiss (is the last goodbye),1962,country,time goodbye know say hate hurt anymore see tear kiss goodbye half worse havin nothin need darlin kiss goodbye hold hand whisper word tenderly know break heart time goodbye wish luck somebody know say forget tell kiss goodbye kiss baby goodbye kiss mean goodbye,44,0.030423216,0.001253133,0.001253133,0.001253133,0.001253133,0.001253133,0.4309906662452298,0.3379187743183009,0.032164593,0.001253133,0.001253133,0.001253133,0.001253133,0.1033600266126299,0.048851997,romantic,0.8285714285714286
41425,fats domino,your cheatin' heart,1963,blues,cheat heart weep sleep sleep come night cheat heart tell tear come like fall rain toss walk floor cheat heart tell tear come like fall rain toss walk floor cheat heart tell,32,0.1563064852148064,0.002024292,0.002024292,0.1006134473545209,0.002024291,0.002024292,0.002024292,0.073105357,0.002024292,0.002024292,0.002024292,0.002024292,0.002024292,0.5070195698514761,0.002024292,sadness,0.8142857142857143
70883,elvis presley,i feel so bad,1963,rock,feel like ball game rainy feel like ball game rainy rain check shake head walk away oooopeople feel oooopeople feel think want think want stay want leave want stay train fare pack grip ride away oooopeople feel oooopeople feel think want think,42,0.001503759,0.001503759,0.001503759,0.001503759,0.001503759,0.001503759,0.001503759,0.065761258,0.3326582466244752,0.001503759,0.00150376,0.001503759,0.00150376,0.2184358335109262,0.1576352676699765,obscene,0.8142857142857143
56701,chick corea,you're everything,1973,jazz,life right sing time go float like song bird sing days know life game dance time go float like song sing,21,0.002392345,0.002392345,0.2163722051564008,0.1202179294976837,0.002392345,0.002392345,0.002392345,0.002392345,0.002392345,0.3160650471031944,0.002392345,0.1649048875387847,0.002392345,0.002392345,0.067203359,music,0.6714285714285714
31508,reba mcentire,why haven't i heard from you,1994,country,name invent contraption know everybody home crazy little thing telephone corner briefcase plane tell hear tell hear darling excuse hear problem get baby dial direct forward wait collect service tell phone work fine come conclusion trouble line sure operator dial zero assistance confuse tell hear tell hear darling excuse hear better flood landslide burn wire thunder loud black funnel cloud natural disaster know tell hear tell hear darling excuse hear tell hear tell hear darling excuse hear,77,0.039422754,0.036592215,0.001012146,0.045339521,0.020485909,0.052804271,0.081748661,0.3501424119447957,0.001012146,0.3114755093146786,0.001012146,0.051867291,0.001012146,0.001012146,0.001012146,music,0.3714285714285714
7020,patti smith,rock n roll nigger,1978,pop,baby black sheep baby whore baby baby bigger baby baby baby baby baby rockandroll nigga look rid copper wave like world ready behave outside society waitin outside society want baby black sheep baby whore know gonna bigger baby hand finger trigger baby baby baby rockandroll nigga outside society want outside society waitin suffer understand suffer extend hand bring harm make fertile bless grass true light lose valley pleasure lose infinite lose measure measure spew heart lose cost cost matter lose cost outside society jimi hendrix nigga grandma pollock nigga nigga nigga nigga nigga nigga nigga nigga outside society waitin outside society look outside society waitin outside society,107,0.2517667722752819,0.1259713995520861,0.00075188,0.00075188,0.00075188,0.00075188,0.00075188,0.00075188,0.3198111313668555,0.00075188,0.00075188,0.059941349,0.00075188,0.020079944,0.00075188,obscene,0.6
48281,keb' mo',peace of mind,1994,blues,learn hammer nail mankind coffin learn hammer nail mankind coffin welfare world lie edge face knees build define confine boldful mirages wents drain matter head diversity dead ancient desire crown creation enslave salvation boldful mirages wents drain matter head diversity dead crown deity pinch experience pack theory exploitation climate change shelter nave grave learn hammer nail mankind coffin learn hammer nail mankind coffin,63,0.002506266,0.5018257534674584,0.4028031861172298,0.002506266,0.002506266,0.002506266,0.002506266,0.002506266,0.002506266,0.002506266,0.055270809,0.002506266,0.002506266,0.002506266,0.002506266,violence,0.3714285714285714
4823,wishbone ash,warrior,1972,pop,leave search leave know years hasn teach know valley gather helpless surrender tomorrow plow sword stronger danger time pass away time guard secret return fight warrior slave couldn soldier conqueror fight free repeat time,34,0.002506266,0.002506266,0.4014073459664788,0.1899452440184587,0.002506266,0.002506266,0.002506266,0.1789023524797425,0.002506266,0.002506266,0.002506266,0.002506266,0.075878019,0.1187793186977582,0.002506266,world/life,0.6857142857142857
284,t. m. soundararajan,chinna kelbyaadve nanna ppuraana,1956,pop,lullaby birdland hear sigh wordland word reveal phrase feel hear turtle doves kind magic music lips kiss weepy know pillow tell farewell goodbye lullaby birdland whisper kiss sweet fly high birdland high lullaby lullaby hear turtle doves kind magic music lips kiss weepy know pillow tell farewell goodbye lullaby birdland whisper kiss sweet fly high birdland high,57,0.001503759,0.001503759,0.001503759,0.001503759,0.001503759,0.001503759,0.423573024,0.1117301340742206,0.001503759,0.1700827217703149,0.001503759,0.2720577281654081,0.001503759,0.001503759,0.00150376,romantic,0.9142857142857144
55454,sammy davis jr.,falling in love with love,1962,jazz,slip fell tell wait corner immune perfume catch eye room fall fall fall fall fall fall fall fall fall fall fall light eye tell right magic touch hold tonight right ashamed morning shin light face fall fall fall fall fall fall fall fall fall fall fall fall fall fall fall stop think live tell babe tell wrong fool predictions wise superstitions catch intuition fall fall fall fall fall fall slip fell tell wait corner immune perfume catch smile room fall fall fall fall fall fall fall fall fall fall fall fall baby fall fall fall fall fall fall fall fall baby fall fall fall fall,105,0.038494414,0.000542594,0.011222828,0.045985191,0.000542594,0.000542594,0.000542594,0.040368075,0.000542594,0.000542594,0.000542594,0.077642196,0.000542594,0.768630661,0.000542594,sadness,0.8285714285714286
21341,johnny cash,i forgot more than you'll ever know,1962,country,think know smile lips thrill touch fingertips forget know think heaven caress tender kiss forget know steal care hurt steal away memories think hold someday learn grow cold forget know steal,31,0.001814882,0.001814882,0.001814882,0.001814882,0.001814882,0.001814882,0.2839793297581173,0.3266436084232059,0.001814882,0.001814882,0.001814882,0.001814882,0.001814882,0.360338949,0.001814882,sadness,0.8285714285714286
65851,the skatalites,two for one,1996,reggae,whoo green wisconsin destroy give twoweek notice longtime employer schreiber foods incorporate nearly suffocate tribe skull sharpie fine point marker army green parka drive vespa motor scooter overnight right valley lake motor scooter rally check chateau live life begin move forward rally romp moonstomp run skankin rankin stop force step come apologies regret shame remorse play bass pietasters little chase scalawags scally suit inequity repute drink pint guinness stout away matte black dear beat trojan blue beat tone skatalites gun navarone chateau live life begin move forward rally romp moonstomp run skankin rankin stop force step come move forward rally romp moonstomp run skankin rankin stop force step come apologies regret shame remorse green wisconsin destroy live life begin green wisconsin destroy apologies regret remorse,125,0.001074114,0.001074114,0.381252117,0.001074114,0.001074114,0.001074114,0.018991733,0.001074114,0.001074114,0.031513451,0.342300123,0.001074114,0.001074114,0.001074114,0.001074114,world/life,0.3428571428571428
14889,dashboard confessional,hands down,2003,pop,breathe luck breathe deep bless share night wild calm dull hearts race self control legs smooth graze fine hop high kiss kill kill heart burst break bury wear jewelry lyric commercial,31,0.002192982,0.3070350753638217,0.002192983,0.058729224,0.002192982,0.002192982,0.074845985,0.002192982,0.002192983,0.002192982,0.1657308720348795,0.002192983,0.052814865,0.196249849,0.002192983,violence,0.2428571428571428
4200,brian hyland,gypsy woman,1970,pop,caravan campfire light lovely woman motion hair dark night eye like dark hypnotize woman woman dance round guitar face aglow enchant hold near kiss forever whisper woman woman caravan dance wait rise have hate lady know know woman woman woman woman woman,42,0.036095512,0.001461989,0.001461988,0.001461988,0.001461988,0.001461988,0.5263688562384065,0.001461988,0.001461988,0.031412696,0.001461988,0.3560504151995733,0.001461988,0.001461988,0.001461988,romantic,0.7142857142857143
28041,blackfoot,summer days,1984,country,summer days rmedlockespires summertime everybody winter come go baby moon crazy summer days stop market peach taste good forget goin crazy summer days lazy summer days north sailin doin fine south holdin memories lazy summer days feel good think singin time come go yeah wish forever crazy summer days lazy summer days crazy summer days lazy summer days need crazy summer days lazy summer days,65,0.064536349,0.000993049,0.2349928226506052,0.000993049,0.051989007,0.000993049,0.000993049,0.000993049,0.06059064,0.3192850572427527,0.021808362,0.024767647,0.000993049,0.000993049,0.09367608,music,0.5142857142857142
32083,eddy arnold,it's a sin,1996,country,darling know silence prove forget dream build tumble promise break like heart darling apart hide heartache believe miss people know sure share couldn pretend live deep inside know,28,0.001949318,0.001949318,0.2549337144641005,0.001949318,0.001949318,0.001949318,0.1247502804250387,0.2405616312011636,0.001949318,0.001949318,0.001949318,0.001949318,0.001949318,0.3505146064789939,0.001949318,sadness,0.3428571428571428
47878,roy buchanan,the story of isaac,1992,blues,door open slowly father come years stand tall blue eye shin voice cold say vision know strong holy tell start mountain run walk burn gold tree smaller lake lady mirror stop drink wine throw bottle break minute later hand think eagle vulture decide father build altar look shoulder guess know hide build altars sacrifice children anymore scheme vision tempt demon stand hatchets blunt bloody mountain father hand tremble beauty mean beauty word brother forgive inquire accord plan come dust kill help come dust help kill uniform peace peacock spread deadly,90,0.000762777,0.3082672725497858,0.000762777,0.000762777,0.000762777,0.000762777,0.000762777,0.1741553654551756,0.000762777,0.000762777,0.2355319535288944,0.1508580012209641,0.1205085354863057,0.000762777,0.000762777,violence,0.4
44146,nazareth,rose in the heather,1975,blues,instrumental copyright nazareth publish bienstock publish right reserve copyright record,10,0.01754386,0.01754386,0.01754386,0.350877192,0.01754386,0.01754386,0.01754386,0.01754386,0.017543862,0.3508771907931909,0.01754386,0.01754386,0.01754386,0.01754386,0.01754386,night/time,0.6428571428571429
75869,nirvana,aero zeppelin,1992,rock,season right reason rhyme plan mean mean crime mean line brand brand culture come plan yesterday swear trend matter talk friends everyday shit stage fan fan fan fan kid package properly steal sound imitate format equally facts world nowadays idea lack matter anyways kid package properly steal sound imitate format equally facts world nowadays idea lack matter anyways,58,0.001754386,0.001754386,0.3614703148139226,0.001754386,0.001754386,0.001754386,0.001754386,0.001754386,0.6087051225177363,0.001754386,0.001754386,0.001754386,0.001754386,0.001754386,0.001754386,obscene,0.4
56774,stanley clarke,power,1974,jazz,fighter gentle sort power talk play game cause life passion hero hero strength smile clear confidence body cause fear hero suffer pain complain eye firmly goal work body bold yeah hero hero hero suffer pain complain eye firmly goal work body bold yeah hero hero hero somebody hero hero yeah yeah hero hero hero hero yeah yeah hero somebody hero oooh yeah hero exercise compromise hero sweat push pull jump groove hero sweat disconnect aerobicise pain gain hero owww hero hero,81,0.001503759,0.316888466,0.00150376,0.001503759,0.2239265323668463,0.049047481,0.001503759,0.001503759,0.1316899233579926,0.001503759,0.001503759,0.001503759,0.001503759,0.1121095384696013,0.061449406,violence,0.6571428571428571
16023,britt nicole,when she cries,2007,pop,little girl terrify leave room bruise heal home place hide heart break pain feel fight hurt break hide try pray wonder hear cry today turn sixteen sing smile past length like alright pull long sleeves cover memories scar leave say maybe make bleed answer slate clean fight hurt break hide try pray wonder hear cry dark peace afraid afraid cause season change watch hear fight hurt break hide try pray wonder hear cry everyday fight hurt break hide try pray fine cause know hear cry fine cause know hear cry,90,0.000626566,0.154428416,0.000626566,0.000626566,0.000626566,0.024558116,0.000626566,0.1266197349783503,0.000626566,0.086426338,0.000626566,0.000626566,0.015118745,0.5038662418454137,0.000626566,sadness,0.1857142857142857
29954,waylon jennings,too close to call,1990,country,battle demons soul like soldier unafraid stand straight tall strong convictions fight think right wrong wonder stand judgement close face cunning ennemy call time awhile hold cold draw ride away say place cause erase write wall close wrestle deepest fear life capture shadow wall brave morning come footsteps remind close watch mind dance close edge stand crowd fall cling sanity stagger fine like walk wonder close,66,0.001074114,0.4158313071831555,0.001074114,0.1256711358100928,0.001074114,0.001074114,0.001074114,0.001074114,0.001074114,0.001074114,0.070304593,0.1399891958567543,0.001074114,0.2331661738196785,0.001074114,violence,0.4285714285714285
16915,best coast,when i'm with you,2010,pop,world lazy crazy yeah world lazy crazy yeah little girl mama tell boys like yeah hate sleep hate sleep hate sleep hate sleep,23,0.002392345,0.3872980631456851,0.002392345,0.002392345,0.1395592104849179,0.1007353647440165,0.002392345,0.002392345,0.002392345,0.002392345,0.002392345,0.002392345,0.002392345,0.002392345,0.002392344,violence,0.1428571428571428
46926,jethro tull,jump start,1987,blues,dark city backwoods stir slip away order darkest knightsbridge crime punishment play policeman come hook power line jump start away bruise machinery smoke haze industry ball chain time home come hook power line jump start away blame officer maybe blame priest blame poor foot soldier leave ripper come hook power line jump start away blame newsman talk satellite fight shipyards blame weatherman come hook power line jump start away,69,0.072802959,0.001144165,0.001144165,0.1010173832911195,0.001144165,0.001144165,0.001144165,0.001144165,0.001144165,0.001144165,0.2521202262125635,0.001144165,0.074823481,0.3752247834690965,0.001144165,sadness,0.4714285714285714
11498,babes in toyland ,bruise violet,1992,pop,thing make catch thing follow fuck bitch insides liar liar liar star eye lie stories twist thing follow bear glue instead spine liar liar liar tie thing follow thing make catch bruise bruise bruise thing follow thing make catch liar liar liar,42,0.001949318,0.3484333575368345,0.001949318,0.001949318,0.001949318,0.001949318,0.001949318,0.4252688543665061,0.1304866215320775,0.001949318,0.001949318,0.0665714,0.001949318,0.001949318,0.001949318,violence,0.4
13745,third eye blind,deep inside of you,1999,pop,light shed thoughts free flow say deep inside wind chime voice sound sway hips round ring true go deep inside secret garden beam change life fall breeze blow outside break stride thoughts warm deep inside felt friends change listen cause live deep inside slide dress shout darkness alive deep inside say girl feel good deep inside felt right know know come change walk people sorry sorry want want cause want crush feel like crush true take grant breathe look look right break know break know break know go withdraw strong like deep inside burn candle stare ghost deep inside great need start bleed lose leave go deep inside deep inside deep inside,112,0.000526316,0.1294710006083034,0.056274543,0.000526316,0.000526316,0.000526316,0.000526316,0.17437547,0.000526316,0.023010448,0.000526316,0.09724306,0.031304024,0.3491365432231618,0.057265047,sadness,0.3
67340,shaggy,repent,2005,reggae,hear repent know real time know check state world live cryin shame forgive leadership fail begin motivate personal gain forgive temper flare wear finger pointin blame repent cause step away real disaster think boss master life faster need slow pray forgive step away real disaster think boss master life faster need slow pray fightin create cryin peace inflict pain forgive decide fate claim power forgive word action speak hate like mankind go insane repent know stick path leave defend know instead find cure look mean prevent know talk lord need special event repent repent forgive,95,0.000848896,0.1600551950484068,0.3359882710025755,0.000848896,0.000848897,0.020455158,0.000848896,0.291031106,0.048278816,0.000848896,0.000848896,0.000848896,0.000848897,0.054078126,0.047420185,world/life,0.2142857142857142
58149,brenda russell,two eyes,1983,jazz,time time time mind lovin care care care long dream come true leave world kiss time time breathless reach cross midnight know longer restless know let time time time mind lovin leave world kiss time time eye strangeness know see know totally painless help want want time time mind lovin,50,0.099450157,0.001144165,0.1258207755844622,0.3967500186322869,0.001144165,0.001144165,0.072912574,0.195175346,0.001144165,0.001144165,0.001144165,0.054684903,0.001144165,0.001144165,0.001144165,night/time,0.5285714285714286
61877,tesseract,deception,2011,jazz,demons time come entwine refine encounter ignite mind desire fall place rush fear take suddenly succumb impatience surrender demons time come swear limit landscape swear tide swallow denial,28,0.1490053978480043,0.003759399,0.003759399,0.2441408615284055,0.003759398,0.003759399,0.003759399,0.003759399,0.003759399,0.003759399,0.003759399,0.003759399,0.003759399,0.4963289332314308,0.003759399,sadness,0.1285714285714285
56375,minnie riperton,only when i'm dreaming,1970,jazz,stepney barnes bird sing tune songs refrain nest purple tree rhyme dream mean dream hour glass run time yesterday pass dream mean dream deeper arm arm arm bird tune songs sweet refrain,32,0.002024292,0.002024292,0.2264918898187264,0.002024292,0.002024292,0.002024291,0.2461757719993489,0.002024292,0.002024292,0.4078000085715869,0.053754987,0.002024292,0.002024292,0.002024292,0.002024291,music,0.7142857142857143
76213,soundgarden,4th of july,1994,rock,shower dark clean spark drive cool waterway baptize drown naked cold breathe life like think cause hear wind think think july pale flare light scar light crack disappear lead scorch ones care spread want speak hole try crack smile beneath shovel load hear wind think think july hear wind think think july july july control fall asleep stand remember sweet light candle hold hand cause hear wind think think july hear wind think think july yeahhhhhh,76,0.000907441,0.3698157583982912,0.000907441,0.000907441,0.000907441,0.000907441,0.03676065,0.3763296385761088,0.000907441,0.000907441,0.000907441,0.2034823373709535,0.000907441,0.000907441,0.000907441,violence,0.3714285714285714
46137,lyres,the way i feel about you,1984,blues,know attract excite know secretly feel keep keel near like lure be pure cure realize universe know bless curse want eye know secretly push shove meet heart feel near presence dear send reel need open door come sign know entwine begin know feel explain inside burst open wide try restrain wine come heartmug chug slowly send dart go straight heart start song know attract excite,65,0.001196172,0.001196172,0.001196172,0.001196172,0.001196172,0.001196172,0.098099799,0.2594779358535304,0.001196172,0.040449324,0.001196172,0.001196172,0.1058358924668688,0.3817865678869137,0.067693337,sadness,0.5142857142857142
20309,lefty frizzell,"she's gone, gone, gone",1950,country,say deceive go count guess believe cause look trouble go go go go go go cry bring faster train fly farther track lose right lose heaven warn leave leave tear grind know crawl hand knees tick clock reminder second farther,40,0.001503759,0.334008684,0.00150376,0.053306194,0.001503759,0.001503759,0.001503759,0.1961589448431459,0.001503759,0.001503759,0.00150376,0.00150376,0.039187679,0.1136627945508543,0.1960657991603197,violence,1.0
49564,the dirtbombs,if you can want,2001,blues,party stand cause nervous body yearn free floor somebody choose standin upside wall baby havin ball long groovin theres somebody watchin wanna romance body baby dance night groovin feel right havin party invite friends stop baby party night long slip erotic zone hear turn shake bump want babe groovy party baby dancin face face everybody screamin groovy place young ladies fine movin body leave doubt know thinkin baby want turn think gonna dancin dancin look good yeah dancin sugar dancin gotta dancin,82,0.1345935345040368,0.093787122,0.000892061,0.1141128428976823,0.027916826,0.000892061,0.000892061,0.000892061,0.3165844840636591,0.000892061,0.000892061,0.087806212,0.047519064,0.000892061,0.067233094,obscene,0.2714285714285714
21606,jim reeves,i love you because,1963,country,understand dear single thing lend help hand dear matter world know doubt cause heart lighter time walk future brighter door happiness open wide matter world know thousand reason cause,29,0.001949318,0.001949318,0.4217602286791512,0.001949318,0.001949318,0.001949318,0.1227126841006336,0.2942548572877007,0.001949318,0.001949318,0.001949318,0.001949318,0.001949318,0.1320324631418988,0.001949318,world/life,0.8142857142857143
63059,john surman,autumn nocturne,2018,jazz,girl tap toe nervous cry hallelujah wipe tear sleeve coat dry eye spill cola give frown turn girl need superhero walk pull real close break heart thing girl need superhero like hand smoky window say save burn build like corner darken helpless world villains tire run away come save girl need superhero walk pull real close break heart thing girl need superhero girl need superhero girl need superhero step step step girl need superhero walk pull real close break heart thing girl need superhero girl need superhero walk pull real close break heart thing girl need superhero girl need superhero everybody need superhero world need superhero,106,0.000666223,0.1376922318933549,0.000666223,0.000666223,0.1938732671747384,0.000666223,0.000666223,0.000666223,0.000666223,0.000666223,0.000666223,0.000666223,0.000666223,0.3413786268807953,0.057149131,sadness,0.028571429
80749,three days grace,right left wrong,2018,rock,wanna away away away wanna disappear away come undo time come time come leave right leave right leave wrong know go move move move think lyric commercial,27,0.1213475210008627,0.001949318,0.001949318,0.2154319319158121,0.001949318,0.001949318,0.001949318,0.001949318,0.001949318,0.001949318,0.001949318,0.001949318,0.001949318,0.375037824,0.001949318,sadness,0.028571429
26662,ricky skaggs,you've got a lover,1980,country,club close hours streets empty lovers sleep dream lover like understand like acres acres heartbroken lovers know ones like dream hard remember lover like understand like club close know hop time hold pull collar walk night look answer lover like understand like,42,0.001385042,0.001385042,0.1899112862958827,0.081014347,0.001385042,0.001385042,0.314376293,0.001385042,0.1547623842970574,0.001385042,0.001385042,0.001385042,0.001385042,0.001385042,0.001385042,romantic,0.5714285714285714
72920,styx,queen of spades,1978,rock,night sweet warm embrace safe scent safe gold lace mornings leave cold aware escape find luck lady smile cold stone bring things things know cast final laugh lock duel come fool beware queen spade black widow curse beware regret mean death night turn card time free know beware queen spade black widow curse beware regret mean death beware queen spade black widow curse beware regret mean death,67,0.035734777,0.4893653482610369,0.001196172,0.067935975,0.001196172,0.001196172,0.057357068,0.2523850659973851,0.001196172,0.001196172,0.001196172,0.001196172,0.025327486,0.001196172,0.001196173,violence,0.6
3105,burt bacharach,what the world needs now is love,1967,pop,world need sweet thing little world need sweet world need sweet thing little world need sweet lord need mountain mountains hillsides climb oceans rivers cross time world need sweet world need sweet thing little world need sweet,37,0.001547988,0.001547988,0.3076660744538056,0.001547988,0.2285919714626932,0.1702646857971617,0.2210768001079855,0.001547988,0.001547988,0.001547988,0.001547988,0.050728641,0.001547988,0.001547988,0.001547988,world/life,0.7571428571428571
60319,morcheeba,aqualung,2002,jazz,battle cry swift retreat paradise come cheap square fight like dynamite flight young get deep aqualung strong work go wrong buttercup think miss turn think learn gelignite set truth alight flight young get deep aqualung time long come square fight like dynamite flight young get deep aqualung strong work go wrong light years go burn atmosphere clear come swing chandelier,60,0.00131579,0.3712598615794217,0.00131579,0.067050753,0.001315789,0.060872983,0.001315789,0.1373493823513506,0.00131579,0.00131579,0.00131579,0.085971978,0.092649187,0.00131579,0.1690563801639231,violence,0.2571428571428571
38692,brett eldredge,castaway,2017,country,try fell straight ocean ride wave shore stay awhile till tire lonely away castaway bear guess lose smart trade wing heart promise wind look moon remind need away castaway bear guess lose naive think door wait away castaway bear guess lose,41,0.001503759,0.001503759,0.001503759,0.00150376,0.00150376,0.001503759,0.001503759,0.073096267,0.001503759,0.001503759,0.00150376,0.1507751930888234,0.091990833,0.5738824805340992,0.001503759,sadness,0.042857143
47155,dave van ronk,samson and delilah,1989,blues,read read birth strongest walk earth wasawalkin look grind jawbone raise bone know head tenthousand dead wicked world tear build attack climb read kill paw hand jaw ride beast kill dead be head wicked world tear build woman fine fair lovely look know coal black hair come mind woman philistines climb knee say tell strength lie talk fine know talk fair say shave hair shave hair clean hand strength natural wicked world tear build wicked world tear build,78,0.000923361,0.5552497624928964,0.000923361,0.000923361,0.000923361,0.000923361,0.073552295,0.1137840051822891,0.000923361,0.000923361,0.046563439,0.000923361,0.000923361,0.000923361,0.000923361,violence,0.4428571428571428
64355,yellowman,soldier take over,1982,reggae,chop like lumberjack gate plate table move flake yeah fiends start hit shit paranoid convoy crib nigga sick fuck money razor clack jacket little scale baggies mean ratchet start bag away fiends come take shirt murk thataway want like seventeen shit golden daddy play little soldier better beam start blaze place coke skin eye burn wipe face shit good right best little dominican bless price wrestle key like joint fourteen flood dim niggas joint suge knight build wake blood leave thumb bag start start case crib bassing eighty gram kick playstation niggas lie hundreds start roll line shit shake dimensional cap want sick like invincible pack stuff residuals digdug facts bug play nigga process destine flashback culture mexican slick politician sell jail nigga fall stash shit mailboxes real niggas relax choose real word hand word pour juice word come real real yellowback muthafucking,143,0.000692521,0.1584012483355339,0.000692521,0.000692521,0.014196333,0.055311081,0.000692521,0.000692521,0.6358594445685198,0.000692521,0.000692521,0.034339412,0.000692521,0.069943497,0.000692521,obscene,0.5428571428571428
33895,daryle singletary,a-11,2002,country,home cold ash go bottle clock strike darlin favorite place know wrong meet go home cold ash go home cold ash go lips warm tender arm hold right sweet word remember home forget time time hang cold ash go home cold ash go,43,0.001385042,0.001385042,0.001385042,0.1211894179450338,0.001385042,0.001385042,0.213604431,0.001385042,0.001385042,0.3997695262585499,0.1068521510698221,0.001385042,0.001385042,0.001385042,0.1391938914052632,music,0.2571428571428571
66752,cultura profética,pal’ río tanamá,2002,reggae,skulls billion skulls fill lungs wrong kind drug baby billion skulls dumb blood forget skulls damn draw line bring fee skull leave believe want right wrong close eye fade shut mouth skull beautiful go skulls billion skulls fill lungs wrong kind drug baby billion skulls dumb blood forget damn cross line start fight better hide wanna hurt pride chemicals nice dull need think know close mind walk away shut mouth skull beautiful go skulls billion skulls fill lungs wrong kind drug baby billion skulls dumb blood forget look billion zombies march close eye fade shut mouth skull beautiful go skulls billion skulls fill lungs wrong kind drug baby billion skulls dumb blood forget,113,0.06414751,0.3543353422073309,0.000730994,0.000730994,0.000730994,0.000730994,0.000730994,0.2363512055970719,0.000730994,0.000730994,0.000730994,0.000730994,0.000730994,0.1763266221550187,0.035182046,violence,0.2571428571428571
18738,g-eazy,you got me,2015,pop,come gang walk fuck mean need mean bitch fuck owner come talkin shit tryna start better bottle ready bitch fuck bitch fuck bitch fuck spillin drink retros chill chill makin mess look scuff tell like bitch fuck blow shit tryna fuck shit high dealer drug bullshit bitch fuck fuck bottle actin like serato fuckin eazy bitch fuck walk bitch fuck bitch fuck come gang walk fuck mean need mean bitch fuck owner come talkin shit tryna start better bottle ready bitch fuck bitch fuck bitch fuck doin people decide viewin know wouldn shit bitch fuck keep actin like tryna fuck take home fuck mean time month gotta fuckin kiddin bitch fuck doin rari tryna drive cop pull drink high fuck fuck bitch fuck bitch fuck bitch fuck come gang walk fuck mean need mean bitch fuck owner come talkin shit tryna start better bottle ready bitch fuck bitch fuck bitch fuck fuck fuck bitch fuck bitch fuck fuck fuck bitch fuck bitch fuck come gang walk fuck mean need mean bitch fuck owner come talkin shit tryna start better bottle ready bitch fuck bitch fuck bitch fuck,187,0.000322893,0.000322893,0.000322893,0.000322893,0.000322893,0.000322893,0.000322893,0.000322893,0.9189268756446426,0.000322893,0.075583941,0.000322893,0.000322893,0.000322893,0.000322893,obscene,0.071428571
69818,dispatch,ghost town,2017,reggae,hard time wag go age factory wall crumble coin miss fountain brick pine hew tree time hang depot come freight train lumber mountain live ghost live ghost live ghost live ghost steel plant near main street savin money young waitress hair anxious clock kid pile horse hair mattress years forgery work notice factory close live ghost live ghost live ghost money leave live ghost happiness kind score folks drop like fly stop good life live ghost live ghost live ghost money leave live ghost live ghost live ghost live ghost live ghost money leave live ghost,96,0.000720981,0.3371617347579014,0.3208417086289764,0.000720981,0.000720981,0.000720981,0.000720981,0.000720981,0.057869215,0.000720981,0.2316518970145381,0.000720981,0.000720981,0.000720981,0.02790527,violence,0.042857143
8971,kenny loggins,i'm free (heaven helps the man ),1984,pop,look eye know right fight tie hand want listen want reach free heaven help fight fear thing keep free reason hang heart stay heart belong free run away free sign kind guarantee wanna hold hold shake past make break take control take free heaven help fight fear thing keep free reason hang heart stay heart belong free wanna hold hold want listen want reach free heaven help fight fear thing keep reason hang heart stay heart belong free heaven help fight fear thing keep reason hang heart stay heart belong free heaven help fight fear thing keep reason hang heart stay heart belong free,104,0.000506073,0.1256412140333662,0.000506073,0.000506073,0.000506073,0.030583486,0.042858467,0.1545354386757496,0.000506073,0.000506073,0.000506073,0.000506073,0.1894770544702396,0.3895836655268787,0.000506073,sadness,0.5142857142857142
72826,rush,madrigal,1977,rock,dragons grow mighty slay sword grow weary battle walk madness safe port view long turn path homeward stop life barren cold winter sky beacon darkness distant pair eye vain search vain search truth things give show proof,37,0.002392345,0.002392345,0.4519662994219728,0.002392345,0.002392344,0.002392345,0.002392345,0.002392345,0.002392345,0.002392345,0.002392345,0.4138658278918806,0.050435814,0.002392345,0.002392345,world/life,0.6142857142857143
64410,sugar minott,in this time ' sugar minott,1983,reggae,message soul soul lose gold cry trust vanity trust vanity underground like humpty dumpty wall humpty dumpty great fall friends money spend couldn humpty trust vanity help free little miss contrary garden grow silver bell cockle shell vanity vanity spoil humanity vanity easier needle enter kingdom zion vanity pure vanity spoil easier needle enter kingdom zion go dreadlocks skill gently go break crown grind trust vanity pure vanity spoil easier needle enter kingdom zion go dreadlocks skill gently go break crown grind trust vanity trust vanity underground vanity vanity spoil humanity vanity pure time vanity,95,0.001461988,0.1237644722144277,0.314731192,0.001461988,0.001461988,0.057149304,0.001461988,0.001461988,0.053360493,0.001461988,0.001461988,0.057255701,0.090352249,0.153010958,0.1342937592188719,world/life,0.5285714285714286
69982,soja,everything to me,2017,reggae,yeah wish tell turn come home laugh point star wrong understand fault point view vision blurry till universe beauty difference problems disappear peace truth run friends wanna like peculiar half life try fight half life try stay half life despite rest life replay say want want yeah wish write word unreal look table loss word lose leave disadvantage call home universe beauty difference problems disappear peace truth run friends wanna like peculiar half life try fight half life try stay half life despite rest life replay say want want,89,0.000730994,0.068156599,0.3307713305770572,0.000730994,0.028769274,0.000730994,0.000730994,0.2596890892532265,0.000730994,0.000730994,0.2164960812386407,0.000730994,0.000730994,0.000730994,0.000730994,world/life,0.042857143
37280,billy currington,closer tonight,2013,country,know baby maybe soon late think look look tomorrow late baby come little closer tonight drink little night slow feel like matter long closer tonight song meet street gotta lose lonely city night sleep walk home want come come long baby come little closer tonight drink little night slow feel like matter long closer tonight closer tonight think away arm baby come little closer tonight drink little night slow feel like matter long closer tonight closer tonight,77,0.121262212,0.000674764,0.000674764,0.4976850718993862,0.000674764,0.079780278,0.014378458,0.000674764,0.000674764,0.020264414,0.117337035,0.000674764,0.000674764,0.000674764,0.02812219,night/time,0.1
78648,matt maher,hold us together,2009,rock,bill home hill life easy step land government need hold shelter weather brother keeper world know wait knock door moment truth heart hit floor knees rest life rest life cause dark light gonna alright gonna alright,36,0.001697793,0.1314405662290872,0.3870093386766213,0.001697793,0.001697793,0.046176331,0.001697793,0.001697793,0.001697793,0.027006032,0.001697793,0.095215641,0.027750961,0.081154079,0.001697793,world/life,0.1571428571428571
73830,iron maiden,killers,1981,rock,ohhhh yeah yeah yeah oooooh yeah yeah ooooh look walk subway eye burn hole footstep lunge prepare attack scream laugh watch bleed killer blood defy need innocent victims slaughter wrath despise mock religion hatred burn night bind destroy greed voice inside compel satisfy life mean know come forsee believe stronger lifelines tie glimmer metal moment ready strike death arise scream break night tomorrow remember walk light place excitement shake help yeah yeah walk subway eye burn hole footstep lunge prepare attack scream laugh watch bleed killer blood defy need look come ahahahaha,92,0.000923361,0.3900217127137993,0.1074308086980153,0.03403289,0.1852994416983269,0.000923361,0.000923361,0.000923361,0.000923361,0.000923361,0.000923361,0.1697081052596018,0.020720904,0.081705805,0.000923361,violence,0.5571428571428572
56261,shirley bassey,life goes on,1970,jazz,lonely lose indifference heart care go unshared die silence solitaire game road take take easy pretend keep play game end life go play solitaire little go smoke go go say lonely command hand play solitaire game road take take easy pretend keep play game end life go play solitaire solitaire game road take take life go play solitaire,58,0.001052632,0.001052632,0.1317329869026145,0.001052632,0.001052632,0.014836507,0.001052632,0.001052632,0.075414857,0.070955736,0.1728562574491451,0.001052632,0.001052632,0.3844460959854865,0.1059070330746296,sadness,0.7142857142857143
67901,dirty heads,hip hop misfits,2008,reggae,ball biscuit bullet triscuit knees bucklin like tear meniscus askin talk shit good diss dirty head straight pacific like kind dipshits drink get lift punk believe listen cause mischievous sickest word play like vicious pistols rock cause vandal handle beat gladly hiphop misfits pacific get splifted gift hiphop misfit pacific get splifted gift want audio professionals speak microphone right testicles haggard runnin hide vestibules rhyme like everybody kinda like bisexuals carpenter twister blah blah blah blah blah blah blah blah blah blah mister mister fuck mister grab shit palm blister know dirty head blare doctor pussies like veterinarian whinin like baby maybe need cesarean dirty waste better care hiphop misfits pacific get splifted gift hiphop misfits pacific get splifted gift mind knock ridicule feel minuscule consider source kinda pitiful consider force kinda beautiful consider choice unusual take slipknot flip hiphop walkin tight rope think punk wear faux hawk teen need stop hiphop misfits pacific get splifted gift hiphop misfits pacific get splifted gift hiphop misfits pacific get splifted gift hiphop misfits pacific get splifted gift gift,176,0.015985574,0.1289223043187653,0.000730994,0.000730994,0.028224486,0.000730994,0.000730994,0.1285612976239214,0.5568156002431766,0.000730994,0.000730994,0.000730994,0.000730994,0.000730994,0.000730994,obscene,0.1714285714285714
6123,flamin' groovies,sometimes,1976,pop,lonely blue right cry cause cry cause come tell answer tell stay tell darling tell feel tell darling tear shed shed vain lonely blue right cry cause cry cause cry cause cry cause repeat,34,0.001644737,0.001644737,0.001644737,0.001644737,0.001644737,0.001644737,0.067652357,0.4375401809591498,0.001644737,0.082001029,0.001644737,0.001644737,0.001644737,0.3881353791590828,0.001644737,sadness,0.6285714285714286
17691,one direction,summer love,2012,pop,believe pack bag try hard best time worst time goodbye promise gonna write promise promise forget cause summer know nearly feel like snow september remember summer summer wish place hide time like time push button rewind word lips look promise remember grey cause summer know nearly feel like snow september remember summer summer harder farther know wanna change change cause summer know nearly feel like snow september remember summer summer summer summer summer summer,74,0.000848896,0.000848896,0.2820732442355327,0.000848897,0.000848896,0.000848896,0.030100342,0.1539704306232631,0.000848896,0.3306983991267784,0.000848896,0.000848896,0.000848896,0.000848896,0.038975334,music,0.1142857142857142
5845,paul anka,(i believe) there's nothing stronger than our love,1975,pop,believe stronger believe stronger baby worry disappear trouble surround disappear near need love know need love know believe stronger believe believe stronger believe believe stronger baby believe sadness nice know world madness nice know somebody care need love know need love know believe stronger believe believe stronger believe believe stronger baby believe baby feel good baby need love know know need love know believe stronger believe believe stronger believe believe stronger baby believe believe stronger believe believe stronger baby believe believe stronger,82,0.1300179445504786,0.000797448,0.4334515518229276,0.000797448,0.06213351,0.000797448,0.1085636621645932,0.1757371034716278,0.000797448,0.000797448,0.000797448,0.000797448,0.000797448,0.000797448,0.046410767,world/life,0.6428571428571429
10843,the sundays,a certain someone,1990,pop,live life read star world free wouldn share live life say live life stake claim clothe change say world free wouldn share twist half live life build home flower bottle cologne yeah world free wouldn share certain show twist half careful live block flats lift lift twist half swim round look believe figure figure live house cold room,58,0.000993049,0.1209330852195504,0.4226682809926723,0.000993049,0.020114471,0.000993049,0.000993049,0.000993049,0.000993049,0.000993049,0.3146028430271499,0.000993049,0.087125345,0.000993049,0.000993049,world/life,0.4285714285714285
75567,poison,unskinny bop,1990,rock,jumpy yeah like gasoline want pump leave yeah time touch want stop come push floor go head unskinny blow away unskinny night unskinny love play unskinny nothin look funny bite act strange be lyric commercial,35,0.001949318,0.001949318,0.001949318,0.075127436,0.076023392,0.001949318,0.072736313,0.001949318,0.3861676631410278,0.001949318,0.001949318,0.001949318,0.041471286,0.089241209,0.034827598,obscene,0.4285714285714285
64257,yellowman,mash it up now,1982,reggae,want shoot blow like cannonball look yeah bind blow like cannonball chest bitch know rest knock bottle mess know city fuck best tura yesses look tryna ride beemer grind like years tswa lemina coca cola nthata bovita milk mpatla club shut muhfucker diyellowbone ngapa momma worry mpotsa naare lapa tell game need babymomma ngala baby phandla chill drama damn damn niggas force hand damn damn streets teach want shoot blow like cannonball focus change want shoot blow like cannonball look yeah bind blow like cannonball yeah bind blow pop tag baby girl yeah need floor pop rubber band shop milan shop japan shop south band dance feature spend kick chanel rid latest whip skuuur know like smoke know like drink dance single tell pay attention turn niggas penitentiary deep club like nemo talk talk dlow yeah know want know want ball dream mask,143,0.027888177,0.000554017,0.000554017,0.000554017,0.075398272,0.000554017,0.000554017,0.000554017,0.5570115013055202,0.000554017,0.1465726790570144,0.045221016,0.000554017,0.000554017,0.000554017,obscene,0.5428571428571428
66965,the pioneers,time hard,2003,reggae,everyday things get worse everyday things get worse time hard look work time hard look work everyday things get worse everyday things get worse take market place laugh smoke say gotta hold head high everyday things get worse everyday things get worse time hard lord time hard look,48,0.001253133,0.001253133,0.4967664921141901,0.001253133,0.001253133,0.1208225112280663,0.001253133,0.001253133,0.001253133,0.001253133,0.3348216360461181,0.001253133,0.001253133,0.001253133,0.001253133,world/life,0.2428571428571428
71550,the beatles,you never give me your money,1969,rock,money funny paper middle negotiations break number situation middle investigation break college money spend future rent money go jobber sack monday morning turn yellow slow magic feel lyric commercial,29,0.002506266,0.002506266,0.002506266,0.002506266,0.002506266,0.002506266,0.002506266,0.002506266,0.6806826398632181,0.002506266,0.002506266,0.002506268,0.002506266,0.002506266,0.1428718239229601,obscene,0.7285714285714285
58398,stetsasonic,go stetsa i,1986,jazz,brace awesome rare real right dynamite atmosphere time place time place check pedigree band spell stet rhymerator deelite key brother wise frukwan puttin competition wall band mention present invention wewewewe regulate stetsaflucture listen structure formulate touch good lookin thank heed style cartwheel nightcha fight bust welcome force creep slowly surely defeat break break scratchin straight letter witta hiphop band america london japan surely admit bein like battle truly gamble excellence prove example ladies smile body shamble puba handle rhythm homeboy definitely ringin beat rhyme chord tinglin grab girl start helm band demand break break chchchchamp punch verbal grenade rhyme equip barricade cool clever crack crew sever brooklyn york home place night party go start slow boogie nonstop sound brooklyn hiphop see brooklyn scratchin brooklyn rock nonstop break break brooklyn point blank deliverance smooth stand like winner favorite tune tension release beat funky treat like torch keepin active rhythm hold captive perfecters poem sing market style addict doubt capture classical treasure productive effective spread itit nuttin like hiphop music like choose refuse sucker misuse think stet lose gain abuse game rapture song complete capture break,184,0.000666223,0.04802929,0.000666223,0.038520408,0.000666223,0.000666223,0.000666223,0.000666223,0.4736789179296603,0.1531978212242261,0.000666223,0.000666223,0.000666223,0.1439684237087208,0.000666223,obscene,0.4857142857142857
41474,the impressions,that's what love will do,1964,blues,break heart million piece hurt blue break know difference dooohooh study date make stay late know darn curfew night dooohooh count star night maybe million play include break heart million piece hurt blue break know difference dooohooh yeah baby dooohooh mmmm dooohooh,42,0.039187199,0.001754386,0.001754386,0.1103040618139695,0.037131797,0.001754386,0.001754386,0.08564887,0.001754386,0.1022946427357041,0.001754386,0.001754386,0.001754386,0.602626412,0.001754386,sadness,0.8
79351,cass mccombs,there can be only one,2013,rock,shall heart away like master baptism know ways master acquire heart ablaze own heart break days free motel oregon ridge break hearts lifetime hell water bridge own heart saint martyr lovers forego forever commit martyr teach imam grow admit shall own heart,42,0.002192982,0.051370796,0.2131377617966617,0.002192982,0.002192982,0.002192982,0.002192983,0.002192983,0.002192983,0.002192982,0.002192983,0.002192983,0.1515972991199938,0.4909083519688759,0.002192982,sadness,0.1
17352,the crystals,then he kissed me,2011,pop,walk ask want dance look kind nice say dance hold tight walk home night star shin bright kiss time couldn want know friend know whisper say love kiss kiss kiss want kiss forever know give take home meet ask right felt cry kiss ask right felt cry kiss kiss kiss,50,0.001031992,0.001031992,0.001031992,0.038287946,0.001031992,0.001031992,0.3092895076372863,0.2922761964745969,0.001031992,0.043227921,0.001031992,0.1318496297782642,0.001031992,0.060950884,0.001031992,romantic,0.1285714285714285
17812,adele,skyfall,2012,pop,hold breath count feel earth hear heart burst drown dream moment overdue sweep away steal fall crumble stand tall face fall crumble stand tall face skyfall skyfall skyfall start thousand pole apart worlds collide days dark number heart fall crumble stand tall face fall crumble stand tall face skyfall fall crumble stand tall fall crumble stand tall know security love arm keep harm hand hand stand fall crumble stand tall face fall crumble stand tall face skyfall fall stand tall skyfall,81,0.000877193,0.50216131,0.030872288,0.000877193,0.000877193,0.000877193,0.063000146,0.000877193,0.000877193,0.000877193,0.000877193,0.000877193,0.026043041,0.3656425130472518,0.000877193,violence,0.1142857142857142
67078,tanya stephens,tek him back,2004,reggae,phone conversation hello mean gwaan like waan break fight young foolish foolish year people change change waan hear hold friend crew flex waan gyal talk hard kick neck couple time phone cuss leave husband fully understand need leave refuse look work pocket stay bruck mash ants want fight wifey come clothe lawn come go cause peform wifey look brag laugh mean haffi wifey repeat haffi repeat repeat tink toppa friendly piece imma tell bout droptop yacht caan believe gyal like fall nevah woulda funny ready spend money free paper turn givim look kinda magga widdim himm look kinda cute youth realy fight wifey come rule shop buyer beware careful gyal dere grab someting dash gyal treasure anudda gyal trash notice certain likkle trend datta gwaan alwayz look gyal arm neva fail soon gyal go newness lose charm clothe reach lawn woulda pray pack gwaan cute face perform wifey look brag laugh haffi song,153,0.000674764,0.048532205,0.088910909,0.000674764,0.000674764,0.000674764,0.000674764,0.1899968035386226,0.3305456379546276,0.049195743,0.000674764,0.000674764,0.066020773,0.1258747269569518,0.000674764,obscene,0.2285714285714285
63405,jimmy cliff,special,1969,reggae,yeah reggae night live turn light shine bright listen reggae night come feel right reggae night jammin till morning light reel call things catch ride gotta look best know mashin tonight reggae night come feel right reggae night jammin till morning light happen year miss session people comin north south east better look best lightnin strike better late rubadubbin rockin jammin lovin yeah reggae night come feel right reggae night jammin till morning light happen year advantage festive cheer bring family tell friends session reggae night reggae night reggae night reggae night reggae night rockin reggae night reggae night reggae night come feel right reggae night jammin till morning light reggae night come feel right reggae night jammin till morning light reggae night reggae night reggae night reggae night,129,0.05310326,0.000591366,0.018440845,0.3557475285869734,0.026549046,0.000591366,0.000591366,0.09867738,0.077429189,0.000591366,0.084947881,0.1916827557419958,0.000591366,0.000591366,0.087508453,night/time,0.7285714285714285
26222,waylon jennings,ivory tower,1979,country,believer things past sign post folks change good ones want leave ways think right fond especially time night tower fear leave look tower like lose mind try look strength look song release keep people arm lenght ones refine feel ones near refine look women years,45,0.001503759,0.001503759,0.3463677000531343,0.1571856869733073,0.001503759,0.001503759,0.03977536,0.00150376,0.001503759,0.040799113,0.1135489076256465,0.001503759,0.081075681,0.00150376,0.049989207,world/life,0.5857142857142857
76588,gin blossoms,as long as it matters,1996,rock,stumble walk future like break record play repeat matter want right long matter long forget time touch fine crash look want tell right long matter long forget time right,29,0.001814882,0.001814882,0.1018819141409147,0.4110067012626232,0.001814882,0.001814882,0.033163915,0.001814882,0.001814882,0.076324969,0.001814882,0.001814882,0.001814882,0.1683513022460999,0.001814882,night/time,0.3428571428571428
26724,alabama,"some other place, some other time",1980,country,remember walk flower garden memory think remember heaven place time remember walk silver sand summer moon shin remember taste sweet lips place time remember hold close picture nights share dream real tomorrow hold girl tonight think life memory place time,40,0.001315789,0.001315789,0.3516812195236962,0.080711726,0.001315789,0.001315789,0.1551381950233196,0.00131579,0.00131579,0.00131579,0.00131579,0.2116453357752124,0.001315789,0.122271069,0.024362695,world/life,0.5714285714285714
66084,sanchez,one in a million,1997,reggae,play game long start believe doubt try convince yeah come shinin rain stop sky blue yeah revelation say million lifetime girl life show compassion send stroke luck call million lonely arm piece happiness life live live yeah million lifetime girl life show compassion send stroke luck call million girl million girl yeah lonely arm piece happiness life live live million lifetime girl life show compassion send stroke luck call million girl,71,0.000877193,0.000877193,0.473117354,0.000877193,0.079726787,0.000877193,0.036433813,0.000877193,0.000877193,0.1930300933975859,0.000877193,0.000877193,0.000877193,0.060431394,0.000877193,world/life,0.3285714285714285
19869,pewdiepie,bitch lasagna,2018,pop,miss know diss whut pass pewds nahh dethrone think know guy kid look stay number fcking battle till gamers style pick hero btch press spawn come series hear want tracer pewds lasagna bitch lasagna bitch lasagna pewdiepie bitch lasagna bitch lasagna bitch lasagna series ask vagana bitch lasagna bitch lasagna series bitch lasagna bitch lasagna bitch lasagna series better business cinema laugh lose dare battle dude swede respect waman maintain channel respect news generation information motivation inspiration death know mess legend story tell like heroic myth pewdiepie meme review olds rise youtube anthem bring series demise bitch lasagna bitch lasagna pewdiepie bitch lasagna bitch lasagna bitch lasagna series ask vagana bitch lasagna bitch lasagna series bitch lasagna bitch lasagna bitch lasagna series better business cinema cover song pewdiepie battle channel,130,0.000956938,0.072175929,0.000956938,0.000956938,0.000956938,0.000956938,0.000956938,0.1776191519765231,0.7002813322557054,0.035569519,0.000956938,0.000956938,0.000956938,0.000956938,0.000956938,obscene,0.028571429
62716,guts,peaceful life,2016,jazz,danger start futile think server laws conceivable false thoughts produce reaction able erase civilisation thoughtful peaceful life guess happen better remember tantalize bleed greed commonsence captive copnfused souls tale change roll determine authority mightier mankind imagine power prevent incurable corpse corpse technology kill humanity tantalize bleed greed,47,0.003508772,0.3326544274521149,0.2534398116622223,0.003508772,0.003508772,0.003508772,0.003508772,0.2909180674543318,0.003508772,0.003508772,0.003508772,0.003508772,0.003508772,0.003508772,0.003508772,violence,0.057142857
22384,red simpson,county sheriff,1966,country,fall fall live life like tree fall free live life like tree free time meet high laugh laugh laugh life ghost free confession aren drug motorhead give,27,0.002192982,0.05477756,0.3265296450686226,0.002192983,0.002192982,0.002192982,0.002192982,0.002192983,0.002192983,0.002192982,0.002192983,0.089464188,0.2320917678109779,0.1761361446090168,0.002192982,world/life,0.7714285714285715
40938,champion jack dupree,ain't that a shame,1961,blues,shame shame shame shame shame shame know baby alright want baby hold tight shame shame shame shame wanna walk wanna hold hand know shame shame shame shame want tell alright want kiss babe squeeze tight shame shame shame shame alright go away leave leave cause know baby shame shame shame shame baby leave wave baby shame shame shame shame alright shame shame shame shame shame blame,66,0.1195033673776731,0.000797448,0.5253362936215928,0.000797448,0.000797448,0.000797448,0.086466494,0.000797448,0.000797448,0.000797448,0.000797448,0.000797448,0.000797448,0.085817787,0.000797448,world/life,0.8428571428571429
11908,duran duran,ordinary world,1993,pop,come rainy thursday avenue think hear talk softly turn light radio escape ghost happen crazy life recognize go away yesterday ordinary world ordinary world learn survive passion coincidence prompt pride tear apart pride go window cross rooftops away leave vacuum heart happen crazy friend need go away yesterday ordinary world ordinary world learn survive paper roadside tell suffer greed fear today forget tomorrow news holy holy need little sorrow talk blow away yesterday ordinary world ordinary world learn survive world world learn survive world world learn survive world world world world,91,0.00074129,0.032596119,0.5972667175986753,0.00074129,0.00074129,0.015230643,0.00074129,0.081088818,0.00074129,0.077479651,0.00074129,0.021110464,0.00074129,0.1420267944246699,0.00074129,world/life,0.3857142857142857
50413,the hunches,a flower in the ending,2004,blues,forever long forever long long road tell long long road tell long forever forever forever forever long forever long long road tell lonely long road tell long forever forever forever,30,0.001697793,0.001697793,0.001697793,0.3828714406865257,0.001697793,0.001697793,0.001697793,0.1254999857771849,0.001697793,0.001697793,0.1418832422262401,0.001697793,0.001697793,0.001697793,0.001697793,night/time,0.2285714285714285
6364,smokie,needles and pins,1977,pop,today face face love know away knees pray away begin needle pin pride tear gotta hide think smart heart think worse ahead instead knees begin feel needle pin hurtin hurtin stop tell wrong wrong wrong stand tell strong today face face love know away knees pray away begin needle pin pride tear gotta hide needle pin needle pin needle pin needle pin needle pin needle pin needle pin needle pin needle pin needle pin,74,0.001169591,0.001169591,0.001169591,0.001169591,0.001169591,0.001169591,0.049044224,0.2174637222259859,0.001169591,0.001169591,0.001169591,0.001169591,0.001169591,0.6452003523001061,0.001169591,sadness,0.6142857142857143
54777,eartha kitt,strangers in the starlight,1955,jazz,strangers starlight hearts pass night whisper leave whisper hold tight kiss thrill moment bear strangers starlight lovers strangers starlight hearts pass night whisper leave whisper hold tight kiss thrill moment bear strangers starlight lovers,34,0.001949318,0.001949318,0.001949318,0.001949318,0.001949318,0.001949318,0.7000884271655268,0.001949318,0.001949318,0.001949318,0.001949318,0.001949318,0.1021712562628188,0.1665512317957881,0.001949318,romantic,0.9285714285714286
22695,tim buckley,knight-errant,1967,country,lady wander search know green leave wing away childhood string drop smile trail leave fail lady wander search know catch sudden maid deck lace room room upstairs downstairs lady chamber lady wander search know,34,0.2479500356123873,0.00228833,0.00228833,0.00228833,0.00228833,0.00228833,0.00228833,0.00228833,0.00228833,0.00228833,0.00228833,0.3748440422664754,0.00228833,0.3405926481741654,0.00228833,sadness,0.7571428571428571
68778,dirty heads,love letters,2012,reggae,cause live long time letter live long time letter word write space come eye true true need bird send satellite true true cause live long time letter live long time letter live long time letter live long time letter need plane train automobile send feel true true letter underneath push button straight head true straight head live long time letter live long time letter blackout know light thousand lanterns watch float away burn right star know send brightest ones cause live long time letter live long time letter live long time letter,92,0.000611995,0.000611995,0.3173357922031501,0.3199899632441785,0.000611995,0.000611995,0.000611995,0.000611995,0.000611995,0.233016719,0.000611995,0.1064518091464421,0.000611995,0.000611995,0.000611995,night/time,0.1142857142857142
69486,sublime with rome,sirens (feat. dirty heads),2015,reggae,kick rain like phantom ghost days mistake cigarettes die taste point try come kick hear sing like siren shoot silence bully fight hear sing like siren morphin force silent like corpses pilin horse shit islands resortin siren pull course crash shorses bitch love source blow like porpoise hahaha shit funny night cudi money moms good feel gully good feel good hunch like munchkin tummy time month like shit bloody fighters need heimlich wanna hate sick rhymin sublime shit climb kick hear sing like siren shoot silence bully fight hear sing like siren believe tell dangerous like anger distance mysterious continue vicious dangerous go go time second guess look lock load threaten reason believe bullshit accusation leave room complications believe tell dangerous nooo shoot silence bully fight shoot silence eeeee,129,0.000641849,0.3242912678535517,0.077998874,0.02651185,0.000641849,0.000641849,0.014612826,0.000641849,0.2570711110039299,0.1035911581307103,0.000641849,0.000641849,0.000641849,0.000641849,0.080488486,violence,0.071428571
35197,conway twitty,i can't stop loving you,2006,country,stop love mind live memories lonesome time stop want useless live life dream yesterday hours know long blue time heal break heart time stand apart stop mind live memories lonesome time stop want useless live life dream yesterday,38,0.001422475,0.001422475,0.3420691767765714,0.1628277088529011,0.001422475,0.001422475,0.032149517,0.001422475,0.001422475,0.099694033,0.001422475,0.001422475,0.001422475,0.1481704236312001,0.001422475,world/life,0.2
9143,scritti politti,absolute,1985,pop,absolute power drive need alive absolute long girl dream come true baby understand absolute power drive need alive absolute long girl dream come true absolute principal heart invincible dododo holy girl lips whisper word yesterday holy girl paramour know sure holy girl kiss away mean work dododo word wear away live word hard fast talk past ohoh word vodka clear forgetfulness bring near absolute principal heart invincible near absolute,69,0.087004601,0.001052632,0.3349813497042621,0.001052632,0.001052632,0.001052632,0.1690315692120586,0.1127748018234195,0.001052632,0.001052632,0.001052632,0.001052632,0.001052632,0.089636557,0.001052632,world/life,0.5
18623,breaking benjamin,ashes of eden,2015,pop,faithful reward come miss final warn live anybody call soul hear feel stay leave stay ash fall lyric commercial,19,0.003289474,0.003289474,0.084343576,0.003289474,0.003289474,0.003289474,0.003289474,0.003289474,0.003289474,0.1947975370287628,0.003289474,0.003289474,0.003289474,0.3142093833318962,0.1169658389889455,sadness,0.071428571
47138,dave van ronk,long john,1989,blues,long long time go like turkey corn long clothe alistened good say sleepin good listen ramble chain gang teeth poke long long time go like turkey corn long clothe heel heel tell arunnin aflyin yonder know ahead hound hound long long time go like turkey corn long clothe astandin corner dollar hand know waitin cold things white folks send sendin cold taters chitterling send cold tuft long long time go like turkey corn long clothe,75,0.001052632,0.001052632,0.001052632,0.3491628384629006,0.001052632,0.001052632,0.001052632,0.078504819,0.001052632,0.001052632,0.2988349331905823,0.001052632,0.072866627,0.001052632,0.1025238324199681,night/time,0.4428571428571428
70164,masicka,changes,2018,reggae,know come yeah know road come yeah promise tomorrow know come yeah change change talk bout change life jump plane like complain alright change life pain eye pocket dead face rise want unno tell talk bout change life hitch studio everyday finger play player hate dream haffi stay awake loyalty thing bredda slay snake share plate hero place wear cape fuck change fake hide gwan like great bare debate general pussy clear gate bimmer pull lady gate topponas barely scrape true change life jump plane like complain alright change life pain eye pocket dead face rise want unno tell talk bout change life want go strap thing read psalm prayers safe calm heap millions palm genahsyde streets fool form poverty yute bear genah tell yute strong change life jump plane like complain alright change life pain eye pocket dead face rise want unno tell talk bout change life change change change life change change change life change change change life change change change life change life jump plane like complain alright change life pain eye pocket dead face rise want unno tell talk bout change life change life jump plane like complain alright change life,195,0.011998153,0.1557850819724674,0.4471803551382765,0.000358038,0.023036899,0.000358038,0.000358038,0.076723477,0.160035734,0.000358038,0.000358038,0.000358038,0.000358038,0.000358038,0.000358038,world/life,0.028571429
20658,hank thompson,let me call you sweetheart,1958,country,sweetheart sweetheart hear whisper light glow eye blue sweetheart sweetheart sweetheart,11,0.007518797,0.007518797,0.007518797,0.007518797,0.007518797,0.007518797,0.007518797,0.007518797,0.007518797,0.3497798553460573,0.007518797,0.5224005951563597,0.007518797,0.007518797,0.007518797,music,0.8857142857142857
40655,nina simone,the other woman,1959,blues,woman find time manicure nail woman perfect rival fail see curl hair woman enchant clothe perfume woman keep fresh flower room toy scatter come wait like lonesome queen cause change routine woman sleep woman years woman spend life woman sleep woman years woman spend life,45,0.00150376,0.001503759,0.2829146281574904,0.160439943,0.001503759,0.001503759,0.3236918495461834,0.001503759,0.001503759,0.041946443,0.00150376,0.001503759,0.001503759,0.001503759,0.001503759,romantic,0.8714285714285714
73699,ac/dc,snowballed,1981,rock,crash market floor wash shore bomb outta city door blow wall picture fall walk crawl drag scream shark share come away women drink money go snowball yeah snowball snowball make blind snowball howl snow wait surprise needle heat fight watch teeth cause ready bite come away women drink money go,50,0.00131579,0.3044145977963943,0.00131579,0.00131579,0.027354385,0.001315789,0.00131579,0.00131579,0.1420282426166999,0.00131579,0.2961810578886968,0.078299055,0.00131579,0.1346173978209528,0.00131579,violence,0.5571428571428572
64466,yellowman,zungguzungguguzungguzeng,1983,reggae,riddim patch yellowman mend mend paper start plus equal goat rooster jump happiness jump yellowman bwoy lady playgal yellowman bwoy junjo bwoy bwoy watch catch zero zero yellowman feel fine chat lyric chat rhyme lime rhyme yellowman commit crime shung peng shushushung peng shung peng shushushung peng start paper pass tell yellowman girlfriend nuff talk bout girlfriend idiot bwoy yellow children yellow children live dung maypenn nuff nuff girlfriend true arguments nuff arguments lord arguments nuff arguments enter house parliament prime minister wife haffe silent true yellowman chat intelligent court judge innocent true arguments nuff arguments girlfriend lady girlfriend zunggu jump yellowman bwoy bother junjo bredda uroy watch leggo violence smoke ishence deal violence dung silence tell yellowman come tell live live maypenn rooster start watch yellowman come lord watch jump happiness jump yellowman bwoy yellowman watch shung peng shushushung peng tell yellow vibes sound like rest vibes sound like tell yellowman come live maypenn yellowman bwoy jump happiness jump zunggu yellowman nuff girlfriend watch come tell yellowman come mash lord,171,0.1461950655258789,0.000797448,0.1997640925592663,0.000797448,0.000797448,0.058730161,0.000797448,0.000797448,0.4513866100286843,0.000797448,0.000797448,0.000797448,0.034299663,0.000797448,0.000797448,obscene,0.5285714285714286
31667,aaron tippin,how's the radio know,1995,country,tell bout trouble keep tear world truth live soul radio know radio know leave radio know wrong record spin goodlovegonebad song radio know miss tell radio know play fool choke regret woman forget play backtoback heartbreakers radio know radio know leave radio know wrong record spin goodlovegonebad song radio know miss tell radio know maybe tune mister play song fill sweet apologies crank signal loud strong help bring home help bring home radio know leave radio know wrong record spin goodlovegonebad song radio know miss tell radio know radio know,90,0.000649773,0.000649773,0.042186941,0.000649773,0.000649773,0.000649773,0.018239758,0.4051187827893524,0.000649773,0.4471189068545148,0.000649773,0.04437391,0.000649773,0.013264804,0.021899625,music,0.3571428571428571
73232,styx,first time,1979,rock,light glow keep warm reach touch face moon light embrace hesitate hold hand afraid feel heart close eye mind fall time afraid afraid afraid time time worlds mountains climb tonight pair lonely nights share cause okay understand feel hold hand afraid feel heart close eye mind fall time time time worlds mountains climb tonight,54,0.001096491,0.001096491,0.001096491,0.2363548556871415,0.001096491,0.001096491,0.1622340588663951,0.001096491,0.001096491,0.001096491,0.001096491,0.2124112517899637,0.001096491,0.3725524648138376,0.001096491,sadness,0.5857142857142857
44619,johnny thunders,dead or alive,1978,blues,clear word baby dear stop cause move fast finally happen finally happen dead alive dead alive dead alive baby want know finally turn blue word baby dear stop cause move fast finally happen finally happen dead alive dead alive dead alive baby want baby gotta dead alive dead alive dead alive baby want breathe clear word baby dear baby stop cause move fast finally happen finally happen dead alive dead alive dead alive dead alive dead alive dead alive dead alive dead alive dead alive dead alive dead alive dead alive baby want,93,0.1021619030028343,0.5409767479968404,0.00055991,0.00055991,0.00055991,0.00055991,0.032162518,0.1609481871833175,0.00055991,0.014002614,0.00055991,0.00055991,0.00055991,0.00055991,0.00055991,violence,0.6
45389,little feat,over the edge,1981,blues,know hate confusion question lose ask answer advice advice cheap hype truth guess fall edge wander mind drive head stay fine line hold thread cause pain fall edge dive say live answer crash burn worst dead die worse life edge fall edge wander mind drive head stay fine line hold thread cause pain fall edge pain plain wait edge know know illusion fact know add confusion search truth trouble truth costly trouble cost dime want time fall edge wander mind drive head stay fine line hold thread cause pain fall edge pain plain wait edge,95,0.000701754,0.4326054555080025,0.000701754,0.1882948406865017,0.000701754,0.000701754,0.022196435,0.1599051790478133,0.000701754,0.000701754,0.000701754,0.000701754,0.025694771,0.1621805115707723,0.000701754,violence,0.5571428571428572
722,fats domino,i'm walkin',1959,pop,walkin talkin hopin come yeahyeah lonely waitin company hopin come gonna run gonna away hide gonna right pretty baby walkin talkin hopin come walkin talkin hopin come mmmm lonely waitin company hopin come gonna run gonna right gonna byebye gonna walkin talkin hopin come,44,0.267133849,0.001547988,0.001547988,0.001547988,0.001547988,0.001547988,0.001547988,0.001547988,0.319338299,0.001547988,0.001547988,0.001547988,0.001547988,0.1302159351582373,0.001547988,obscene,0.8714285714285714
81343,shiffai,never forget,2009,hip hop,swear know long swear fall cloud shift shape blue print flame world melt away search voice late swear fall late write forget cloud shift space blue print flame world melt away write forget search voice late swear know long late write cause word line think feel fade away someday grave name someday grave name write forget,56,0.001052632,0.073845344,0.1070184837394978,0.1276518295611164,0.001052632,0.001052632,0.001052632,0.059930834,0.001052632,0.221022274,0.001052632,0.085127844,0.001052632,0.3127718111121569,0.001052632,sadness,0.1571428571428571
54942,eartha kitt,let's do it,1956,jazz,bird be educate fleas fall spain best upper set lithuanians letts fall dutch amsterdam mention fin folks siam think siamese twin argentines mean people boston bean fall romantic sponge oyster oyster fall cold cape clam gainst wish lazy jellyfish fall electric eels shock know shad bring shad shallow shoal english sole goldfish privacy bowl fall,55,0.003095975,0.003095975,0.003095975,0.003095975,0.003095975,0.003095975,0.003095975,0.2245275722835005,0.003095975,0.1957485171429861,0.003095975,0.003095975,0.057497869,0.4757864119700488,0.003095975,sadness,0.9142857142857144
32121,bill anderson,still,1996,country,break heart apart time mind lose count hours lose track days fact lose go away memories leave things know know go hear song know write especially flame heart like eternal burn hotter burn higher able little flicker tear friends think crazy maybe torch long someday decide come home want know,50,0.001169591,0.001169591,0.001169591,0.043618932,0.001169591,0.029720893,0.001169591,0.319623302,0.001169591,0.1675760520882181,0.001169591,0.092406288,0.001169591,0.3000698263322538,0.001169591,sadness,0.3428571428571428
6432,donna summer,i remember yesterday,1977,pop,like time reach past songs songs borrow blue songs remember yesterday remember yesterday remember night dance sound clarinets dance cheek cheek sweet fantasy remember night remember carry light start steal heart know right remember night remember night remember night lovelight candle glow champagne flow night look room remember darling chair table remember carry light start steal heart know right remember night remember night remember night remember night,67,0.000923361,0.000923361,0.3076592780679855,0.2180209084183102,0.000923361,0.000923361,0.041772764,0.000923361,0.000923361,0.130122971,0.000923361,0.1837420691930776,0.000923361,0.1066783157672811,0.000923361,world/life,0.6142857142857143
51752,the derek trucks band,rastaman chant,2010,blues,hear word rasta babylon throne go go babylon throne go say hear word higher babylon throne go go babylon throne go hear seven seal babylon throne go go babylon throne go away home zion away home away zion away home bright morning work away home bright morning work away home brlght morning work away home away home zion away home away zion away home bright morning work away home,69,0.001031992,0.001031992,0.001031992,0.001031992,0.001031992,0.1012555445428853,0.001031992,0.001031992,0.001031992,0.3500456907323208,0.001031992,0.08933751,0.001031992,0.2258282849592149,0.2190850853801207,music,0.1428571428571428
32859,john conlee,domestic life,1999,country,cruise station wagon try muffler drag defeat hustle scout meet dream mexico pretty people budget budge money live domestic life children pretty wife cocker spaniel have puppies anybody mow domestic lord soul master card suit domestic life right neighbor name wear leisure suit sell avon tupperware duck bull shoot president save cent things look better everyday hell arm live domestic life children pretty wife cocker spaniel have puppies anybody mow domestic lord soul master card suit domestic life right live domestic life children pretty wife cocker spaniel have puppies anybody mow domestic lord soul master card suit domestic life right live domestic life love domestic life,106,0.000892061,0.000892061,0.367634181,0.04697814,0.000892061,0.069092125,0.039202436,0.000892061,0.000892061,0.000892061,0.3135933012285232,0.000892061,0.099408019,0.000892061,0.000892061,world/life,0.3
9430,china crisis,arizona sky,1986,pop,arizona bigger take breath away happen manhattan music avenue hear greater sound decorate paint union reason illusion confident possession reason illusion venice sink fast look upside spell fell tell decorate paint union reason illusion confident possession reason illusion uptown paraguay beneath chicago moon spend dollar save decorate paint union reason illusion confident possession reason illusion,55,0.001949318,0.1927751406608765,0.3961149656252077,0.001949318,0.001949318,0.001949318,0.001949318,0.001949318,0.001949318,0.1131146885761565,0.1613548875605079,0.1093498682419332,0.001949318,0.001949318,0.001949318,world/life,0.4857142857142857
24742,david allan coe,face to face,1974,country,face face stop heaven know cheek cheek blame hand hand heart heart start late share share blame feel body tremble hold arm know woman know want free share time share blame,31,0.001814882,0.001814882,0.001814882,0.035491638,0.001814882,0.001814882,0.3209979750586673,0.098610816,0.001814882,0.001814882,0.001814882,0.001814882,0.043698238,0.370128526,0.001814882,sadness,0.6571428571428571
11021,slowdive,ballad of sister sue,1991,pop,tell lose sure tell lose sure head blind bullets head blind bullets dance lose head dance lose head night recall need night recall need sister lose feel lose sell sister blind eye sell say drink hand beer say drink hand beer point head point head fill lead raise noise check time yeah blood face word stranger raise noise check time yeah sister lose feel lose sell sister blind eye sell,70,0.000809717,0.397070348,0.000809717,0.044837397,0.06359578,0.078392316,0.000809717,0.000809717,0.000809717,0.000809717,0.2120003931774784,0.062542055,0.000809717,0.000809717,0.027955395,violence,0.4142857142857143
9961,level 42,lessons in love,1987,pop,proud wrong truth hard felt sure go overboard lifeboat lie lose try reach shore wave doubt drown dream build fulfil better better lessons restless eye egos burn mold hard break wad deep overboard heavy hearts token word hop fade like footprints sand home build live better better lessons lose time future ignore yeah lessons lose lessons learn lessons leave turn lessons spirit burn lessons till return dream build live yeah lessons lessons home build live better better lessons lose time future ignore yeah lessons,84,0.000848896,0.000848896,0.4829581714518878,0.000848896,0.049507049,0.000848896,0.000848896,0.07916168,0.000848896,0.039822381,0.000848896,0.2003248662693351,0.000848897,0.1371901985128969,0.000848896,world/life,0.4714285714285714
69185,boom boom vibration,dem know,2014,reggae,policeman know good sensimilla deadly drug policeman know smoke marijuana catch ital flow splif keep doctor away gimme marijuana make feel okay cop politicians play filthy game kickin beatin real shame sensi money pocket whitecollar crime skyrocket injustice hide tie jacket stop stop policeman know good sensimilla deadly drug policeman know smoke marijuana catch ital flow plantin seed crime trick grow weed handcuff bar hide truth dealer farmer youth work mother earth straight ital babylon say real criminal babylon rise babylon fall everytime sensi illegal policeman know good sensimilla deadly drug policeman know smoke marijuana catch ital flow splif keep doctor away gimme marijuana make feel okay cop politicians play filthy game kickin beatin real shame sensi money pocket whitecollar crime skyrocket injustice hide tie jacket stop stop policeman know good sensimilla deadly drug policeman know smoke marijuana catch ital flow,141,0.000773994,0.000773994,0.000773994,0.000773994,0.000773994,0.000773994,0.000773994,0.1689826456791991,0.4043758564410806,0.000773994,0.000773994,0.000773994,0.055764041,0.15364289,0.111679403,obscene,0.085714286
14629,2pac,when we ride on our enemies,2002,pop,fugees fugees mobb deep tryin diss hahaha prejudice fuck sound like ride enemies biatch ride enemies static niggas little cousin roll rider want motherfuckin thug niggas niggas plug niggas slug niggas wrong niggas makin songs tryin go stress weed trust chest bust ride come shinin brighten hear fugees tryin look bitch face motherfuckin movie watch slow castrate entertainin motherfuckin sideshow plan time exterminate foes stand hoe label fuckin trick shoot lyric runnin cowards hiphop ride enemies ride enemies motherfuckers ride enemies ride enemies motherfuckers ride enemies come journey mind cross game explain nigga time goodbye watch eye pull trigger right bigger nigga eye heartless hit niggas scream peace start shit attention word rob murder train mobb deep fuck nigga barely livin sickle cell seizure stage feelin hell niggas wanna involve talkin biggie kill ball tell brat mouth close fuck toss fuckin outlawz leave sure everybody hear know mean motherfuckin word ride enemies ride enemies sure everybody ride enemies ride enemies hehe sure everybody ride enemies,165,0.000548246,0.083315616,0.000548246,0.000548246,0.000548246,0.000548246,0.015128762,0.077815094,0.5471353029689342,0.025596827,0.1616439212899632,0.000548246,0.000548246,0.000548246,0.000548246,obscene,0.2571428571428571
74710,slayer,altar of sacrifice,1986,rock,wait hour destine table hell figure white unknown approach altar death high priest await dagger hand spill pure virgin blood satan slaughter ceremonial death answer command death come easy close eye dream friends heavenly failure lose form life altar sacrifice curse damn confront evil dread coalesce soul soon meet undead altar sacrifice curse damn confront evil dread coalesce soul soon meet undead enter realm satan blood turn black change begin feel hatred damn hell flesh start burn twist deform eye drip blood realization death transform toe learn sacred word praise hail satan gift power dispose feel need master force power satan control creature instinct draw castle float learn resist temptation watch angels sift heavens endlessly search salvation,117,0.000892061,0.5566867181037116,0.1770675459711482,0.000892061,0.000892061,0.000892061,0.000892061,0.000892061,0.000892061,0.000892061,0.000892061,0.2259129880656132,0.000892061,0.000892061,0.026951837,violence,0.4857142857142857
81237,krs-one,over 30,2007,hip hop,hold school session yeah yeah grow folk noise noise wooo wild grow folk style watch teacher welcome classroom better aact soon think clear best school spit superrhymes cause cool duel fool player know rule school quick fresh crew fresh adventure slick lyric commercial,43,0.002105263,0.002105263,0.1597158514144833,0.002105263,0.08583735,0.002105263,0.002105264,0.1074452595345934,0.3613314613504521,0.002105263,0.1299178880311511,0.002105263,0.002105263,0.002105263,0.002105263,obscene,0.1857142857142857
3300,the easybeats,good times,1968,pop,everybody shake everybody groove mmmm mmmmm oooooohhhh mind folks go place want gonna gonna cause feel good tonight gonna right right right gonna good time tonight roll music gonna play alnight come baby long take minute sing song boney moroney gonna long tall gonna short gonna gonna gonna cause feel good tonight gonna right right right gonna good time tonight roll music gonna play night come baby long take minute sing song solo boney moroney gonna long tall gonna short gonna gonna gonna cause feel good tonight gonna right right right gonna good time tonight roll music gonna play night come baby long take minute sing song,107,0.053440315,0.000537057,0.000537057,0.3289575245446249,0.019299747,0.000537057,0.000537057,0.000537057,0.000537057,0.1427879968081575,0.063481874,0.000537057,0.01135176,0.000537057,0.1001506138473502,night/time,0.7428571428571429
40404,ella fitzgerald,i got plenty o' nuttin',1958,blues,plenty plenty mule misery folks plenty plenty lock door afraid somebody gonna make lock door steal floor cause things prize like star sky free plenty plenty song heaven long song,30,0.00228833,0.00228833,0.00228833,0.00228833,0.00228833,0.00228833,0.00228833,0.00228833,0.00228833,0.216060411,0.00228833,0.1556118844175157,0.060175992,0.3580776452057728,0.048372187,sadness,0.8857142857142857
42663,ten years after,the stomp,1969,blues,years darkness knight reign say stop years destructions say fight knight search hide reign sword fear say power search reveal reign kaledon hide reign ready fight undead troop shield fight pure steel like immortal kaledon brave fight undead hide reign free evil say power search reveal reign kaledon say fate right light kaledon,53,0.001754386,0.437383743,0.1627221500559619,0.065439663,0.001754386,0.001754386,0.001754386,0.1493684399498297,0.001754386,0.001754386,0.001754386,0.05709896,0.042904223,0.001754386,0.001754386,violence,0.7285714285714285
30168,collin raye,if i were you,1991,country,want know roads clear life know baby know ask cause time move fast chance think know know promise live life give leave earth trust heart need fall hold close kiss away fear promise moon promise get better everyday know baby know promise live life give leave earth trust heart need fall promise live life give leave earth trust heart need fall fall,62,0.040152207,0.000862813,0.3865530688538614,0.000862813,0.000862813,0.000862813,0.036705004,0.2362906958523622,0.000862813,0.000862813,0.000862813,0.027014187,0.044345456,0.2185856272459084,0.000862813,world/life,0.4142857142857143
77138,mindless self indulgence,bitches,2000,rock,bitch cause know bitch cause know rhyme bitch cause know fuck bitch cause know time project project project bitch cause know bitch cause know rhyme bitch cause know fuck bitch cause know time project project project style style style motherfuckers bitch bitch bitch bitch bitch bitch bitch bitch bitch bitch bitch cause know style style style,56,0.001052632,0.001052632,0.001052632,0.001052632,0.001052632,0.001052632,0.001052632,0.1232655585531561,0.8588397044005311,0.001052632,0.001052632,0.001052632,0.001052632,0.001052632,0.001052632,obscene,0.2857142857142857
17909,drake,own it,2013,pop,feel guess guess guess guess bottle table water secret baby everybody guess guess guess time fuck wanna fuck wanna time talk wanna talk wanna trust time stand tall wanna standin time spend want peakin peakin weekend guess guess guess say shit shit shit shit shit shit shit shit say shit shit shit shit shit shit shit shit niggas talk bitch days shit sink niggas talk bitch days pussy quicker days straight weed liquor days cause drug kid trippin days bunch journalists searchin story exgirl searchin sorry couple bitch tryna like nigga supportin tour gettin money check nigga threats girl shit girl cause batphone workline time somethin time swear niggas talk bitch days thinkin different days break telephone single conversation time get shit switch days gonna say shit baby shit shit shit,131,0.020232887,0.000478469,0.1013821616609814,0.000478469,0.000478469,0.000478469,0.000478469,0.167315585,0.6115743942631614,0.000478469,0.000478469,0.000478469,0.000478469,0.000478469,0.000478469,obscene,0.1
82235,ras kass,the evil that men do,2018,hip hop,psssshh guess niggaz realize good thing go know sayin runnin streets trickin shit hard know fool bringin shit damn self nappy head nigga stigmatism birth bear family make fourth dysfunctional home father stay grow turn go role model watch granddaddy uncle bottle granddaddy beat grandmother time affect mind child introvert picture mother pray read scriptures church money basket tell preacher kick master hatred pop leave niggaz tryin shit petty theft catch time bust life bitch fuck eightyone remember night cover baby powder black light cause white hate black skin nigga lyric commercial,92,0.020680017,0.1241980215418064,0.062542061,0.057618413,0.000822368,0.000822368,0.000822368,0.082120898,0.4177750527286959,0.000822369,0.067460937,0.000822368,0.077175686,0.000822368,0.038438104,obscene,0.028571429
54921,chet baker,the thrill is gone,1956,jazz,thrill go thrill go eye hear sigh feel touch realize thrill go nights cold grand bird singin sky blue appeal thrill go pretend linger thrill go thrill go,28,0.002105263,0.002105263,0.002105263,0.002105263,0.002105263,0.002105263,0.4902606728667784,0.002105263,0.002105263,0.2032752774026378,0.002105263,0.002105263,0.002105263,0.002105263,0.2727798386363246,romantic,0.9142857142857144
4016,van morrison,blue money,1970,pop,photographer smile break rest best search light think drag alive alive clover spend blue money blue money cameraman smile break best best search light think drag alive alive clover spend blue money blue money clover spend blue money blue money juice money loose money juice money loose money kind money juice money loose money blue money juice money loose money blue money alright juice money,65,0.00093985,0.122975114,0.070332256,0.00093985,0.00093985,0.00093985,0.00093985,0.00093985,0.5467614856559022,0.1496887680891982,0.00093985,0.035466463,0.00093985,0.00093985,0.00093985,obscene,0.7142857142857143
1048,dion & the belmonts,a lover's prayer,1960,pop,blue think heart yearn flame burn word speak heart break care pray suffer lover prayer eye tear need think late eternity time have tear disappear deep heart answer lover prayer lover prayer say dear longer grow stronger wed bell chime dream pray come true cause care answer lover prayer,49,0.001349528,0.001349528,0.001349528,0.001349528,0.001349528,0.001349528,0.2008576518532389,0.3069506356624844,0.001349528,0.036171675,0.001349528,0.062324866,0.001349528,0.3748017836461856,0.001349528,sadness,0.8571428571428571
45006,j.j. cale,boilin' pot,1979,blues,know sexy realise eye keep like boilin whisper right ways wantin woman aren mystery style fade long havin keep like boilin whisper right keep like boilin burn right night long catch want suck easy keep like boilin burn right night,40,0.001754386,0.001754386,0.001754386,0.3208224694753501,0.001754386,0.001754386,0.1083841339347749,0.001754386,0.001754386,0.001754386,0.001754386,0.2510809147313436,0.001754386,0.001754386,0.001754386,night/time,0.5857142857142857
28265,hank williams,when god dips his love in my heart,1985,country,dip heart write soul message want know spirit divine fill sinful soul dip heart say wouldn tell live soul bring salvation couldn hide impart make laugh make set sinful soul dip heart walk step calvary rag give life completely bring better life lose sin take blood wash sin away say wouldn tell live soul bring salvation couldn hide impart make laugh make set sinful soul dip heart,67,0.001096491,0.081456014,0.3010008702174381,0.001096491,0.001096491,0.001096491,0.001096491,0.2486650360864556,0.001096491,0.001096491,0.001096491,0.001096491,0.041350806,0.2930959937186749,0.001096491,world/life,0.5
57779,leon ware,got to be loved,1981,jazz,love love love love fool school mind hell think right leave ayin darkness come light love love love love road life stumble point finger judge brotherman love love love love change rearrange life live fittest fittest shall survive stay alive love love love love gonna miss water run matter treat satisfy love love love love love reggae reggae rockers rockers reggae reggae rockers rockers love come love love love love,70,0.00093985,0.086481509,0.1869599423713942,0.042629974,0.00093985,0.00093985,0.531608588,0.047630762,0.00093985,0.00093985,0.00093985,0.025577182,0.020225588,0.00093985,0.00093985,romantic,0.5571428571428572
6052,frankie valli,our day will come,1975,pop,come share fall bring tell young know come tear think wear smile dream magic stay come come come dream magic stay come come,23,0.3595732963990125,0.002192983,0.002192983,0.002192983,0.002192982,0.002192982,0.002192983,0.058681727,0.002192983,0.002192983,0.002192983,0.1869848400939426,0.045607653,0.3184507273585938,0.002192982,sadness,0.6428571428571429
62523,kamasi washington,clair de lune,2015,jazz,solo piano grave acoustic bass transition mosley head solo trombone solo tenor saxophone kamasi piano grave string solo acoustic bass mosley head solo piano grave,25,0.007518797,0.8646616532803801,0.007518797,0.007518797,0.007518797,0.007518797,0.007518797,0.007518797,0.007518797,0.007518797,0.007518797,0.007518797,0.007518797,0.007518797,0.007518797,violence,0.071428571
31944,tracy lawrence,from what we give,1996,country,baker work make end meet bill come wrong track lend hand shirt right live dollars diamonds gold cliche give reap reach hand heart soul satisfy live life miller mansion spend life chase almighty dollar socalled riches miss soul take have feel repeat reach hand heart soul satisfy,47,0.001547988,0.001547988,0.4463733663088163,0.073192039,0.001547988,0.001547988,0.2474440831529926,0.001547988,0.001547988,0.001547988,0.078057639,0.001547988,0.001547988,0.001547988,0.058048068,world/life,0.3428571428571428
41377,mose allison,if you live,1963,blues,live time come live time come child mess cotton sack gonna scratch knees bend live time come live come live come child play pot pan gonna soon ruin pretty hand live time come live come live come shine crop grow think gonna worry live time come time come,48,0.2822844846549239,0.001253133,0.3989413987949011,0.098538236,0.001253133,0.001253133,0.001253133,0.001253133,0.001253133,0.031047096,0.001253133,0.037267146,0.040392817,0.001253133,0.001253133,world/life,0.8142857142857143
3688,the lovin' spoonful,only yesterday,1969,pop,yesterday laugh children pass know people shuffle want rest tire eye young young yesterday dance feel last hold hand play yesterday laugh children pass look away,26,0.002105263,0.002105263,0.1681330845212135,0.002105263,0.002105263,0.002105263,0.002105263,0.002105263,0.002105263,0.002105263,0.002105263,0.1085735058340275,0.2476058529512099,0.4030765606677286,0.002105263,sadness,0.7285714285714285
76429,queen,heaven for everyone,1995,rock,heaven heaven heaven days cool reflection come alright days cold affections fine heaven world world heaven world free world world cool deception smile smooth ride trouble days cruel rejection come soothe trouble mind yeah heaven world world yeah world free world bring daughters sons heaven know heaven heaven listen people souls live destroy goals basic pride dignity strip tear show pity heaven,62,0.001119821,0.001119821,0.3957443773459794,0.001119821,0.049718409,0.001119821,0.001119821,0.001119821,0.001119821,0.001119821,0.001119821,0.080576774,0.3234681922571175,0.001119821,0.001119821,world/life,0.3571428571428571
74376,ac/dc,soul stripper,1984,rock,garden underneath apple tree sittin handful flower lookin cool talk away couple hours lay hand think dream know fell trap things want play game want play soul stripper take heart soul stripper apart start movin nice easy slowly get near spine killin little feel hollow naked yeah pull knife flash stick turn take heart apart,55,0.001196172,0.001196172,0.001196172,0.001196172,0.024454571,0.027040766,0.001196172,0.049198287,0.2627699829709259,0.001196172,0.001196172,0.1647639431669102,0.001196172,0.3399967722756093,0.001196172,sadness,0.5142857142857142
80433,ajr,i'm not famous,2017,rock,haters haters famous matter famous hate hear weird shit favorite thing famous throw street judge cause famous paparazzi time paparazzi care haters haters famous matter lyric commercial,27,0.003508772,0.003508772,0.003508772,0.003508772,0.003508772,0.003508772,0.003508772,0.3644924778171173,0.4423218897822754,0.003508772,0.003508772,0.003508772,0.003508772,0.003508772,0.003508772,obscene,0.042857143
16380,will.i.am,i like to move it,2008,pop,like like like like jumpin floor dancin feet sore party hard like smarty girl cause life yeah party hardly party hard yeah bore party cause bear party gonna body hand wave like care yeah moto moto house yeah turn yeah know go physically physically physically round like like like like party party party belly start begin action pump volume speaker blastin shake grind shake grind shake like earthquake quake grind play sound play sound play play play sound little dance little dance little little little dance ants pant ants pant ants ants ants pant movin groovin doin doin doin moto moto spell moto moto step girls want photo know moto moto house turn know goin physically physically physically round like like like like like party party like party party like party party like party like shake shake like shake shake like shake somebody somebody yeah yeah yeah yeah yeah yeah gimme room gimme room gimme room like like like like like shake shake like shake shake like shake shake yeah shake girl like party party like party party like party party like party like like like,186,0.000365497,0.000365497,0.000365497,0.000365497,0.085995049,0.043562763,0.000365497,0.000365497,0.4384911679723899,0.000365497,0.000365497,0.056362722,0.1088112240646325,0.000365497,0.021495146,obscene,0.1714285714285714
70707,wanda jackson,there's a party goin' on,1961,rock,beefsteak charly athrowing feast right corner road east party goin party goin gonna swing shake shimmy till break everybody grab sunday best charly nest cause party goin party goin gonna swing shake shimmy till break betcha yeah grab shoe baby grab mink leave dish kitchen sink cause party goin party goin gonna swing shake shimmy till break yeah yeah yeah need rocket space charly asaving place cause party goin party goin gonna swing shake shimmy till break gonna swing shake shimmy till break,83,0.018920685,0.000809717,0.000809717,0.000809717,0.094856399,0.000809717,0.000809717,0.000809717,0.5679532699473057,0.000809717,0.1417044501094205,0.000809717,0.065250988,0.000809717,0.000809717,obscene,0.8428571428571429
81457,blackstreet,no diggity (re-recorded / remastered),2011,hip hop,yeah know like players diggity doubt play play play play drop go blackstreet homeys collar creations funk like acne doubt slouch long credit vouch couldn catch tell stop makin move attract honey like magnet give igasms mellow accent move flavor homeys blackstreet original rump shakers good lord baby open strictly play cover ground game pound gettin pay forte true player outta mind think girl time east push rid surprise trick stash stack cash fast come mean average baby perfect wanna like work diggity like work diggity lyric commercial,88,0.058493569,0.000974659,0.000974659,0.041181637,0.019605537,0.042560965,0.000974659,0.1302440084487815,0.4478699513811813,0.000974659,0.000974659,0.000974659,0.000974659,0.000974659,0.030454766,obscene,0.1285714285714285
34435,dave alvin,ashgrove,2004,country,blue horn toad music young slip away ashgrove hear blue play lightnin reverend stare dream doin thirty years ashgrove burn highway travelin tryin livin,24,0.003095975,0.003095975,0.003095976,0.003095975,0.003095975,0.003095975,0.003095975,0.003095975,0.2210715034345544,0.400094377,0.003095976,0.1327611399339848,0.04096832,0.1617610048532913,0.003095975,music,0.2285714285714285
77318,rob zombie,iron head,2001,rock,purpose demonoid phenomenon regulate flux reflux loose world destruct like juggernaut yeah yeah suddenly rat high bleed mass watch slumber like houdini iron head iron head iron head crucify iron head regenerate iron head exterminate iron head liberate crucify demonoid phenomenon laugh face break vent brink appear demigod yeah yeah suddenly forever know take go paint black inside head defy say iron head iron head iron head crucify iron head regenerate iron head exterminate iron head liberate crucify suddenly rat high bleed mass watch slumber like houdini iron head iron head iron head crucify iron head regenerate iron head exterminate iron head liberate crucify,104,0.001144165,0.7105486833425125,0.001144165,0.001144165,0.1001343792880063,0.001144165,0.001144165,0.001144165,0.001144165,0.001144165,0.001144165,0.06776768,0.001144165,0.001144165,0.001144165,violence,0.2714285714285714
67477,soja,be aware,2006,reggae,aware mind clear circumstance message hear matter face evil fear city life shitty life confusion falsen people rush place direction cool slow drive leave city focus truth meditation prayer aware mind clear circumstance message hear matter face evil fear walk woods backpack gear fine realize aware know hard mind stay clear speak listen bird cause plant animals messengers seek relation cause earth creation aware mind clear circumstance message hear matter face evil fear check live need gun knives survive days till babylon come false reality earth provide need like go wrong forward backwards wise live earth children kid aware mind clear circumstance message hear matter face evil fear,108,0.000701754,0.3086209671277553,0.1776536521524811,0.067775062,0.000701754,0.000701754,0.000701754,0.1577963519866995,0.000701754,0.040201311,0.080697241,0.000701754,0.1281128917643005,0.000701754,0.000701754,violence,0.2
25308,gordon lightfoot,cold on the shoulder,1975,country,need time need time time time bend rude test right cold shoulder know little older kick defy feel inside better strong belong cold shoulder know little older need trust need trust trust trust want know tell eskimos cold shoulder know little older cold shoulder know little older need need nice kick rude gonna mistake twice cold shoulder know little older cold shoulder know little older cold shoulder know little older cold shoulder know little older,75,0.000835422,0.3254713268458722,0.000835422,0.052817318,0.078750984,0.1325624432398605,0.000835422,0.3400269082724642,0.000835422,0.000835422,0.000835422,0.000835422,0.000835422,0.000835422,0.000835422,violence,0.6428571428571429
26050,don williams,when i'm with you,1978,country,write feel wonder write cause word right minute thousand hours word nights blue mind rain songs write melodies turn word say thing true nights blue mind rain instrumental write feel know write cause word right minute thousand hours word nights blue mind rain,43,0.001253133,0.001253133,0.001253133,0.2340241726562229,0.001253133,0.001253133,0.001253133,0.1800413130507047,0.001253133,0.4511766240001554,0.001253133,0.001253133,0.001253133,0.001253133,0.042043136,music,0.6
22201,eddy arnold,make the world go away,1965,country,world away shoulder things world away remember love world take away forgive world away world away shoulder things world away sorry hurt forgive world away world away shoulder things world away,31,0.001644737,0.001644737,0.473973032,0.001644737,0.001644737,0.001644737,0.036182098,0.001644737,0.001644737,0.001644737,0.001644737,0.001644737,0.001644737,0.4635290804988239,0.001644737,world/life,0.7857142857142857
37307,alan jackson,just as i am,2013,country,plea blood shed thou come thee come come toss conflict doubt fight fear come come wait soul dark blot thee blood cleanse spot come come poor wretched blind sight riches heal mind need thee come come thou receive welcome pardon cleanse relieve promise believe come come promise believe come come,50,0.4011308972960901,0.398498911,0.1748518487893524,0.001594897,0.001594897,0.001594897,0.001594896,0.001594896,0.001594896,0.001594896,0.001594896,0.001594896,0.001594896,0.001594896,0.001594896,violence,0.1
75825,pearl jam,evenflow,1991,rock,freezin rest head pillow concrete feelin maybe little better days yeah hand face see time familiar yeah dark grin help look insane yeah flow thoughts arrive like butterfly know chase away someday begin life life life kneelin look paper know read yeah prayin show feelin understand weather winter ceilings legal halls shame flow thoughts arrive like butterfly know chase away someday begin life whisper hand gently lead away away away yeah yeah fuck dollar come spare change know bless bless flow thoughts arrive like butterfly know chase away someday begin life whisper hand gently lead away away away yeah yeah,100,0.000666223,0.000666223,0.3451492814413842,0.000666223,0.1053995495271148,0.032293102,0.040894082,0.081413836,0.1745170409846251,0.022886044,0.000666223,0.000666223,0.000666223,0.1901186157813648,0.000666223,world/life,0.4142857142857143
53853,danielle nicole,cry no more,2018,blues,bird butterfly rivers mountains create know useless control go rule time give take rule time go breath choices pass strength believe soul live time rule time give take rule time go know dear fear fear begin begin start know dear fear time time time time time go go rule time give take rule time time time go,57,0.001031992,0.001031992,0.5318734778507225,0.2450817555610653,0.001031992,0.001031992,0.045422975,0.001031992,0.001031992,0.001031992,0.001031992,0.001031992,0.030937285,0.001031992,0.1113489113390053,world/life,0.028571429
68038,ali campbell,out from under,2009,reggae,breath breath come tell eye clearly long away disappear try past hold look wana dream things baby live wana feel pain good figure away feel space grow deeper darker watch know heart unbroken open choose cross line like tell thousand time wana dream things baby live wana feel pain good figure believe goner stick believe work know try goodbye forever wana dream things baby live wana feel pain good figure wana dream things baby live wana feel pain good figure,80,0.073234969,0.000773994,0.3693807680723384,0.000773994,0.000773994,0.000773994,0.027833912,0.1936035654149797,0.000773994,0.000773994,0.000773994,0.000773994,0.000773994,0.1947457903734439,0.1311390755931303,world/life,0.1571428571428571
29050,george strait,all my ex's live in texas,1987,country,live texas texas place dearly live texas hang tennessee texarkana want push broom sweet abilene forget hang moon galveston lose sanity dimple live look live texas texas place dearly live texas hang tennessee remember frio river learn swim bring mind time wear welcome transcendental meditation night come long daylight live texas texas place dearly live texas therefor reside tennessee folks think hide rumor die alive tennessee,66,0.001422475,0.001422475,0.5408340806400243,0.07755731,0.001422475,0.001422475,0.029919946,0.001422475,0.001422475,0.001422475,0.1880964364275896,0.037682391,0.001422475,0.001422475,0.001422475,world/life,0.4714285714285714
53027,jd mcpherson,bridgebuilder,2015,blues,build real true build bridge build real true build bridge bridge builder bridge builder build bridge draw straight line water bridge builder bridge builder water deep fear sink wait time dream father daughter build real true build bridge build real true build bridge build real true build bridge build real true build bridge bridge bridge bridge bridge,57,0.000993049,0.3450522390370072,0.000993049,0.038838424,0.000993049,0.000993049,0.1330685202279271,0.000993049,0.000993049,0.000993049,0.000993049,0.000993049,0.029015225,0.000993049,0.1159068844415969,violence,0.071428571
52801,the black angels,an occurrence at 4507 south third street,2014,blues,thank frighten thank hold hand salt go hand go yeah go thank frighten thank hold hand salt go hand go yeah go hang hard life heart need thank frighten thank hold hand salt go hand go yeah go hang hard give life give heart need,45,0.001315789,0.00131579,0.3041428169499483,0.001315789,0.1239551687530968,0.00131579,0.2716136098517357,0.00131579,0.001315789,0.001315789,0.067650469,0.001315789,0.001315789,0.00131579,0.2142168823796381,world/life,0.085714286
22085,charlie rich,it's all over now,1965,country,thinkin figure gonna think try freedom heart allow seein think yesterday look thinkin hop thinkin know yesterday look thinkin hop thinkin think,22,0.002506266,0.002506266,0.1299491998241844,0.002506266,0.002506266,0.002506266,0.002506266,0.2755491971998914,0.3253168982770675,0.002506266,0.002506266,0.002506266,0.050125313,0.1361142158153955,0.002506266,obscene,0.7857142857142857
11244,michael jackson,who is it,1991,pop,give money give time give inside heart give passion soul give promise secrets untold promise forever live vow live life anew promise secret time promise untrue tell matter right cause bring night judge composure cause lie reason leave friend brother somebody hurt soul stuff damn dead agony inside die head injustice unto thee pray punishment promise forever live life vow live true leave reason unexplained need truth matter right cause bring night judge composure cause bother everyday leave letter away friend brother somebody hurt soul cause lonely friend tell bother somebody hurt soul cause lonely matter right cause bring night judge composure cause lie reason leave matter right cause bring night judge composure cause bother everyday leave letter away matter right cause bring night judge composure cause lie reason leave matter right cause bring night judge composure cause bother everyday leave letter away matter right cause bring night judge composure cause bother everyday leave letter away matter right cause bring night judge composure cause lie reason leave cause lonely,169,0.000386997,0.017832647,0.3009247548081296,0.1496922777280334,0.000386997,0.014111932,0.000386997,0.2094609255645304,0.049880509,0.042734315,0.000386997,0.000386997,0.000386997,0.1873473912953706,0.02414528,world/life,0.4142857142857143
13540,built to spill,sidewalk,1999,pop,come break go long change change tube radar wrong hasn change hasn change sidewalk wait sidewalk,16,0.00478469,0.004784689,0.4703005554000832,0.2639051526630007,0.004784689,0.004784689,0.004784689,0.004784689,0.004784689,0.004784689,0.004784689,0.004784689,0.004784689,0.104659965,0.089363991,world/life,0.3
21736,ray price,that's all that matters,1964,country,cochran know past memory matter know arm hold jealous arm hold matter come alive come bring life care past know lips kiss know thrill please lips kiss matter matter,29,0.058905331,0.001949318,0.2948107681809483,0.001949318,0.001949318,0.001949318,0.3850219100422997,0.232022224,0.001949318,0.001949318,0.001949318,0.001949318,0.001949318,0.001949318,0.001949318,romantic,0.8
18007,nipsey hussle,face the world,2013,pop,dream summer go breeze stop blow leave yeah yeah life play thing safe triple bunk state prison blue lace blue chuck give fuck chuck hood ask nigga hood like wouldn nigga walk track nigga shoot strap nigga buy sack nineteen touchin bird alpinas swerve grey leather white shit smellin like purse bitch shit money risin like bisquick word help rapper crip shit pray bless young nigga learn hard lessons drug dealer triple life gang enhancement judge triple white hate blackness slam gavel racist passion waitin appeal passin offer fight late catch life look face world look tear suppose lears like year wonder niggas white hairs stressin like change lonely game homies pain slang mean brother mean trust mean raise wrong stay strong keep real fake show flake niggas story gettin cake holmes life dice shaker electric light skyscraper down real nigga lame life hater black benz signal betrayal friends long flight mind right victory spend time right victory grind right victory moms right niggas shit twist like jeanmichel basquiat destroy picture selfinflicted homicide pull trigger feel like tell contribute regardless regardless feel like tell contribute contribute,186,0.000457666,0.080503078,0.1568798397814584,0.054342267,0.018791477,0.000457666,0.000457666,0.085707991,0.480402805,0.055993535,0.000457666,0.000457666,0.000457666,0.034272781,0.028529568,obscene,0.1
58577,david sanborn,tough,1988,jazz,explain feel unreal comin feet touch grind wanna,8,0.006578947,0.34390403,0.006578947,0.006578947,0.006578947,0.006578947,0.006578949,0.006578948,0.1647477793106892,0.006578947,0.006578948,0.006578948,0.006578947,0.006578948,0.1370774072866949,violence,0.4571428571428571
75559,depeche mode,enjoy the silence,1990,rock,word like violence break silence come crash little world painful right understand little girl want need arm word unnecessary harm vow speak break feel intense word trivial pleasures remain pain word meaningless forgettable want need arm word unnecessary harm want need arm word unnecessary harm want need arm word unnecessary harm enjoy silence,53,0.001422475,0.3683109136655833,0.001422475,0.001422475,0.1198868126990118,0.05581467,0.1352369008718693,0.001422475,0.001422475,0.001422475,0.001422475,0.001422475,0.001422475,0.094062099,0.001422475,violence,0.4285714285714285
3011,the beach boys,gettin' hungry (mono),1967,pop,best stomp bitch like sumo wrestler heckler koch lay dresser catcher play pitcher players game figure ghost bullet youngin trigger beat bananas gorilla yous nigga hater brothers crocodile alligator yous fuck saver fuck player hoe japan geisha sweep throw trash thing go cash starve dinner table hear rapper fable youngin youngin ghost payne ready combat greatest plus best equal contest enter game niggas rap ghost payne tell muhfuckas nigga tell nigga bitch finger deuces fuck time ghost flow gots play better excuse fuck say pick pill enter matrix greatest naziyah word baby rest game actors scorsese yeah hear niggas talk nigga crazy ones say afford fee lady niggas dinner menu biscuits gravy come long bust murder recreate greaties forget come white girl pump martian earth exit shit tell dodge potholes know bout ruffle feather rappers like pimp say mane shoe fit nigga game turn hilson radio hurt listen gain momentum yeah buzz train underground like tubmans build trash chute roof wilkes boothe sheesh rewind head google tell best prove chauffeur roof radio cause yeah flow automatic lay cause swag autopilot,180,0.039673367,0.1333712183540402,0.000578369,0.000578369,0.035696548,0.000578369,0.000578369,0.1517418190320366,0.5410619733151212,0.059818312,0.000578369,0.000578369,0.000578369,0.000578369,0.000578369,obscene,0.7571428571428571
29263,rodney crowell,i couldn't leave you if i tried,1988,country,come go look world keep turn round say satisfy baby lie couldn leave try lose bridge cross turn upside stumble step hurt pride couldn leave try walk away matter leave believe want tear fall say darlin believe admit mistake realize baby lie couldn leave try leave matter gonna years come friends darlin need stay know say satisfy baby lie couldn leave try couldn leave try,65,0.1496662905593864,0.000835422,0.1004836454475244,0.000835422,0.000835422,0.000835422,0.000835422,0.3720938926861282,0.000835422,0.000835422,0.000835422,0.000835422,0.000835422,0.3241361975304896,0.000835422,sadness,0.4571428571428571
7573,ultravox,all stood still,1980,pop,light go fuse blow clock stop true program wrong printout block rely turbine crack build freeze choke remember mention tap leave stand stand stand stand screen shut reply lift fall siren cry radar fade pilot sigh countdowns stall readout lie turbines crack build freeze choke remember mention tap leave stand stand stand stand black fail cod cross jail decay key lose kiss breathe exhaust arcade holocaust turbine crack build freeze choke remember mention tap leave stand stand stand stand stand stand stand stand,83,0.000993049,0.7149561814795609,0.084883903,0.000993049,0.000993049,0.000993049,0.047170088,0.000993049,0.000993049,0.000993049,0.000993049,0.034131054,0.000993049,0.080589749,0.000993049,violence,0.5714285714285714
68609,vybz kartel,we never fear dem,2011,reggae,cyan beat like pickney thing pree world boss popcaan defend self everybody know gaza beat like parent cause nuff nuff interference neva fear neva neva fear diss near send grizzle coulda neva fear talk hear coulda neva fear gyal duppy scare pree badness pree pound lift bwoy diss pickney mean diss couldn pree dissapear diss bulla main fulla believe shoulda know neva fear neva neva fear diss near send grizzle coulda neva fear talk hear coulda neva fear gyal duppy scare gaza story fear granny shoulda neva neva like know shock coby scream like gyal like league flatter slowly marry game matrimoney like moony roadie real neva fear neva neva fear diss near send grizzle coulda neva fear talk hear coulda neva fear gyal duppy scare neva fear neva neva fear diss near send grizzle coulda neva fear talk hear coulda neva fear gyal duppy scare pree badness pree pound lift bwoy diss pickney mean diss couldn pree dissapear diss bulla main fulla believe shoulda know neva fear neva neva fear diss near send grizzle coulda neva fear talk hear coulda neva fear gyal duppy scare,186,0.00074129,0.5324630126952873,0.00074129,0.00074129,0.0153554,0.00074129,0.00074129,0.2761246628127679,0.00074129,0.00074129,0.00074129,0.00074129,0.084888356,0.00074129,0.00074129,violence,0.1285714285714285
14766,yellowcard,"one year, six months",2003,pop,thread reason regret forget forget felt year months know forget forget fall memories things follow beautiful place share tell know anymore easy forget forget road sure maybe forget forget nights legs tangle tight wrap dream close eye pull memories memories memories memories fall memories things follow beautiful place share fall memories things,52,0.001074114,0.001074114,0.5190950233977267,0.001074114,0.001074114,0.001074114,0.040893781,0.1234601039733756,0.001074114,0.001074114,0.001074114,0.001074114,0.001074114,0.2464842412438483,0.001074114,world/life,0.2428571428571428
19380,jacquees,at the club,2017,pop,detroit club ballers show party thug try pack party wanna know tell suppose say meet miami girl panic whip mansions know tshirt panties club dancers grab couple attractive classy romantic wanna leave girl think pull wagon jeep girl live lavish kick feet club ballers show party thug try pack party wanna know tell suppose tell think boss wanna treat know tire leech girl feature knees weak simple easy know know leave bout think pull wagon jeep live lavish kick feet wanna away hello gonna leave club club ballers show party thug try pack party wanna know tell suppose jacquees yeah yeah,101,0.000701754,0.000701754,0.036612545,0.000701754,0.029657179,0.000701754,0.000701754,0.3314683355582385,0.3080083037870005,0.000701754,0.089560659,0.000701754,0.000701755,0.013860875,0.000701754,obscene,0.042857143
36656,george strait,here for a good time,2011,country,gonna whine moan somebody wrong think minute gonna sing song believe half half glass know long time good time bring hell wine pour moonshine go stone leave long time good time folks dream like like like dance dance wrong right know tomorrow bring life short waste bring long time good time bring hell wine pour moonshine go stone leave long time good time long time good time,67,0.000822368,0.000822368,0.067408322,0.3379996644422409,0.000822368,0.000822368,0.000822368,0.000822368,0.000822368,0.1010159418309434,0.2443947039132832,0.046395568,0.000822368,0.000822368,0.1259143514146085,night/time,0.1285714285714285
11322,green day,going to pasalacqua,1991,pop,infatuation touch think sure exactly think toss turn night think ways affection different throw away past mistake contemplate future forever hand hand away away nasty weather come yeah away infatuation touch think sure exactly think toss turn night think ways affection different throw away past mistake contemplate future forever hand hand away away nasty weather come yeah away toss turn night think ways affection different throw away past mistake contemplate future forever hand hand away away nasty weather come yeah away away,82,0.000785546,0.000785546,0.2858936643832057,0.036080219,0.04567886,0.000785546,0.1196870763134129,0.1140553701854493,0.000785546,0.000785546,0.000785546,0.000785546,0.000785546,0.3382496800179516,0.000785546,sadness,0.4142857142857143
26158,conway twitty,i can't believe she gives it all to me,1978,country,pinch morning cause constantly amaze exactly want believe give lips warm face morning kiss arm reach hold tenderly satisfy completely believe give give deserve know need desperately believe give,29,0.002392345,0.002392345,0.4705048763612975,0.002392345,0.002392345,0.002392345,0.3433520469155926,0.002392345,0.002392345,0.002392345,0.002392345,0.002392345,0.002392344,0.002392345,0.085626849,world/life,0.6
78349,shinedown,devour,2008,rock,smash crash thrash trash toy like hide fight steal shoot kill route know toy devour devour suffocate empire devour devour final hour devour devour steal like foreign soul devour devour want want want want primitive want feel like want live like want like devour devour suffocate empire devour devour final hour devour devour steal like foreign soul devour devour dive round round dive round round devour devour suffocate empire devour devour final hour devour devour steal like foreign soul devour devour devour devour suffocate empire devour devour final hour devour devour steal like foreign soul devour devour,97,0.001283697,0.3786812327147547,0.001283697,0.001283697,0.001283697,0.001283697,0.001283697,0.001283697,0.001283697,0.001283697,0.1764763923514612,0.001283697,0.001283697,0.001283697,0.001283697,violence,0.1714285714285714
8950,minutemen,nature without man,1984,pop,boundary border right wrong tariff self freedom feel criminal pied heart mind pied heart mind nature nature nature nature,19,0.005847953,0.005847953,0.005847953,0.4362970016966169,0.005847953,0.005847953,0.005847953,0.005847953,0.005847953,0.005847953,0.005847953,0.005847953,0.1177628685203041,0.2600162071598223,0.098204624,night/time,0.5142857142857142
45784,robert plant,burning down one side,1982,blues,slip window door catch short transit jump fell romance fall shove tiptoe like thunder feel gently sigh knees weak head reel consume eye step shatter defenses play hookey heart slip window door take key poor heart poor heart stay cause need need need need look high look baby gotta away know baby stay stay boulevard amour shoot neon night foot alleys check door ways park ninth course kiss place help away long dream little girl see little girl,78,0.040334792,0.000848897,0.000848897,0.000848897,0.068979682,0.097759421,0.041740677,0.000848896,0.054479773,0.000848896,0.1665144751071376,0.085235161,0.000848896,0.3552726872217653,0.000848896,sadness,0.5428571428571428
46279,gary moore,shapes of things,1984,blues,shape things eye teach despise time wise lonely frame eye hurt brain come tomorrow older come tomorrow maybe soldier come tomorrow bolder today tree green see time tide soon thoughts deep mind disgrace kind come tomorrow older come tomorrow maybe soldier come tomorrow bolder today shape things eye teach despise time wise,52,0.128452123,0.037823231,0.4066295042992935,0.1619707358907187,0.001385042,0.001385042,0.001385042,0.001385042,0.001385042,0.001385042,0.001385042,0.1643450212993162,0.001385042,0.082773844,0.001385042,world/life,0.5142857142857142
79304,tame impala,beverly laurel,2013,rock,know right know right know right know right know right know right know right know right know right know right know right know right know right know right,28,0.001814882,0.001814882,0.001814882,0.4509835083420078,0.001814882,0.001814882,0.001814882,0.5181634969374754,0.001814882,0.001814882,0.001814882,0.001814882,0.001814882,0.001814882,0.001814882,night/time,0.1
75026,def leppard,love bites,1987,rock,sight watch bite look mirror think look like tell lie forever think twice touch babe yeah wild will come want touch baby cause make drive crazy know think want decide break bite bleed bring knees live die surprise beg plead need get walk throw babe want touch baby cause make drive crazy bite bleed bring knees live die surprise beg plead need want touch baby cause make drive crazy know think want decide break bite bleed bring knees live die bite bleed bring knees live die surprise beg plead need sight watch bite,93,0.1357351860163684,0.4321630223968509,0.057339996,0.000604961,0.038460256,0.000604961,0.025256178,0.1537516246603181,0.000604961,0.000604961,0.031345847,0.000604961,0.000604961,0.000604961,0.000604961,violence,0.4714285714285714
10466,melissa etheridge,no souvenirs,1989,pop,hello hello call jackpot telephone shame shame buffalo roam guess goodbye pack heart leave souvenirs want night know break lover touch dark innocent lock hide mean surrender brave brave soldier cover fell like lover burn picture break record away northern sell fear leave stand souvenirs twice think nice come kitchen play cool cool crazy fool guess late mind shouldn hard want nights know break lover touch dark innocent lock hide mean surrender brave brave soldier cover fell like lover burn picture break record away northern sell fear leave stand souvenirs shirt shoe jacket blue sale forward mail grow hair want know call come want nights know break lover touch dark innocent lock hide mean surrender brave brave soldier cover fell like lover burn picture break record away northern sell fear leave stand souvenirs yeah hello hello,136,0.000501253,0.1834576501324943,0.000501253,0.000501253,0.010230757,0.000501253,0.1289620619499575,0.1032929006915348,0.000501253,0.091342254,0.000501253,0.000501253,0.042330659,0.3192263567486769,0.000501253,sadness,0.4428571428571428
3575,glen campbell,if you go away,1968,pop,away summer away bird fly summer hearts high young nights long moon stand night song away away away stay like sail glide rain talk tree worship wind understand leave hand away away away away know tell world stop turn till return good love tell turn die slow hello away away away away know leave world trust room space like look face think keep away away away stay night like night sail smile glide touch talk eye know good go word goodbye away away away away,85,0.000634115,0.000634115,0.000634115,0.000634115,0.000634115,0.000634115,0.05716938,0.1099328798226345,0.000634115,0.03478296,0.000634115,0.2849702775787631,0.032081477,0.4088900659259482,0.033850597,sadness,0.7428571428571429
77609,korn,y'all want a single,2003,rock,want single fuck fuck fuck want single fuck fuck fuck want single fuck fuck fuck want single fuck boom boom boom boom go today gotta break away problem think gonna think blame shit think lame time stop game think time want single fuck fuck fuck want single fuck fuck fuck want single fuck fuck fuck want single fuck fuck fuck go today go knock need think blame shit think lame time stop game think time want single fuck fuck fuck want single fuck fuck fuck want single fuck fuck fuck want single fuck fuck fuck ones break drown sound world think world break want single fuck fuck fuck shit want single fuck fuck fuck shit want single fuck fuck fuck shit want single fuck fuck fuck shit fuck want single fuck fuck fuck want single fuck fuck fuck want single fuck fuck fuck want single fuck fuck fuck want single fuck fuck fuck want single fuck fuck fuck,158,0.00034626,0.00034626,0.045161473,0.00034626,0.00034626,0.00034626,0.00034626,0.00034626,0.7617157570932146,0.00034626,0.00034626,0.00034626,0.00034626,0.022449861,0.017029541,obscene,0.2428571428571428
4602,the beach boys,'til i die,1971,pop,cork ocean float rag deep ocean deep ocean lose landslide roll mountainside deep valley deep valley kill soul leaf pretty soon blow away long wind blow long wind blow ohhhh things things things things things things things things things things,40,0.001594896,0.037235039,0.3810480613931654,0.001594896,0.001594896,0.001594896,0.001594896,0.001594896,0.001594896,0.1719403809697463,0.001594896,0.001594896,0.001594896,0.001594897,0.001594896,world/life,0.7
45818,the birthday party,junkyard,1982,blues,dead marine hatch scratch scrape heavenly body inch win skin garbage sack garbage sack garbage sack come kiss stack garbage junk child take place dead marines stand drink heavenly body inch win thing garbage sack garbage sack garbage sack come kiss stack junk child take place hack hack hack hack hack hack hack hack hack heavenly body yack yack yack yack yack yack yack yack yack yack go junkface scratch scrape scratch scrape scratch scrape scratch scrape win thing garbage sack garbage sack junk bunk garbage sack garbage garbage garbage garbage garbage sack garbage sack garbage sack garbage sack garbage garbage garbage garbage junkyard junkyard junkyard junkyard,107,0.002392345,0.4090888070836396,0.002392345,0.002392345,0.002392345,0.002392345,0.1057058090643806,0.002392345,0.002392345,0.002392345,0.3476223134665222,0.002392345,0.101697901,0.002392345,0.002392345,violence,0.5428571428571428
40206,ella fitzgerald,bli-blip,1957,blues,scat bring account sing bliblip flam flam flam yaddle oddle bayou true account bliblip flam flam flam yaddle oddle bayou poor heart give start like jitterbug stop croon spoon blow swear account bliblip flam flam flam yaddle oddle bayou scat interlude poor heart give start like jitterbug stop croon spoon blow swear account bliblip flam flam flam yaddle oddle bayou,60,0.002631579,0.002631579,0.002631579,0.002631579,0.002631579,0.1090281099480256,0.002631579,0.002631579,0.002631579,0.2117901868220841,0.002631579,0.002631579,0.002631579,0.4166635384450916,0.002631579,sadness,0.9
71710,grateful dead,friend of the devil,1970,rock,reno trail hound sleep night morning come runnin time friend devil friend home daylight sleep tonight devil babe loan bill spend night utah cave hill runnin time friend devil friend home daylight sleep tonight lyric commercial,36,0.073613821,0.1261942438809895,0.001949318,0.3950752025100326,0.001949318,0.001949318,0.001949318,0.1520787511789525,0.001949318,0.078050097,0.001949318,0.001949318,0.001949318,0.001949318,0.001949318,night/time,0.7142857142857143
9930,marshall crenshaw,"crying, waiting, hoping",1987,pop,cry wait hop come mind cry wait hop come think time cry tear fallin night long wait feel useless know wrong cry wait hop come maybe someday soon things change cry tear fallin night long wait feel useless know wrong cry wait hop come maybe someday soon things change cry wait hop,52,0.065799332,0.001074114,0.001074114,0.3982540776641111,0.001074114,0.001074114,0.001074114,0.1703420929104175,0.001074114,0.001074114,0.001074114,0.001074114,0.001074114,0.3494927895208633,0.001074114,night/time,0.4714285714285714
64290,creation rebel,love i can feel,1982,reggae,sinners prophecy revelation destiny dream dream sell brother annihilation foretell remember ancient time ride judgement come world gonna blow heart soul twilight believe tomorrow sink sorrow judgement finally come world know begin eye world closin forever judgement come help tell mother earth go wrong heart remember begin desert twilight dead go heal feel want undo save live hell wanna know tale help hear world know begin eye world closin forever judgement come help gods creation finally dead go revelation judgement come forevermore stand final fury begin come guardians monsters earth live away forever curse keepers darkness world surrender evil birth clear blue ease pain guardians monsters earth lead temptation save revelations stand stand stand inside head hear hear hear little word holy father wing wish forever free yeah world know eye world closin forever judgement come help sinners prophecy revelations destiny sleep dream dream sell brothers world slowly get cold,150,0.000482859,0.2519934390209588,0.3262260420533162,0.000482859,0.009960236,0.037792928,0.000482859,0.035782483,0.000482859,0.049155112,0.013591627,0.000482859,0.094002896,0.083348841,0.025523258,world/life,0.5428571428571428
63579,the wailers,hallelujah time,1973,reggae,hear children cry know vain time change come bloom smell spring come raindrops remind youthful days rain water cane crop sweat brow substance spine live live borrow time hallelujah time hear children sing hallelujah time sing hallelujah time hallelujah sing morning hallelujah time sing rock mountains sheep scatter hill valleys burden afflictions swing hammer pull plough live like free like bird tree,62,0.001349528,0.001349528,0.1552043643587957,0.1521817541198046,0.001349528,0.001349528,0.001349528,0.001349528,0.001349528,0.3932668533923563,0.001349528,0.001349528,0.1407039145502316,0.001349528,0.001349528,music,0.6714285714285714
63334,the uniques,out of love (i'm the one love forgot),1968,reggae,care tell want let live luxury enjoyin company wish rockin daily pushin dream pursue go roof nothin gonna change immeasurable shit range gold hella stories tell girl talkin suppose nice niggas lovin daily know baby things gettin brazy work things shawty gettin lazy shoot shoot muzzle rearrange gut jigsaw puzzle lovin grind hustle gotcha runnin head frontal tryna maybe flex maybe stunt nice shawty thats jump things rough givin turtle hare race finish weather gonna build somedays better let goalsetters trendsetters rare gold unique gotta nice niggas shawty let glow stack figure figure flourish head weight forget past life move fast cherish moments hard task plus like rid firstclass figure baby girl past figure warm soul amaze mind state away twitter,121,0.05961145,0.000711238,0.1679741847050702,0.000711238,0.000711238,0.000711238,0.000711238,0.1441794064341373,0.3288602388050533,0.000711238,0.000711238,0.061737321,0.000711238,0.000711238,0.000711238,obscene,0.7428571428571429
64287,bim sherman,party time,1982,reggae,get better call get better question want sure sure miss play hook sure miss play lyric payment detail drink resend list schedule night doable bring hostel classical pull phone save money apply reup selfmade time arrival spot profit look credit spend idol paperwork milage confirm clothe brand correct trap provide dance shop gamble portion bundle dice krap handle ride home ride scandal,62,0.001594896,0.001594896,0.001594897,0.001594897,0.001594896,0.001594896,0.001594896,0.001594896,0.3966454704924122,0.001594897,0.4576211588295686,0.001594897,0.001594896,0.001594896,0.058374155,obscene,0.5428571428571428
19905,daniel caesar,who hurt you?,2018,pop,funny present turn past bana mesmerize move tell love nigga help touch smack round bubbly strange addictions pick road change opinions change flow change approach love hoe rain pour yeah feel primal pussy drop like turn throw ohnonononoohoh strippers vegas orleans booties shake like follies stack look cash blow strippers vegas orleans booties shake like follies stack look cash blow strange addictions pick road change opinions change flow change approach love hoe rain pour yeah feel primal pussy drop like turn throw,82,0.000993049,0.000993049,0.1675448686269409,0.000993049,0.040201786,0.000993049,0.07426914,0.000993049,0.3249618024644301,0.000993049,0.1433942878637229,0.000993049,0.073217994,0.000993049,0.025311106,obscene,0.028571429
19437,russ,do it myself,2017,pop,yeah yeah yeah need need fuck fuck scar pussy fuck watch look fuck teach like damn fuck puttin damn fuck scar talk fuck scar number fuck woah bout cash month coat hoe smoke fuck lookin confuse come long view fuck shit fuck fuck need need fuck fuck scar pussy fuck watch look fuck teach like damn fuck puttin damn fuck scar talk fuck scar number fuck facts game hittin phone hook beat rap reason pick cause family need cash stumble gettin dream stop runnin gettin lap step clutch plan luck adviser interrupt businesses galore open store bout world tour record need need fuck fuck scar pussy fuck watch look fuck teach like damn fuck puttin damn fuck scar talk fuck scar number fuck need need fuck fuck scar pussy fuck watch look fuck,133,0.000478469,0.000478469,0.053632426,0.000478469,0.095451749,0.000478469,0.000478469,0.000478469,0.8432603219169907,0.000478469,0.000478469,0.000478469,0.000478469,0.000478469,0.000478469,obscene,0.042857143
55657,nat king cole,wouldn't it be loverly,1964,jazz,clock strike guess baby leave somebody play say piano play blue clock strike guess room lonely room improvise memory piano play blue even close duet dusk moon glow go hangin round mind guess kind solo clock strike lord better lock downstairs door play piano play blue guess better lock door come piano play blue piano play blue,57,0.031280786,0.065442578,0.001119821,0.001119821,0.001119821,0.023602569,0.001119821,0.1508402690230577,0.001119821,0.3601305849995679,0.2382682901472402,0.088566357,0.001119821,0.001119821,0.029550536,music,0.8
35324,ricky skaggs,mandolin rain,2007,country,song come go like time spend hide rain carnival tent laugh smile awhile know till lose listen mandolin rain listen music lake listen heart break time run away listen banjo wind song drift listen tear roll face turn cool even dance listen bluegrass band take chill till play song time keep mind moments feel strong listen mandolin rain listen music lake listen heart break time run away listen banjo wind song drift listen tear roll face turn run lake shore sound summer play lake like mandolin wash away listen mandolin rain listen music lake listen heart break time run away listen banjo wind song drift listen tear roll face turn boat steam watch wheel spin think hear whistle blow change mind know time choice long listen mandolin rain listen music lake listen heart break time run away listen banjo wind song drift listen tear roll face turn,147,0.000427899,0.000427899,0.000427899,0.093699659,0.000427899,0.000427899,0.000427899,0.000427899,0.000427899,0.3937581149359489,0.000427899,0.087787821,0.000427899,0.2995402863807746,0.000427899,music,0.1857142857142857
34334,corey smith,in love with a memory,2003,country,listen radio dark hurricane shoal blanket waterfalls holdin hand sweet romance untill rooster call drive home thinkin grand felt memory sweet history hold dont fallin sould cause memory lie midland train barley hide close eye perfect body streched line revel head college september leave kiss remember memory sweet history hold fallin cause memory girls come go half women county swear heart stone flame burn away yeah lose years long today memory sweet history hold fallin cause memory cause memory memory,80,0.000907441,0.000907441,0.000907441,0.000907441,0.01988082,0.000907441,0.1923108623347166,0.000907441,0.033209643,0.091497881,0.1069626744441697,0.000907441,0.000907441,0.4541837419600695,0.000907441,sadness,0.2428571428571428
76346,monster magnet,look to your orb for the warning,1995,rock,go mountain scream time today guess think like play peak melt away launch titan breath sweat measure land time river walk walk spaceship park doorstep wait away goin goin look rate crow hook mexico slap nerve disaster friend river walk walk spaceship park doorstep wait away river get walk spaceship park doorstep wait away river river go go,58,0.001385042,0.032148418,0.001385042,0.1114425293030406,0.001385042,0.055611527,0.001385042,0.06842398,0.001385042,0.001385042,0.001385042,0.001385042,0.027744471,0.4150070900077043,0.077992553,sadness,0.3571428571428571
14906,damien rice,delicate,2003,pop,kiss watch home scar delicate sorrow word borrow place know sing hallelujah mean sing live like sacred place look face delicate sorrow word borrow place know sing hallelujah mean sing sorrow word borrow place know sing hallelujah mean sing,39,0.001697793,0.001697793,0.2727248064794413,0.001697793,0.001697793,0.001697793,0.001697793,0.269069646,0.001697793,0.3194728513584107,0.001697793,0.001697793,0.001697793,0.001697793,0.001697793,music,0.2428571428571428
62107,boney james,you can count on me,2013,jazz,count friend team till like like team till play need help stay count pall,14,0.004385965,0.004385965,0.5718579712876234,0.004385965,0.004385966,0.004385966,0.1010966185183049,0.004385965,0.004385965,0.092875922,0.004385965,0.004385965,0.004385965,0.004385965,0.004385965,world/life,0.1
57829,the crusaders,i'm so glad i'm standing here today,1981,jazz,stand today time remember fight hold head time friends try fool things heart attack couldn say hopeless tangle night strong hearts goin stand today come raise voice time song life away sing forever live break stand today lose trouble world forget remember darkest follow heart say say hopeless tangle night strong hearts goin stand today come raise voice time song life away sing forever live break stand today,68,0.000835422,0.1553716508193856,0.3774285000688508,0.064820196,0.000835422,0.086197038,0.000835422,0.000835422,0.000835422,0.1079484634929576,0.000835422,0.000835422,0.000835422,0.1973736660125239,0.000835422,world/life,0.5571428571428572
64087,culture,chiney man,1979,reggae,chiney blackman indiaaaaaans syrians hand create ohhhhhh live help hand live peaceful sister brothers hand create know heart hand create ohhhh shouldn live want money brother hand create ohhhh equal live like puss turn help hand world better place,39,0.002105263,0.002105263,0.3182143110297268,0.002105263,0.002105263,0.1705177099049025,0.2647168566672197,0.002105263,0.1363373592089486,0.002105263,0.002105263,0.002105263,0.039838342,0.002105263,0.002105263,world/life,0.5857142857142857
35787,reckless kelly,ragged as the road,2008,country,road blacktop gravel fade blue line road travel wear path cold ditch brakeman sleep dead switch faster locomotive tougher edge rockies hotter smoke rag road road crack cold scorch search soul work break pick swing steel wheel turn steel rail sing repeat road lie ahead like life brush virgin canvas free human touch take leave ghost past future faster locomotive tougher edge rockies hotter smoke rag road faster locomotive tougher edge rockies hotter smoke rag road,76,0.001144165,0.3707520480794938,0.096992271,0.001144165,0.001144165,0.001144165,0.001144165,0.001144165,0.001144165,0.061928591,0.4272240532768709,0.001144165,0.027084729,0.001144165,0.001144165,violence,0.1714285714285714
39153,riley green,that's how ya left me,2018,country,bare foot run driver door stain concrete back street think real hard chase watch taillights fade know boot feel damn heavy leave leave leave like leave small road fade like favorite song radio leave like leave warm drink right like seat light come barely breathe watch leave lonely leave funny start right mornings scream cuss beat dash beat piece junk hop hear midnight train hold dogwood maybe time think turn leave like leave small road fade like favorite song radio leave like leave warm drink right like seat light come barely breathe watch leave lonely yeah leave decide wanna come cause know leave look pretty leave leave leave like leave small road fade like favorite song radio leave like leave warm drink right like seat light come barely breathe watch leave lonely leave yeah leave,135,0.000434972,0.000434972,0.000434972,0.042848713,0.019230499,0.000434972,0.000434972,0.000434972,0.000434972,0.0859422,0.2459759408432794,0.054398448,0.000434972,0.3756550813957422,0.000434972,sadness,0.028571429
3065,the monkees,look out (here comes tomorrow),1967,pop,look come tomorrow choose wish borrow shoe sweet girl lips like strawberry long hair tail mind kinds sorrow wish love look come tomorrow wish tomorrow come tell love say true know kinds sorrow wish love look come tomorrow wish tomorrow come kinds sorrow wish love look come tomorrow wish tomorrow come darling,52,0.1624005817354862,0.001119821,0.3008659317316127,0.001119821,0.001119821,0.001119821,0.1918375414098671,0.001119821,0.001119821,0.001119821,0.001119821,0.001119821,0.001119821,0.1288231702242142,0.001119821,world/life,0.7571428571428571
60886,chris botti,are you lonesome tonight?,2005,jazz,lonesome tonight miss tonight sorry drift apart memory stray bright summer kiss call sweetheart chair parlor bare gaze doorstep picture heart fill pain shall come tell dear lonesome tonight musical break chair parlor bare gaze doorstep picture heart fill pain shall come tell dear lonesome tonight tell dear lonesome tonight,50,0.001385042,0.001385042,0.001385042,0.1375809167366976,0.001385042,0.001385042,0.14584321,0.084096787,0.001385042,0.2138477938008434,0.001385042,0.040635029,0.060837724,0.3005380404754976,0.001385042,sadness,0.2142857142857142
19293,hoodie allen,surprise party (feat. blackbear),2016,pop,walk round like fuck fuck fuck probably better baby talk speak secrets hide tell lie tell lie graduate point communications vacation bring friends crib stay little cocky stairs like prepare course meal like hibachi stop conversay like holiday bless girl godly come tonight home fuck know light hide surprise party start floor fuck room girl tour surprise party girl need invitation woah yeah surprise party surprise party girl need invitation wake feel like life excellent jump like investigation question type inspire girl undress offspring sleep fuck need coffee get busy go yeah treat like aussie ask ready commitment cruise tryna shoe cause baby think trippin maybe vision see women tryna blow steam selfesteem obviously come tonight home fuck know light hide surprise party start floor fuck room girl tour surprise party girl need invitation woah yeah surprise party surprise party girl need invitation,143,0.04039005,0.000496524,0.000496524,0.045143455,0.063060855,0.000496524,0.000496524,0.2324340773696747,0.3640392469734155,0.000496524,0.099227343,0.000496524,0.000496524,0.000496524,0.000496524,obscene,0.057142857
40925,nina simone,in the evening by the moonlight,1960,blues,traditional even moonlight mother finish work place till cornbread supper clean kitchen time give spare little daddy fiddle hang wall silvery moon shin clear bright folks enjoy night listen sing even moonlight even moonlight hear banjos ring hear moonlight hear folks sing mother enjoy night listen sing even moolight yeah even moonlight hear folks sing even moonlight hear folks sing mother enjoy night listen sing even moolight yeah even moonlight hear banjos ring even moonlight hear folks sing mother enjoy night listen sing even moolight yeah,86,0.00075188,0.00075188,0.00075188,0.025216347,0.044139218,0.066749664,0.00075188,0.00075188,0.00075188,0.4874341657939478,0.00075188,0.2967950975718205,0.069891072,0.00075188,0.00075188,music,0.8571428571428571
79197,fidlar,no waves,2012,rock,feel feel like cokehead feel feel like drink cause floor look match cook score feel feel like shoot feel feel like give skateboard cause fuck bore wanna perfect leave sunset shore feel feel like crackhead feel feel like gonna cause floor pick feel feel like grandpa feel feel like years skin cold need body need soul feel feel like get drink feel feel like fuck life friends feel feel like shoot feel feel like lay cause floor look match cook score feel feel like cokehead feel feel like drink cause floor look match cook score feel feel like shoot feel feel like give skateboard cause fuck bore wanna perfect leave sunset shore,112,0.00055991,0.00055991,0.028934528,0.00055991,0.017713034,0.00055991,0.00055991,0.00055991,0.1321627070374451,0.00055991,0.1383315275127311,0.00055991,0.00055991,0.00055991,0.3374587028006952,feelings,0.1142857142857142
66664,ky-mani marley,the stone love allstars party in session,2001,reggae,break stand work hand callous bleed break live like start dance life pass enemy life apart life color humanity program inside freedom deny life look time wonder spend look live recognize break live like start dance life pass enemy life apart life color humanity program inside freedom deny life life consequences live pain time consequences provide yeah life pass enemy life apart life color humanity program inside freedom deny life want control right care life control right care life life,80,0.000822368,0.040549755,0.4993401092714252,0.04156744,0.01775335,0.000822368,0.000822368,0.000822368,0.000822368,0.000822368,0.000822368,0.06413414,0.057365654,0.1980616779690675,0.000822368,world/life,0.2714285714285714
45874,slade,keep your hands off my power supply,1983,blues,driver state need relieve blue light flash comin aright hittin cat eye try hard follow white line ready face huntin sure maybe want autograph hand power supply away hand guess white inceptor maybe flag boys blue nose grind watch licence ready blow ready lose gotta work gonna hand power supply away hand guess gotta away ready face huntin sure better leave gear stick hand power supply away hand guess gotta away gotta away,73,0.000907441,0.3055188958946646,0.000907441,0.087994717,0.000907441,0.000907441,0.000907441,0.1296446709048898,0.1161851889301024,0.038861848,0.050890544,0.000907441,0.000907441,0.1645491944778356,0.000907441,violence,0.5285714285714286
26805,ronnie milsap,my heart,1980,country,long vacation need change scenery sight night time memory apartment friends know cause convince heart heart say smart heart tear plan apart heart admit cause heart heart belong phone number throw party convince heart heart say smart hear tear plan apart heart admit cause heart heart belong heart say smart hear tear plan apart heart admit cause heart heart belong,60,0.001052632,0.001052632,0.001052632,0.08134802,0.001052632,0.001052632,0.001052632,0.2754142401678151,0.037977415,0.001052632,0.001052632,0.001052632,0.001052632,0.5894708501496292,0.001052632,sadness,0.5714285714285714
48154,ella fitzgerald,undecided,1993,blues,undecided gonna want play stay undecided gonna sit fence sense cause suspense know promise return burn guess learn heart kind apart mind undecided gonna,24,0.002631579,0.002631579,0.002631579,0.002631579,0.002631579,0.002631579,0.002631579,0.2957679207855634,0.002631579,0.002631579,0.002631579,0.002631579,0.002631579,0.4456958622740255,0.002631579,sadness,0.3857142857142857
54359,dean martin,i ran all the way home,1951,jazz,home tell sorry mean mean home hold arm dear want near cause moment close door hear know act blindly couldn good home hold arm dear want near cause moment close door hear know act blindly couldn good home forgive want,40,0.001422475,0.001422475,0.001422475,0.001422475,0.001422475,0.001422475,0.3195574234151188,0.3566472921447514,0.001422475,0.162960554,0.001422475,0.001422475,0.001422475,0.001422475,0.056775546,romantic,0.9857142857142858
77564,chevelle,closure,2002,rock,breathe trust bless release climb hard see close rescue breathe bless twosided time rebirth hurt branch pain closure come belong closure come belong turn disease phase see come confuse soul hold breath rupture days aside rebirth hurt branch pride closure come belong closure come belong like leech hold belong precious pure dream cast see beneath fail forget closure forget closure forget closure forget closure closure come belong closure come belong breathe,71,0.1155752390617275,0.001144165,0.345370143,0.001144165,0.001144165,0.001144165,0.001144165,0.001144165,0.001144165,0.001144165,0.001144165,0.099192399,0.001144165,0.4226997471853866,0.001144165,sadness,0.2571428571428571
15465,50 cent,just a lil bit,2005,pop,yeah shady aftermath gunit damn baby need crackin club hear shit drop like whippin girl shake thing yeah work thing rotate thang wanna touch thang round round step club like gunit house yeah clique yeah young nigga school dancefloor nigga doin move fuck warn better listen talk nigga heat mine bitch tryin beef tryin drink diamonds fit mink kick time know nigga need baby girl head crib live wanna unbutton pant pull kissin touchin lickin comin stereo hard tell cause switch flow eye little cause twist pocket swoll cause neck wrist ears freeze come bitch dawg musta hear dough captain saveaho crunk club chain number chart time mane house turn dancefloor pack doubt shake thang like back like close know hear thumpin party jumpin say loud clear nigga need baby girl head crib live wanna unbutton pant pull kissin touchin lickin baby feelin right hear momma go spend night hear playin tryin fuck tonight hear clothe face nigga need baby girl head crib live wanna unbutton pant pull kissin touchin lickin nigga need baby girl head crib live wanna unbutton pant pull kissin touchin lickin,185,0.069981731,0.044390841,0.034791461,0.02796469,0.068404767,0.011319499,0.000414422,0.000414422,0.6008207676032201,0.035822646,0.000414422,0.000414422,0.000414422,0.000414422,0.000414422,obscene,0.2142857142857142
29266,patty loveless,i'll never grow tired of you,1988,country,long time drift away live darlin matter tonight dream grow tire sweetheart matter tell lately livin wrong grow tire blue eye night dream awake come start life anew lose hard grow tire sweetheart matter tell lately livin wrong grow tire wonder drift away happiness vision time treasure grow tire sweetheart matter tell lately livin wrong grow tire,57,0.032254326,0.001074114,0.3811881864590707,0.2605515896140104,0.001074114,0.001074114,0.001074114,0.134218011,0.001074114,0.027247216,0.001074114,0.001074114,0.001074114,0.1505771896271642,0.001074114,world/life,0.4571428571428571
522,the drifters,moonlight bay,1958,pop,sailin moonlight hear voice ring steal heart away sing sweet song moonlight sailin moonlight hear voice ring steal heart away sing sweet song moonlight sailin moonlight hear voice ring steal heart away sing sweet song moonlight moonlight,37,0.001503759,0.001503759,0.001503759,0.001503759,0.001503759,0.001503759,0.00150376,0.001503759,0.001503759,0.518070806,0.001503759,0.2089631843416913,0.001503759,0.2489058586495838,0.001503759,music,0.8857142857142857
18015,jon bellion,life,2013,pop,confuse kind drink sort high break miss america learn cause answer stick close doors night light club shine light club shine light club shine write bathroom wall favorite shade lipstick life write bathroom wall favorite shade lipstick life life tryna figure life life tryna figure dream bout light have trouble get convince kanye know america learn cause answer stick light light night light studio shine light studio shine yeah light studio shine write bathroom wall favorite shade lipstick life write bathroom wall favorite shade lipstick life life tryna figure life life tryna figure life tryna figure life life tryna figure write bathroom wall favorite shade lipstick life write bathroom wall favorite shade lipstick life life tryna figure life life tryna figure,121,0.000526316,0.034807047,0.259792476,0.000526316,0.010726142,0.000526316,0.000526316,0.000526316,0.3629519910090919,0.068517637,0.000526316,0.2563626017558585,0.000526316,0.000526316,0.000526316,obscene,0.1
715,the brothers four,yellow bird,1959,pop,yellow high banana tree yellow like lady friend leave nest make feel away away pretty girl today pretty girls tenderness away yellow yellow lady friend leave nest make feel away away wish yellow away yellow yellow yellow,37,0.084497509,0.002024292,0.002024292,0.002024292,0.002024291,0.002024292,0.002024292,0.086695274,0.002024292,0.002024292,0.002024292,0.088244868,0.002024292,0.4225026048656866,0.002024292,sadness,0.8714285714285714
77613,newsboys,he reigns,2003,rock,song redeem rise african plain song forgive drown amazon rain song asian believers fill holy tribe tongue nation song bear grateful choir children sing hallelujah reign reign children sing hallelujah reign reign rise wind catch heavenly sound praise echo tower cathedrals faithful gather underground songs sing creation mean persist bell ring thousand steeples ring truer children sing hallelujah reign reign power darkness tremble hear cause power darkness drown single word children sing hallelujah reign reign children sing hallelujah reign reign people sing hallelujah reign reign,85,0.00122399,0.208399929,0.00122399,0.00122399,0.00122399,0.00122399,0.00122399,0.068691618,0.00122399,0.4778309889165387,0.00122399,0.00122399,0.2267176102973299,0.00122399,0.00122399,music,0.2428571428571428
52058,the black keys,run right back,2011,blues,hit grind gonna want explode step aside hide hold pretty head come scream electric shout worst thing addict right right wanna jump track right sure right right right right right special thing read doubt write finest exterior superior allow wound worst thing addict right right wanna jump track right sure right right right right right yeah yeah yeah yeah,59,0.001119821,0.1516151547194337,0.001119821,0.3288742631405744,0.1020383245123292,0.001119821,0.016422865,0.1567100334782472,0.001119821,0.001119821,0.001119821,0.001119821,0.001119821,0.001119821,0.001119821,night/time,0.1285714285714285
22004,tammy wynette,singing my song,1964,country,song sing wear ring tempt know sure get cause cold know warm warm arm say shelter song feel like singin swing feel like swingin know right make come home night home sure singin song home sure singin song,38,0.001594896,0.001594896,0.001594896,0.033371376,0.001594896,0.001594896,0.052665413,0.2599297914056785,0.001594896,0.4324974622697701,0.001594896,0.001594896,0.001594896,0.001594896,0.062703931,music,0.8
73718,def leppard,another hit and run,1981,rock,union hole head get badly burn time laugh dance sneakers sixties songs blow speakers respect respect authority play dirty trick come cry bulldog lose bite breath go damn world laugh bring bring respect respect respect say yeah,37,0.002105263,0.4736537586885128,0.1063188,0.002105264,0.045090242,0.002105263,0.002105263,0.002105263,0.002105263,0.2695098866814141,0.002105263,0.075953626,0.002105263,0.002105263,0.002105263,violence,0.5571428571428572
75754,metallica,holier than thou,1991,rock,crap roll mouth change brain gelatin little whisper circle head worry self instead gossip burn tongue believe judge lest judge holier thou holier thou know judge look better point finger slow understand arrogance ignorance hand hand know live basis burn bridge build wealth judge lest judge holier thou holier thou know yeah hell holier thou holier thou know,58,0.001644737,0.3956268868468769,0.076663084,0.001644737,0.034118783,0.05862185,0.001644737,0.2457228960352095,0.001644737,0.001644737,0.001644737,0.087399376,0.001644737,0.001644737,0.001644737,violence,0.4142857142857143
52073,black joe lewis & the honeybears,black snake,2011,blues,beautiful mystery beautiful content till come thrill soul song beautiful roam paradise search dream realize reach heaven depend beautiful dream come true beautiful mystery beautiful content till come thrill soul song beautiful roam paradise search dream realize reach heaven depend beautiful dream come true beautiful mystery beautiful content till come thrill soul song beautiful roam paradise search dream realize reach heaven depend beautiful dream come true reach heaven depend beautiful dream come true beautiful,74,0.099042302,0.000892061,0.1766055002468212,0.000892061,0.000892061,0.000892061,0.3025562393199703,0.000892061,0.000892061,0.060257734,0.000892061,0.111060276,0.000892061,0.000892061,0.000892061,romantic,0.1285714285714285
48365,the black crowes,gone,1994,blues,save season dead blind naked scar want burn burn baby cover eye ash pray watch divine spark flash go good riddance go go waste waste go push pull baby fingernails want stab cause know hurt jinx jinx baby beautiful like fool remove dilate burn,44,0.1094252956747564,0.4482520758285882,0.001594896,0.001594897,0.001594896,0.001594896,0.001594896,0.001594896,0.001594896,0.001594896,0.001594896,0.001594896,0.001594896,0.1044905131322526,0.1587611837556788,violence,0.3714285714285714
76667,sevendust,black,1997,rock,voice different want like tell know see devil live soul promise control mindin business doin nothin wrong doin nothin wrong shadow follow close look mirror like whoa help outta feel like live deep hell mindin business doin nothin wrong mindin business doin nothin wrong say mindin mindin nothin wrong doin nothin wrong nothin wrong,54,0.001052632,0.1749189969161514,0.052772712,0.001052632,0.02136189,0.001052632,0.001052632,0.2848332990092309,0.4513762593269352,0.001052632,0.001052632,0.001052632,0.001052632,0.001052632,0.001052632,obscene,0.3285714285714285
26881,dolly parton,detroit city,1980,country,know night go sleep detroit city dream cottonfields home dream mother dear papa sisters brothers dream wait long want home want home want home kinfolks think detroit city letter write think fine cars night bar read line know want home want home want home know ride freight train north detroit city years waste time think foolish pride southbound train ride head love ones leave wait want home want home want home want home want home want home want home want home want home want home want home want home want home want,92,0.000649773,0.000649773,0.000649773,0.1132661771370606,0.000649773,0.000649773,0.024970906,0.059520363,0.000649773,0.3094359641403512,0.1467853260640645,0.000649773,0.031393116,0.000649773,0.000649773,music,0.5714285714285714
46950,the fall,"overture from 'i am curious, orange'",1988,blues,kurious oranj kurious oranj news girl news girl bremen nacht frenzuh lie,12,0.00877193,0.2115781876207978,0.00877193,0.00877193,0.00877193,0.00877193,0.00877193,0.00877193,0.00877193,0.00877193,0.00877193,0.00877193,0.00877193,0.00877193,0.3059656699739395,feelings,0.4571428571428571
74375,dokken,tooth and nail,1984,rock,desperate live drive write wall crush hop dream watch fall tear daytime burn night long break spell straight tooth nail generation reckless free odds thoughts revenge go fate lie card tear daytime burn night long break spell straight tooth nail guitar solo desperate live try break rule strong gonna free world fool tear daytime burn night long break spell straight tooth nail long break spell straight tooth nail tooth nail tooth nail straight tooth nail,75,0.001119821,0.2223087942653946,0.090111701,0.1870811088043253,0.001119821,0.001119821,0.001119821,0.001119821,0.001119821,0.0411311,0.001119821,0.001119821,0.053996582,0.3695364473520003,0.001119821,sadness,0.5142857142857142
30517,lyle lovett,all my love is gone,1992,country,bird outside window sill bird know bird go angry free love leave go go go light flash road stop know wrong go go go go pale moon thing friend go think come baby waste time go go go go go bird outside window sill bird know bird go,48,0.037528353,0.001169591,0.001169591,0.048959392,0.001169591,0.001169591,0.023974389,0.1215518443889652,0.001169591,0.1805268535085634,0.059993642,0.111583649,0.025902898,0.001169591,0.3480808644902183,feelings,0.4
14831,yellowcard,way away,2003,pop,think break gonna leave know downhill afraid away away away away feel believe feel believe feel believe stop hold burn matter afraid away away away away feel believe feel believe feel believe let noise inside let noise inside window pane shatter window pane shatter cut word speak cut word feel believe let noise inside let noise inside window pane shatter cut word speak cut word feel believe away away away away feel believe feel believe feel believe,77,0.000835422,0.000835422,0.1967514079133323,0.000835422,0.000835422,0.000835422,0.000835422,0.000835422,0.000835422,0.000835422,0.000835422,0.000835422,0.000835422,0.6177324078510881,0.1379649494121115,sadness,0.2428571428571428
26160,joe walsh,tomorrow,1978,country,tonight completely sweetly tonight light eye tomorrow last treasure moment pleasure believe magic eye darling tomorrow tonight word unspoken heart break night night meet morning meet morning like know sure tell darling tomorrow tonight word unspoken heart break night night meet morning meet morning like know sure tell darling tomorrow tomorrow tomorrow,52,0.001144165,0.001144165,0.001144165,0.3625462779940788,0.001144165,0.001144165,0.1346938142418748,0.1884350685240531,0.001144165,0.001144165,0.001144165,0.1974720465276977,0.001144165,0.1008344855181153,0.001144165,night/time,0.6
29373,the gregg allman band,island,1988,country,feel like candle hurricane like picture break frame helpless like lose fight alright alright push come shove taste bend till break cause knees look decide strong wipe hand shake stand stand life like novel rip edge canyon give go start hold hold cause push come shove taste bend till break cause knees look decide strong wipe hand shake stand stand time race small piece start fall place,67,0.000923361,0.4649440784858343,0.000923361,0.000923361,0.000923361,0.000923361,0.061337203,0.000923361,0.000923361,0.000923361,0.000923361,0.000923361,0.043736545,0.2195682662165849,0.029578348,violence,0.4571428571428571
4301,harry nilsson,the pointed man,1970,pop,finally travellers reach appear entrance pointless huge barrier small sign base read barrier oblio arrow encounter pointless point depend point view pointlees point hundreds point different directions quickly point point direction point speak point know pointless things oblio arrow notice pointless leave tree point tree point infact branch tree point different directions little strange pointless point disappear oblio arrow leave stand wonder suddenly aware strange sound come north look giant swarm be head straight seek cover jump inside hollow be attack jar loose tumble steep careen crash finally base unusual pile infact say happenin boys look like pretty shake goofin beeeeez oblio tell banish ask wether pointless say babe nuthin pointless game thing wanna hear wanna hear paris delhi want hear want hear fell soundly asleep leave oblio arrow continue pointless suddenly arrow run yards ahead oblio disappear hole point return,141,0.020120581,0.4665027374623029,0.000711238,0.000711238,0.000711238,0.010263513,0.000711238,0.2478643258345268,0.000711238,0.000711238,0.1090475938153227,0.000711238,0.089559541,0.000711238,0.000711238,violence,0.7142857142857143
8440,glenn frey,partytown,1982,pop,sick sick wife sick future sick life pack tell rybody kiss goin party yeah yeah wanna party yeah yeah wanna wanna fool goin party come go matter party night goin right right party yeah yeah party yeah yeah party yeah yeah know pass burnin like blowtorch prime rybody friend little girl couple shooters teachin rything know party yeah yeah party yeah yeah know ball right party cool yeah meet sure feel good party monster,74,0.000797448,0.000797448,0.034123151,0.023730463,0.2522328614677365,0.029068424,0.016245234,0.052699563,0.4742916126587165,0.000797448,0.000797448,0.000797448,0.000797448,0.000797448,0.041910248,obscene,0.5428571428571428
46795,chuck berry,i'm through with love,1987,blues,fall say dream lock heart feel stock heart frigidaire mean care tell care needn scold share slave wrap hound swear deep emotions devotions lock heart feel stock heart like frigidaire mean care,32,0.00228833,0.00228833,0.00228833,0.00228833,0.00228833,0.00228833,0.00228833,0.3232667961813274,0.00228833,0.00228833,0.00228833,0.00228833,0.00228833,0.6378316005502906,0.00228833,sadness,0.4714285714285714
64190,sugar minott,hard time pressure,1980,reggae,oowee right babylon pressure oowee right babylon pressure hard time pressure babylone pressure hard time pressure land land leave force stay slave babylon slave babylon rastaman face lick luck step outta babylon step yeah babylon everybody work everydoby slave right slave babylon hard time pressure slave babylon watch watch hard time pressure babylon hard time pressure babylon captain sinbad sayin caan stand pressure babylon caan stand pressure babylon babylon pressure,70,0.001697793,0.146636823,0.001697793,0.3193750029130626,0.060468604,0.1665401005663793,0.001697793,0.001697793,0.2208424808152175,0.001697793,0.001697793,0.001697793,0.06406568,0.001697793,0.001697793,night/time,0.5714285714285714
39907,ella fitzgerald,begin the beguine,1956,blues,begin beguine bring sound music tender bring night tropical splendor bring memory evergreen star shore orchestra play palm sway begin beguine live past endeavor tune clutch heart swear forever promise moments divine rapture till cloud come disperse joy taste hear people curse waste know mean begin beguine remain ember sleep like dead desire remember begin beguine begin beguine play till star return till whisper darling suddenly know heaven begin beguine begin beguine,72,0.001074114,0.045156932,0.3033954632210742,0.001074114,0.001074114,0.001074114,0.1156568112758726,0.001074114,0.001074114,0.2025127475144365,0.001074114,0.318240451,0.001074114,0.001074114,0.001074114,world/life,0.9142857142857144
8562,the dickies,stukas over disneyland,1983,pop,production line super mouse time everybody step anaheim mastermouse gonna feel fear gonna lead frontier everybody want perfect mouseketeer stukas disneyland stukas disneyland stukas disneyland stukas disneyland jiminy cricket write victory speech nottsberry farm right reach lebestraum extend beach turn gonna achieve racial need perfect order genetic destiny ticket feel fine spend long hours stand line pass inspection ears straight gonna engines fore get late,65,0.001644737,0.077170177,0.2299508458195148,0.3285142804907186,0.093636338,0.001644737,0.001644737,0.001644737,0.001644737,0.001644737,0.001644737,0.001644737,0.001644737,0.001644737,0.063434776,night/time,0.5285714285714286
40476,bobby day,so long baby,1958,blues,long baby soon start long baby spend million years hold hand tell grand long baby soon moon dissapear thank baby night souvenir come time mortal long baby tomorrow maybe meet sweetheart long baby long baby come time mortal long baby tommorrow maybe meet sweetheart long,45,0.2930261649116399,0.001385042,0.1162041564140627,0.457254387,0.001385042,0.001385042,0.064138036,0.001385042,0.001385042,0.001385042,0.001385042,0.049986673,0.001385042,0.001385042,0.001385042,night/time,0.8857142857142857
80021,ra ra riot,absolutely,2016,rock,year absolutely absolutely absolutely crush absolutely absolutely love absolutely love absolutely love absolutely ride silver bullet edge drop choice earth yeah loud hold break break break free gravity keep stop year absolutely absolutely absolutely crush absolutely absolutely love absolutely love absolutely love absolutely touch face letdown reach fever hear rocket sound leave grind earth yeah loud hold break break break free gravity keep stop year absolutely absolutely absolutely crush absolutely absolutely love absolutely love absolutely love absolutely cause young soul ooooh know ooooh earth yeah loud hold break break break free gravity keep stop year absolutely absolutely absolutely crush absolutely absolutely love absolutely love absolutely love absolutely hold stop year absolutely absolutely absolutely crush absolutely absolutely love absolutely love absolutely love absolutely,122,0.000773994,0.033797592,0.000773994,0.000773994,0.047894136,0.000773994,0.323979408,0.000773994,0.000773994,0.1507644352951478,0.03393879,0.016703933,0.110352987,0.1995901156219458,0.000773994,romantic,0.057142857
16899,demi lovato,can't back down,2010,pop,right right close eye draw line gonna straddle lose stake walk away pretend happen backyard home plate call call hear yeah confuse thing stake walk away walk away yeah wrong like confrontation music undivided unite stake pretend happen backyard home plate call call hear yeah confuse thing stake walk away walk away yeah situation ignore cause ignorance decision come equally important share risk gotta stake walk away pretend happen backyard home plate call hear confuse thing stake walk away walk away yeah right,83,0.000907441,0.000907441,0.000907441,0.0761424,0.116757459,0.000907441,0.000907441,0.1792454118427703,0.000907441,0.2118540976284146,0.000907441,0.000907441,0.000907441,0.3853797548664466,0.000907441,sadness,0.1428571428571428
59764,gorguts,obscura,1998,jazz,cloud obscura cover frame drama intra limpidus obscura limen nihilumopacitas trux omnillustrare regnum exsanguis absentia funditus silence fragment nostalgia lament frailty mind bound abyssal fence light cleanse internal sense obscure feel immensity black opera uniomystica vibrate filter emotions filtrate shapeless screen unfold reverie climate energy blackness centre whiten intra limpidus obscura limen nihilumopacitas trux omnillustrare regnum exsanguis absentia funditus,59,0.005847953,0.5521039867114866,0.005847953,0.005847954,0.005847953,0.005847953,0.005847953,0.005847953,0.005847953,0.005847953,0.005847953,0.2460215661586541,0.005847953,0.005847953,0.1083071941452168,violence,0.3142857142857143
17248,lykke li,i follow rivers,2011,pop,follow ocean unravel water wad river run high deep wild follow follow deep baby follow follow follow dark doom follow message runner rebel daughter wait river run high deep wild follow follow deep baby follow follow follow dark doom follow ohohoh ohoh ohohoh ohohoh ohoh ohohoh ohohoh ohoh ohohoh ohohoh ohoh ohohoh river run high deep wild follow follow deep baby follow follow follow dark doom follow follow follow deep baby follow follow follow dark doom follow ohohoh ohoh ohohoh ohohoh ohoh ohohoh ohohoh ohoh ohohoh ohohoh ohoh ohohoh,89,0.0710988,0.4791425564521567,0.000923361,0.000923361,0.000923361,0.000923361,0.000923361,0.000923361,0.000923361,0.000923361,0.000923361,0.1840875752638261,0.000923361,0.000923361,0.000923361,violence,0.1285714285714285
20530,lefty frizzell,if you're ever lonely darling,1957,country,lonely darling think long lonesome nights sweetheart wait mind come know maybe baby learn change someday deceive blue sweetheart night,20,0.1049618996726903,0.002923977,0.1376687364323769,0.319356555,0.002923977,0.002923977,0.071358116,0.1537836653908057,0.002923977,0.1748593303042581,0.002923977,0.002923977,0.002923977,0.002923977,0.002923977,night/time,0.9
