type,amount,nameOrig,oldbalanceOrg,newbalanceOrig,nameDest,oldbalanceDest,newbalanceDest,isFraud,isFlaggedFraud
CASH_OUT,177585.9,C1974240193,25115.0,0.0,C572986301,266286.98,443872.89,0,0
CASH_IN,295468.97,C621714984,6449944.27,6745413.24,C1698287046,351453.59,55984.62,0,0
CASH_IN,212555.73,C2109613102,4543422.46,4755978.2,C1222590577,10013669.1,9801113.37,0,0
CASH_OUT,1226.94,C1321529474,0.0,0.0,C98413973,280914.86,282141.8,0,0
CASH_OUT,61152.99,C2014741058,0.0,0.0,C549981569,275058.27,336211.26,0,0
CASH_IN,145464.8,C109408278,3974675.12,4120139.93,C823771840,1030766.53,885301.72,0,0
CASH_OUT,160099.8,C1078147777,51165.0,0.0,C229507342,2161974.73,2322074.53,0,0
PAYMENT,3943.32,C471502107,604.0,0.0,M1970661197,0.0,0.0,0,0
CASH_IN,231246.62,C451923246,7831630.79,8062877.41,C1341801275,1447684.7,1216438.08,0,0
CASH_IN,82481.59,C1679462625,12553.0,95034.59,C412826460,2045050.71,1962569.11,0,0
TRANSFER,70909.62,C1077824757,26660.0,0.0,C1384881245,40207.84,111117.46,0,0
TRANSFER,921833.43,C907763561,0.0,0.0,C91463800,7062124.92,7983958.34,0,0
CASH_OUT,68290.93,C216536756,23481.0,0.0,C1321498251,522766.57,591057.5,0,0
TRANSFER,614326.19,C1031204434,0.0,0.0,C1473516528,2628580.43,3242906.61,0,0
CASH_OUT,287575.81,C867519793,0.0,0.0,C958671211,1303140.28,1590716.09,0,0
TRANSFER,302963.36,C1807264461,0.0,0.0,C1212606882,1175795.37,1478758.74,0,0
PAYMENT,3388.18,C830596340,9061.0,5672.82,M249940214,0.0,0.0,0,0
CASH_IN,679284.51,C689299019,23813258.13,24492542.65,C1336721627,704504.56,25220.05,0,0
CASH_OUT,214890.85,C1046464298,0.0,0.0,C1090096381,555496.02,770386.87,0,0
PAYMENT,12339.03,C2133536915,0.0,0.0,M582667344,0.0,0.0,0,0
CASH_IN,79497.74,C1646366307,1917872.02,1997369.76,C1591771358,5107329.38,5027831.63,0,0
CASH_OUT,180605.57,C1919625177,0.0,0.0,C414333916,1640749.9,2025029.08,0,0
CASH_OUT,184766.65,C356513468,21536.0,0.0,C598848911,0.0,184766.65,0,0
PAYMENT,9075.83,C973406300,13821.0,4745.17,M2021839292,0.0,0.0,0,0
PAYMENT,6057.29,C1198906759,5577.0,0.0,M1672699452,0.0,0.0,0,0
PAYMENT,5244.97,C391941381,35.0,0.0,M72098688,0.0,0.0,0,0
PAYMENT,5297.81,C1798233501,0.0,0.0,M448393842,0.0,0.0,0,0
CASH_IN,444098.8,C1869505175,21094.0,465192.8,C701200999,180018.7,0.0,0,0
CASH_IN,139382.79,C150906645,3016364.1,3155746.89,C1556801274,1533380.12,1393997.33,0,0
PAYMENT,2215.81,C1934173760,0.0,0.0,M873280139,0.0,0.0,0,0
TRANSFER,859045.85,C1109021920,0.0,0.0,C760111221,3601967.49,4461013.33,0,0
CASH_OUT,50295.88,C1429104878,0.0,0.0,C65628411,1400781.09,1451076.97,0,0
CASH_IN,234186.6,C74780242,854727.14,1088913.74,C2014889877,444705.53,210518.94,0,0
PAYMENT,10407.47,C1764663367,0.0,0.0,M1945395575,0.0,0.0,0,0
CASH_IN,88487.48,C1706912340,8445871.52,8534359.0,C912360645,120971.49,32484.01,0,0
PAYMENT,2155.82,C1506411055,80684.0,78528.18,M1100693083,0.0,0.0,0,0
CASH_IN,27774.23,C415594788,232207.22,259981.45,C1617017604,126562.33,408674.43,0,0
CASH_OUT,364201.87,C2016429824,1850.0,0.0,C1103758765,1354362.9,1718564.77,0,0
CASH_OUT,195480.2,C869370239,5017.0,0.0,C408914998,1096051.26,1291531.46,0,0
TRANSFER,177478.54,C2033680863,29327.0,0.0,C2096726620,51866.64,1081920.97,0,0
CASH_IN,21997.66,C238935230,6725.5,28723.17,C65617309,0.0,0.0,0,0
PAYMENT,20824.3,C351956161,50274.0,29449.7,M1117075196,0.0,0.0,0,0
CASH_OUT,203294.97,C1161770842,0.0,0.0,C227608272,632358.64,835653.6,0,0
PAYMENT,10187.79,C2010330971,19869.0,9681.21,M1557518727,0.0,0.0,0,0
CASH_OUT,124778.04,C414879178,20728.0,0.0,C1786484209,129181.07,253959.1,0,0
CASH_OUT,130883.46,C1634782162,11842.0,0.0,C348167907,42071.24,172954.7,0,0
CASH_OUT,18652.99,C895893394,0.0,0.0,C1399939652,488316.29,506969.28,0,0
CASH_OUT,347050.24,C540195282,30289.0,0.0,C93239333,0.0,347050.24,0,0
CASH_OUT,6284.8,C1347242911,11894.0,5609.2,C1452911945,202156.73,208441.53,0,0
PAYMENT,8449.71,C1623970575,0.0,0.0,M1560927342,0.0,0.0,0,0
CASH_OUT,336855.42,C902701664,17054.0,0.0,C1202341714,48896.44,385751.86,0,0
CASH_OUT,53986.78,C1339537286,16152.0,0.0,C1685209055,362865.62,416852.4,0,0
CASH_IN,63021.69,C1098845543,2307896.5,2370918.18,C396430942,1701878.9,1638857.22,0,0
PAYMENT,1375.31,C265975770,0.0,0.0,M373586699,0.0,0.0,0,0
CASH_IN,306375.75,C1985663106,20814.0,327189.75,C1269535111,68624.69,0.0,0,0
CASH_IN,146124.65,C1558676625,868490.87,1014615.52,C1819857850,1848586.72,1702462.07,0,0
PAYMENT,20531.03,C356028556,84386.0,63854.97,M1606951045,0.0,0.0,0,0
TRANSFER,215036.08,C1226826,0.0,0.0,C1776075081,607585.66,822621.74,0,0
CASH_OUT,183257.53,C125174591,0.0,0.0,C1150630865,4214564.03,4397821.56,0,0
CASH_OUT,176514.86,C253415892,2716.0,0.0,C334647110,0.0,176514.86,0,0
PAYMENT,9575.27,C281092400,1180.08,0.0,M849235992,0.0,0.0,0,0
CASH_IN,107831.91,C1664908298,1939574.44,2047406.36,C456526192,2651145.28,2543313.37,0,0
PAYMENT,5366.97,C1202423399,53713.0,48346.03,M1284985144,0.0,0.0,0,0
CASH_IN,202104.82,C633749173,2777886.27,2979991.09,C1016473842,1084561.81,882456.99,0,0
PAYMENT,56704.75,C1343807497,160721.0,104016.25,M1691223725,0.0,0.0,0,0
CASH_IN,205732.4,C537766241,2990103.32,3195835.72,C771078480,617122.65,411390.25,0,0
PAYMENT,15268.23,C267919496,0.0,0.0,M53686864,0.0,0.0,0,0
CASH_IN,391620.32,C555087152,0.0,391620.32,C2066602083,14720140.11,14328519.79,0,0
CASH_IN,57653.64,C711035627,1575087.82,1632741.46,C198862197,5851061.31,5712019.74,0,0
TRANSFER,86212.49,C346903340,174935.54,88723.05,C995579144,1116809.06,1203021.55,0,0
PAYMENT,290.0,C1902199175,21536.0,21246.0,M2002643994,0.0,0.0,0,0
CASH_OUT,317373.42,C231139949,6023.0,0.0,C538086163,8636212.78,8953586.2,0,0
CASH_IN,184308.58,C507066067,19181.0,203489.58,C2130142904,69086.21,47220.36,0,0
CASH_OUT,241788.21,C2110217104,93475.0,0.0,C1549174019,0.0,241788.21,0,0
CASH_OUT,218683.31,C1819289084,204934.45,0.0,C970834175,1256116.88,1474800.19,0,0
CASH_IN,123778.95,C1112166588,6856674.67,6980453.62,C1066225919,715089.04,591310.1,0,0
CASH_OUT,7060.29,C1580566103,0.0,0.0,C1072636204,142380.03,149440.32,0,0
PAYMENT,19169.25,C953266520,340.0,0.0,M1005092359,0.0,0.0,0,0
TRANSFER,33086.3,C184899224,0.0,0.0,C1562954170,439443.25,472529.55,0,0
CASH_OUT,60355.47,C534825530,0.0,0.0,C925396148,284467.33,344822.81,0,0
TRANSFER,1883754.71,C1185047750,0.0,0.0,C185024017,14216360.25,16100114.96,0,0
PAYMENT,2806.69,C1429245825,601351.0,598544.31,M1295179528,0.0,0.0,0,0
CASH_OUT,53996.5,C155869481,0.0,0.0,C862909013,592191.94,646188.44,0,0
CASH_IN,18860.86,C628245949,11304417.57,11323278.43,C1369966781,190064.19,171203.33,0,0
PAYMENT,1754.14,C1829053668,42478.5,40724.36,M982956586,0.0,0.0,0,0
TRANSFER,206823.24,C1492860295,150731.0,0.0,C1247018470,289477.8,496301.04,0,0
PAYMENT,10909.19,C1438980858,0.0,0.0,M1720316179,0.0,0.0,0,0
CASH_IN,19387.12,C716155851,1913379.57,1932766.69,C980513962,64061.69,44674.57,0,0
PAYMENT,7796.53,C2125734935,0.0,0.0,M1875811470,0.0,0.0,0,0
CASH_IN,373360.89,C943466391,2699569.22,3072930.11,C15644593,455709.46,82348.56,0,0
CASH_IN,48656.7,C288477661,8705790.8,8754447.5,C1679264371,1182479.44,1133822.74,0,0
PAYMENT,57085.33,C404917086,86722.96,29637.63,M743520053,0.0,0.0,0,0
PAYMENT,6957.27,C2121133526,0.0,0.0,M493299060,0.0,0.0,0,0
CASH_IN,110864.18,C201232861,703623.65,814487.84,C1013613133,2976860.31,2880106.95,0,0
PAYMENT,16850.2,C1236363735,450004.21,433154.01,M1950603706,0.0,0.0,0,0
CASH_OUT,84923.56,C1464482466,1217.57,0.0,C1708235022,99747.16,184670.73,0,0
CASH_IN,139175.49,C1945225118,6833218.8,6972394.29,C221536892,2030494.08,1850263.73,0,0
CASH_OUT,38781.48,C1749000385,74066.0,35284.52,C1623348097,644709.6,683491.08,0,0
PAYMENT,5955.36,C1856912355,0.0,0.0,M1308795720,0.0,0.0,0,0
CASH_OUT,238636.87,C1607717929,10507.0,0.0,C254349160,282787.59,521424.45,0,0
CASH_IN,336031.81,C589466142,50772.0,386803.81,C222201177,1613055.3,970050.45,0,0
PAYMENT,3947.48,C1972250159,3260.0,0.0,M1216290877,0.0,0.0,0,0
CASH_IN,149944.8,C1636499566,617829.75,767774.55,C1008012451,5285852.37,5135907.57,0,0
PAYMENT,18119.95,C76431450,0.0,0.0,M1731112688,0.0,0.0,0,0
CASH_OUT,536782.37,C462046004,0.0,0.0,C562635378,1988239.4,3480013.51,0,0
CASH_OUT,240023.43,C1081959419,10761.0,0.0,C906853494,134420.47,374443.91,0,0
PAYMENT,2167.6,C1599497455,0.0,0.0,M1335614588,0.0,0.0,0,0
CASH_OUT,138863.09,C1836572951,0.0,0.0,C1573639036,263972.04,402835.14,0,0
PAYMENT,548.01,C1046014762,501729.97,501181.96,M1137749403,0.0,0.0,0,0
CASH_OUT,98755.22,C1896027192,0.0,0.0,C1942256519,1010006.56,1108761.77,0,0
CASH_OUT,31250.42,C1945120324,51168.0,19917.58,C1938727202,904605.18,935855.59,0,0
CASH_IN,20458.2,C1193946998,29748.0,50206.2,C1770795694,771160.46,750702.26,0,0
CASH_IN,205353.96,C1336241160,960676.61,1166030.58,C386246691,1710395.29,1505041.33,0,0
CASH_OUT,63107.01,C1267072139,0.0,0.0,C1465034067,68883.0,73407.48,0,0
CASH_OUT,441425.2,C1799575818,9468.0,0.0,C824242767,596471.17,1037896.37,0,0
CASH_IN,129290.94,C252728439,619.0,129909.94,C1682408831,28721.71,0.0,0,0
CASH_IN,119170.76,C740484175,71368.0,190538.76,C256674477,48699.7,0.0,0,0
PAYMENT,30567.0,C1917545882,0.0,0.0,M663491080,0.0,0.0,0,0
PAYMENT,12264.74,C95323119,0.0,0.0,M268083840,0.0,0.0,0,0
TRANSFER,658135.26,C380898306,0.0,0.0,C1521879161,1298341.7,1956476.96,0,0
CASH_OUT,430285.21,C845613239,0.0,0.0,C1331531264,1369133.07,1799418.28,0,0
CASH_OUT,22316.16,C245852826,0.0,0.0,C277792428,241422.48,263738.64,0,0
CASH_OUT,194857.37,C1065441534,0.0,0.0,C1601924027,481493.43,676350.8,0,0
PAYMENT,25694.44,C696701627,63362.0,37667.56,M791983700,0.0,0.0,0,0
CASH_IN,217200.08,C873691356,8959256.76,9176456.84,C1568751642,669065.3,451865.22,0,0
PAYMENT,2603.89,C1338037147,78678.0,76074.11,M1405708241,0.0,0.0,0,0
CASH_OUT,164334.34,C1549199183,20501.0,0.0,C2123678054,1472910.24,1637244.58,0,0
PAYMENT,9422.07,C231536745,0.0,0.0,M825782516,0.0,0.0,0,0
CASH_OUT,231136.9,C1807722985,482734.3,251597.4,C1844370898,3271565.36,3502702.26,0,0
PAYMENT,30623.33,C1673265519,0.0,0.0,M1597359340,0.0,0.0,0,0
TRANSFER,553369.34,C216023760,57514.0,0.0,C804111984,10871230.94,11424600.28,0,0
CASH_IN,225669.39,C455551388,222007.97,447677.36,C742439419,390172.55,0.0,0,0
CASH_IN,71089.53,C1076796124,2786634.92,2857724.44,C805503138,278725.71,207636.18,0,0
CASH_IN,90354.43,C1797971387,6171129.27,6261483.7,C906814258,154454.58,64100.15,0,0
CASH_OUT,262103.95,C358837162,0.0,0.0,C536627938,2107385.5,2369489.45,0,0
CASH_IN,112259.63,C621146529,75417.0,187676.63,C1231120814,298781.36,186521.73,0,0
PAYMENT,8737.62,C2063705248,2140.0,0.0,M467636734,0.0,0.0,0,0
CASH_OUT,1788.04,C1828415545,10320.0,8531.96,C724789640,425637.23,427425.27,0,0
PAYMENT,6709.46,C628235896,29821.0,23111.54,M859040377,0.0,0.0,0,0
TRANSFER,292349.68,C986582812,11136.0,0.0,C1915584392,24493.66,316843.34,0,0
CASH_OUT,287078.3,C1317690322,19276.0,0.0,C1019548306,46656870.07,46943948.37,0,0
CASH_OUT,34224.03,C1756515606,55219.0,20994.97,C246836229,0.0,34224.03,0,0
PAYMENT,17621.83,C200125795,45057.0,27435.17,M1972311032,0.0,0.0,0,0
CASH_IN,122193.14,C206984221,3010664.7,3132857.85,C408910098,460949.32,338756.18,0,0
PAYMENT,10562.82,C1192163439,0.0,0.0,M1978719583,0.0,0.0,0,0
CASH_OUT,305389.81,C895431872,0.0,0.0,C1179647291,4623565.49,4928955.3,0,0
CASH_IN,302672.02,C1693456378,1791992.38,2094664.4,C163690786,1919329.5,1616657.48,0,0
CASH_IN,152893.44,C1016444834,282668.92,435562.36,C830136496,1357462.95,1204569.51,0,0
TRANSFER,26878.32,C573831334,0.0,0.0,C358745053,7799107.65,7825985.97,0,0
CASH_OUT,104948.33,C814363023,0.0,0.0,C230529776,2349895.56,2454843.88,0,0
CASH_IN,147368.5,C779584338,177.0,147545.5,C1662173477,1478969.61,1331601.11,0,0
CASH_IN,222875.83,C1045623657,90193.0,313068.83,C183164773,266341.29,43465.45,0,0
CASH_OUT,250023.41,C1620285470,0.0,0.0,C958513205,27149992.84,27400016.24,0,0
CASH_IN,224509.57,C2017885654,211463.78,435973.35,C2054453247,2058600.21,1834090.63,0,0
PAYMENT,6776.72,C1730996446,0.0,0.0,M2006867888,0.0,0.0,0,0
CASH_IN,124010.58,C755629715,22251.0,146261.58,C1739213212,4566496.49,4442485.91,0,0
PAYMENT,7584.75,C1029406906,0.0,0.0,M1190868350,0.0,0.0,0,0
TRANSFER,297907.06,C1825043877,0.0,0.0,C756832757,1008699.73,1306606.79,0,0
TRANSFER,172173.8,C850050903,0.0,0.0,C2105694114,631872.05,804045.85,0,0
CASH_IN,81742.92,C617775773,211.0,81953.92,C644392185,6310545.6,6228802.68,0,0
PAYMENT,3666.89,C48475197,69565.0,65898.11,M1033242389,0.0,0.0,0,0
PAYMENT,7266.26,C420739272,17083.0,9816.74,M1779337611,0.0,0.0,0,0
PAYMENT,11525.09,C616435513,0.0,0.0,M493762279,0.0,0.0,0,0
CASH_IN,161246.96,C1143261459,1655394.34,1816641.3,C2082587026,465624.86,511902.1,0,0
CASH_OUT,357281.21,C1058010862,0.0,0.0,C1979772929,1427206.06,1784487.27,0,0
CASH_IN,130309.69,C1359522103,6012944.41,6143254.1,C1274221418,239754.12,109444.43,0,0
CASH_IN,290665.58,C2112165398,8786.85,299452.44,C1632121297,1331017.74,1040352.16,0,0
PAYMENT,8783.84,C1610445494,20736.0,11952.16,M1699626618,0.0,0.0,0,0
PAYMENT,12550.83,C1984054853,26499.0,13948.17,M16708399,0.0,0.0,0,0
CASH_OUT,30545.43,C2065725519,10571.0,0.0,C1926884159,0.0,30545.43,0,0
CASH_IN,162414.87,C611875656,26465.0,188879.87,C164918659,0.0,0.0,0,0
PAYMENT,7469.98,C751071592,0.0,0.0,M1872353599,0.0,0.0,0,0
TRANSFER,113552.09,C480624696,0.0,0.0,C950169879,2034294.68,2147846.77,0,0
CASH_IN,435760.21,C2135078881,2554283.97,2990044.19,C1663992167,582764.69,147004.47,0,0
CASH_OUT,41682.32,C21991416,0.0,0.0,C1105308215,718468.08,760150.4,0,0
CASH_OUT,215662.51,C558184631,607.73,0.0,C1447426958,2417737.79,2633400.3,0,0
CASH_IN,175317.2,C600418114,9674439.39,9849756.59,C58608931,182718.49,7401.29,0,0
CASH_OUT,134892.34,C1725343135,31484.0,0.0,C1211744499,0.0,134892.34,0,0
CASH_IN,114442.87,C1925421509,2472369.6,2586812.47,C3355829,162033.89,47591.02,0,0
CASH_IN,110127.69,C1415796161,4885626.68,4995754.37,C1801848476,753890.3,643762.61,0,0
TRANSFER,93071.49,C1909027134,0.0,0.0,C255034364,903746.34,935109.39,0,0
PAYMENT,11979.7,C1274887262,11677.0,0.0,M1282496452,0.0,0.0,0,0
PAYMENT,24570.23,C691914390,5084.32,0.0,M1103814073,0.0,0.0,0,0
CASH_OUT,539784.14,C1400198460,0.0,0.0,C69424971,2078796.3,2618580.44,0,0
PAYMENT,1711.25,C110025597,36755.0,35043.75,M305583864,0.0,0.0,0,0
CASH_OUT,290041.16,C531550929,206429.0,0.0,C1397347378,0.0,290041.16,0,0
CASH_OUT,10638.72,C436584220,11001.0,362.28,C624787056,88893.18,99531.9,0,0
CASH_OUT,37609.85,C593163139,13595.0,0.0,C995258335,0.0,37609.85,0,0
PAYMENT,21651.27,C482612893,0.0,0.0,M171097740,0.0,0.0,0,0
PAYMENT,9444.06,C2080449919,0.0,0.0,M1633052295,0.0,0.0,0,0
CASH_IN,260372.94,C1067566814,2509632.59,2770005.53,C387079201,275964.1,15591.16,0,0
CASH_OUT,99887.99,C450430778,0.0,0.0,C147259836,470413.26,570301.25,0,0
CASH_IN,40889.98,C1181279944,4538761.49,4579651.48,C309124429,1520235.65,1479345.67,0,0
CASH_IN,117564.12,C540148788,14926.0,132490.12,C502884833,0.0,0.0,0,0
TRANSFER,643556.1,C1231828623,283173.0,0.0,C1832560763,0.0,643556.1,0,0
PAYMENT,26484.42,C1080496230,0.0,0.0,M896264774,0.0,0.0,0,0
PAYMENT,28094.18,C847904401,91530.25,63436.07,M1905478156,0.0,0.0,0,0
CASH_IN,94018.27,C805107720,6118298.68,6212316.95,C563027487,99820.63,5802.36,0,0
CASH_IN,14257.19,C370569865,13092799.48,13107056.66,C2061470297,420976.68,406719.5,0,0
CASH_OUT,479409.38,C1934247515,102975.0,0.0,C1758587053,97847.91,577257.29,0,0
PAYMENT,23540.38,C1692959477,0.0,0.0,M608520101,0.0,0.0,0,0
CASH_OUT,187833.38,C1354832887,33111.0,0.0,C2106408365,1502280.4,1690113.78,0,0
PAYMENT,246.23,C2125925963,0.0,0.0,M1834567327,0.0,0.0,0,0
CASH_OUT,113046.81,C1311476723,16843.0,0.0,C2122310163,0.0,113046.81,0,0
CASH_OUT,369567.04,C1876747261,0.0,0.0,C1158579798,20493130.49,20862697.53,0,0
CASH_OUT,299321.58,C291853384,0.0,0.0,C2027569559,10109193.93,10408515.5,0,0
CASH_OUT,413818.65,C508411252,0.0,0.0,C2094889186,747262.15,869620.53,0,0
PAYMENT,7213.9,C1948077268,0.0,0.0,M536538468,0.0,0.0,0,0
PAYMENT,8352.18,C2027013130,152564.3,144212.13,M143699969,0.0,0.0,0,0
CASH_IN,253618.48,C415493364,11458478.31,11712096.79,C598289138,1001410.92,747792.45,0,0
CASH_OUT,212578.37,C1687350712,59468.0,0.0,C1367359796,47550.0,260128.38,0,0
PAYMENT,5539.21,C197926210,31211.0,25671.79,M185376851,0.0,0.0,0,0
PAYMENT,11170.12,C1545632508,0.0,0.0,M1900850549,0.0,0.0,0,0
TRANSFER,1170784.28,C693082930,0.0,0.0,C102195536,1978726.49,3149510.77,0,0
CASH_IN,191263.28,C25441527,1274536.37,1465799.65,C2051170349,2560607.6,2369344.32,0,0
CASH_IN,12268.2,C1678488393,7761393.97,7773662.17,C745043193,3228248.53,3215980.33,0,0
CASH_OUT,151814.97,C1073341038,22133.0,0.0,C1108938695,0.0,151814.97,0,0
PAYMENT,15150.42,C176807552,4018.0,0.0,M91943884,0.0,0.0,0,0
PAYMENT,3991.58,C714508743,500329.0,496337.42,M1331668412,0.0,0.0,0,0
PAYMENT,7203.24,C1326461007,79418.0,72214.76,M1723940684,0.0,0.0,0,0
CASH_OUT,635880.27,C2120505996,189653.26,0.0,C1329688547,10213313.36,10849193.63,0,0
PAYMENT,6169.57,C1801579017,105995.0,99825.43,M864168288,0.0,0.0,0,0
CASH_OUT,301920.87,C1668017743,0.0,0.0,C1774310379,892753.8,1194674.67,0,0
CASH_OUT,75580.81,C1802507692,0.0,0.0,C1874619786,116342.46,191923.26,0,0
PAYMENT,19160.9,C939408740,0.0,0.0,M498585534,0.0,0.0,0,0
CASH_IN,98142.24,C1032427601,25272.0,123414.24,C712390311,9515.88,0.0,0,0
PAYMENT,1502.13,C753567932,0.0,0.0,M1212955414,0.0,0.0,0,0
CASH_OUT,9126.84,C74855873,0.0,0.0,C1718698204,1004502.77,1013629.61,0,0
CASH_IN,397776.19,C1721295965,1032.0,398808.19,C1321640594,6351648.57,5953872.37,0,0
CASH_IN,284687.05,C1284868428,40984.0,325671.05,C1800466361,0.0,0.0,0,0
CASH_OUT,182065.29,C1532859732,7100.0,0.0,C1725525019,1520096.61,1702161.9,0,0
CASH_OUT,364224.71,C897562838,0.0,0.0,C1808712596,589031.88,953256.59,0,0
PAYMENT,9878.86,C1735946075,201894.0,192015.14,M1163971790,0.0,0.0,0,0
PAYMENT,1469.19,C1031218732,0.0,0.0,M306851188,0.0,0.0,0,0
PAYMENT,43463.31,C296506315,61697.09,18233.78,M1972635383,0.0,0.0,0,0
PAYMENT,8810.55,C957798933,871.0,0.0,M431613043,0.0,0.0,0,0
PAYMENT,27158.86,C1965405527,0.0,0.0,M379804196,0.0,0.0,0,0
PAYMENT,825.16,C1710666683,99058.0,98232.84,M1234527566,0.0,0.0,0,0
CASH_OUT,233831.13,C1362714811,0.0,0.0,C1854859601,2366525.56,2600356.69,0,0
CASH_OUT,233243.67,C106494153,0.0,0.0,C1310255027,683799.21,917042.88,0,0
CASH_OUT,520985.66,C1514736640,348353.34,0.0,C1248839266,1790.0,477345.8,0,0
PAYMENT,18731.5,C2122949411,147106.0,128374.5,M1103680107,0.0,0.0,0,0
CASH_IN,204377.75,C1956357242,1709192.43,1913570.18,C1462775235,290164.37,85786.63,0,0
CASH_IN,139204.47,C1989621459,3107796.15,3247000.62,C48665884,31320696.79,31181492.32,0,0
PAYMENT,10605.38,C2078125396,0.0,0.0,M489101103,0.0,0.0,0,0
PAYMENT,24353.28,C1897229455,558643.91,534290.64,M56235931,0.0,0.0,0,0
PAYMENT,12825.07,C1835984085,0.0,0.0,M699759875,0.0,0.0,0,0
PAYMENT,12332.34,C1495306980,34863.0,22530.66,M20513362,0.0,0.0,0,0
CASH_OUT,155990.8,C523151800,100151.0,0.0,C1121292591,152232.43,308223.22,0,0
PAYMENT,3630.27,C1889410280,3083.0,0.0,M1394223166,0.0,0.0,0,0
CASH_OUT,281139.54,C828664832,0.0,0.0,C1503151116,1746028.41,2027167.96,0,0
CASH_OUT,26770.14,C2056975251,3445.0,0.0,C1692962727,322390.47,349160.61,0,0
PAYMENT,11702.82,C506702956,5087.0,0.0,M808558144,0.0,0.0,0,0
PAYMENT,6563.4,C677510937,1751.0,0.0,M1570297468,0.0,0.0,0,0
PAYMENT,6072.7,C89607649,0.0,0.0,M1270936014,0.0,0.0,0,0
CASH_OUT,42324.13,C1643175525,0.0,0.0,C1822503762,3331674.94,3373999.08,0,0
PAYMENT,9517.32,C1499618830,91063.13,81545.81,M456057791,0.0,0.0,0,0
CASH_OUT,229611.52,C752435240,36987.0,0.0,C631798559,10984.9,240596.43,0,0
TRANSFER,10000000.0,C731702292,0.0,0.0,C1462036800,11707426.7,22534668.92,0,0
CASH_OUT,8082.56,C1497958872,0.0,0.0,C283572058,1801710.06,1809792.62,0,0
CASH_OUT,123573.48,C1826139866,0.0,0.0,C1515121276,727977.66,851551.13,0,0
PAYMENT,11496.17,C463797209,0.0,0.0,M377140259,0.0,0.0,0,0
PAYMENT,7801.46,C602883219,0.0,0.0,M1788666299,0.0,0.0,0,0
CASH_OUT,50028.92,C2040613051,66716.0,16687.08,C993856788,708.0,40829.37,0,0
PAYMENT,16119.15,C1668464629,0.0,0.0,M1257858394,0.0,0.0,0,0
PAYMENT,14281.51,C1905532991,0.0,0.0,M1139151053,0.0,0.0,0,0
PAYMENT,16986.64,C2034831238,21143.0,4156.36,M1039268927,0.0,0.0,0,0
PAYMENT,58699.61,C278915120,114318.7,55619.08,M548099550,0.0,0.0,0,0
CASH_IN,127837.5,C1594775336,1842312.57,1970150.08,C606383121,277397.5,149560.0,0,0
CASH_OUT,119568.69,C156019692,0.0,0.0,C1830662000,391635.79,511204.48,0,0
CASH_OUT,19787.19,C890930945,5318.0,0.0,C2006096491,135122.67,154909.86,0,0
CASH_IN,214667.53,C974110811,10421684.69,10636352.21,C419563446,3580838.47,3366170.94,0,0
PAYMENT,598.29,C1841487960,118607.0,118008.71,M2002939646,0.0,0.0,0,0
PAYMENT,7810.29,C262833244,0.0,0.0,M410700069,0.0,0.0,0,0
CASH_OUT,419099.05,C433620716,0.0,0.0,C2095965600,4202117.32,4621216.38,0,0
CASH_IN,198758.65,C732090964,143629.0,342387.65,C2129869786,940906.22,742147.57,0,0
CASH_OUT,5569.48,C891899388,41869.73,36300.25,C553493744,577640.76,583210.24,0,0
CASH_OUT,233369.53,C1484904385,0.0,0.0,C730610956,3070668.5,3304038.03,0,0
PAYMENT,14883.81,C624322927,0.0,0.0,M282879050,0.0,0.0,0,0
CASH_OUT,252954.77,C1482588559,0.0,0.0,C677512033,2697846.74,2950801.51,0,0
CASH_IN,142348.8,C2086446812,179.0,142527.8,C144901544,2518596.2,2376247.4,0,0
CASH_OUT,232233.04,C796352391,34754.0,0.0,C80302590,6693133.04,6925366.08,0,0
CASH_OUT,9781.31,C570222872,4480.0,0.0,C1269528429,0.0,9781.31,0,0
CASH_IN,169516.07,C274082979,70173.76,239689.83,C1989339516,1471750.93,1302234.86,0,0
PAYMENT,7955.64,C296497971,45068.82,37113.18,M1388534890,0.0,0.0,0,0
PAYMENT,6517.88,C548298469,81398.0,74880.12,M1149819010,0.0,0.0,0,0
TRANSFER,3841806.01,C800176645,0.0,0.0,C920086261,5905958.0,9747764.02,0,0
CASH_IN,172324.58,C1812327281,203860.0,376184.58,C1318248200,0.0,455790.73,0,0
CASH_OUT,371785.5,C309000244,52563.0,0.0,C2028310891,269792.26,641577.76,0,0
CASH_OUT,340680.93,C703596922,11402.0,0.0,C2028875531,3797644.5,4138325.43,0,0
CASH_IN,142664.0,C249927059,2933124.69,3075788.69,C1613123097,427809.83,285145.83,0,0
PAYMENT,3047.48,C304904183,0.0,0.0,M1829507613,0.0,0.0,0,0
PAYMENT,9095.52,C2054410434,78711.0,69615.48,M96626616,0.0,0.0,0,0
TRANSFER,83023.87,C1408312837,2004.0,0.0,C280629251,0.0,83023.87,0,0
CASH_IN,53846.93,C1907050866,10173.0,64019.93,C86201486,11069437.36,11015590.43,0,0
PAYMENT,10076.41,C1118890476,372406.51,362330.09,M2128279772,0.0,0.0,0,0
CASH_IN,264604.02,C779069785,2163.0,266767.02,C1651106234,0.0,0.0,0,0
CASH_IN,150051.99,C985474576,2464504.75,2614556.74,C1738915878,930809.06,1028768.95,0,0
CASH_IN,188989.43,C1319336837,3474992.27,3663981.7,C752912436,4287667.35,4098677.93,0,0
PAYMENT,2046.39,C741546743,463355.0,461308.61,M1042499454,0.0,0.0,0,0
PAYMENT,13886.18,C53993198,0.0,0.0,M97843083,0.0,0.0,0,0
CASH_OUT,152742.08,C1029256022,16953.0,0.0,C1281071967,15394.65,168136.73,0,0
PAYMENT,22895.83,C964938653,50330.0,27434.17,M644990170,0.0,0.0,0,0
CASH_OUT,239176.07,C582750451,160252.5,0.0,C804111984,280330.63,519506.69,0,0
CASH_IN,16693.39,C341921775,30670.0,47363.39,C1577968383,0.0,0.0,0,0
CASH_IN,132213.07,C716917655,6473204.34,6605417.41,C1222120088,384017.24,251804.16,0,0
CASH_IN,43765.14,C2091704590,21166706.05,21210471.19,C1558715733,223839.74,180074.6,0,0
PAYMENT,5441.93,C294516785,0.0,0.0,M1622156091,0.0,0.0,0,0
PAYMENT,20150.95,C1169485447,0.0,0.0,M2028947102,0.0,0.0,0,0
CASH_OUT,376159.34,C2089733439,0.0,0.0,C559483701,2742184.66,3407218.35,0,0
CASH_IN,132795.01,C816093798,10335.0,143130.01,C48630970,63963.04,0.0,0,0
CASH_IN,26657.92,C757077981,24687.0,51344.92,C1488327317,145256.84,118598.92,0,0
PAYMENT,1120.68,C1153604595,0.0,0.0,M1626103897,0.0,0.0,0,0
PAYMENT,4007.43,C1729984769,51276.0,47268.57,M32689955,0.0,0.0,0,0
PAYMENT,15669.98,C663175162,11168.38,0.0,M1703804372,0.0,0.0,0,0
CASH_IN,208208.36,C377215067,372.0,208580.36,C646668983,80806.27,0.0,0,0
CASH_IN,71210.93,C1289236488,1137.0,72347.93,C2015808096,396202.17,324991.24,0,0
CASH_OUT,150434.86,C753233265,1121.0,0.0,C1063911718,149943.07,300377.93,0,0
PAYMENT,17065.15,C77496049,249629.31,232564.16,M949450216,0.0,0.0,0,0
TRANSFER,91390.25,C2120734939,4848.0,0.0,C619103398,0.0,91390.25,0,0
TRANSFER,190394.04,C1854549892,0.0,0.0,C1172054962,910632.35,1101026.4,0,0
PAYMENT,5250.36,C1962751799,10008.0,4757.64,M467329658,0.0,0.0,0,0
CASH_OUT,62769.24,C1668390949,55401.0,0.0,C452890969,553638.71,616407.95,0,0
PAYMENT,4425.6,C1076008852,0.0,0.0,M1064802886,0.0,0.0,0,0
CASH_IN,22884.19,C750327758,453875.0,476759.19,C1891597560,2187047.05,2164162.86,0,0
CASH_OUT,205249.72,C2130299115,5456.0,0.0,C427915353,13270.39,218520.11,0,0
CASH_IN,31150.81,C1311848322,1197833.46,1228984.28,C439030639,378685.97,347535.15,0,0
PAYMENT,11441.03,C485194304,14054.0,2612.97,M1054243989,0.0,0.0,0,0
CASH_OUT,161570.66,C1306328834,0.0,0.0,C1089075015,12110774.96,12272345.62,0,0
CASH_OUT,107039.21,C1340061964,0.0,0.0,C34842594,2683817.93,2790857.14,0,0
CASH_OUT,361528.23,C2124959901,21461.0,0.0,C1091091878,352122.62,713650.85,0,0
CASH_IN,68172.0,C148508524,3338436.64,3406608.63,C1156098317,73434.3,241790.1,0,0
CASH_IN,11740.79,C13962745,779581.16,791321.94,C1376405710,79611.55,67870.76,0,0
TRANSFER,3488355.65,C1713336918,3488355.65,0.0,C1279746199,0.0,0.0,1,0
CASH_OUT,18484.1,C746448942,0.0,0.0,C1922688241,386193.67,404677.77,0,0
PAYMENT,37804.58,C2145653635,113824.0,76019.42,M542647851,0.0,0.0,0,0
PAYMENT,28975.82,C1283543338,28380.0,0.0,M483461815,0.0,0.0,0,0
PAYMENT,4767.62,C438084925,0.0,0.0,M1024037941,0.0,0.0,0,0
CASH_OUT,69266.65,C1740617939,117177.0,47910.35,C56483103,2965.16,72231.81,0,0
CASH_OUT,40380.17,C1928929167,100201.0,59820.83,C900744962,52752.89,93133.07,0,0
TRANSFER,2409841.07,C429558024,42024.0,0.0,C765454000,3970327.24,6380168.32,0,0
PAYMENT,4481.95,C126616509,948931.0,944449.05,M1885930713,0.0,0.0,0,0
PAYMENT,8013.58,C790234363,561792.0,553778.42,M1269856685,0.0,0.0,0,0
CASH_OUT,177696.78,C14055132,0.0,0.0,C247980984,2776970.93,2954667.71,0,0
CASH_OUT,444409.5,C522106228,107717.0,0.0,C415487171,0.0,444409.5,0,0
CASH_OUT,333662.4,C1415642842,0.0,0.0,C858664262,4076565.81,4410228.21,0,0
PAYMENT,15887.62,C654751583,113996.0,98108.38,M421825077,0.0,0.0,0,0
CASH_OUT,113556.33,C2061205787,87421.0,0.0,C666222090,82280.33,195836.67,0,0
CASH_IN,129801.55,C2050671076,14355013.79,14484815.34,C1498908856,2999533.51,2869731.96,0,0
CASH_OUT,331390.12,C1298503774,9574.0,0.0,C1638929173,368084.85,699474.97,0,0
CASH_IN,25846.56,C2139929363,3173388.01,3199234.57,C1759785083,3272221.64,3246375.07,0,0
CASH_IN,48408.26,C466698234,7180951.16,7229359.43,C887121069,401499.21,353090.95,0,0
DEBIT,1289.76,C1604899027,146688.0,145398.24,C1049135379,356510.25,357800.01,0,0
TRANSFER,1466773.89,C320402671,60575.0,0.0,C1758222366,291525.34,1758299.23,0,0
TRANSFER,4710142.81,C888816779,80508.36,0.0,C1126553623,7785459.57,12280685.52,0,0
CASH_OUT,47571.14,C1542340949,0.0,0.0,C444823858,538520.68,586091.82,0,0
CASH_IN,8557.97,C1903101628,1497461.42,1506019.39,C1387795103,1073252.32,1064694.35,0,0
CASH_IN,178664.14,C705745740,617154.1,795818.24,C856110187,274897.0,96232.86,0,0
PAYMENT,3774.33,C1201536930,34984.0,31209.67,M1898592861,0.0,0.0,0,0
PAYMENT,2070.23,C995624822,0.0,0.0,M1747131141,0.0,0.0,0,0
CASH_IN,382551.47,C446616722,1274244.11,1656795.58,C1534638364,393991.51,11440.05,0,0
CASH_OUT,53295.8,C814419060,24773.4,0.0,C2118296415,2175978.54,2229274.34,0,0
CASH_OUT,88834.86,C938463537,0.0,0.0,C985934102,464326.57,971418.91,0,0
CASH_OUT,365064.7,C197039205,142878.0,0.0,C1226308104,0.0,365064.7,0,0
TRANSFER,441501.78,C1747327541,4095.0,0.0,C1812256313,0.0,441501.78,0,0
TRANSFER,305453.89,C440418389,10330.0,0.0,C1221344299,2418834.46,2724288.35,0,0
CASH_IN,190820.26,C1890083732,18313615.15,18504435.41,C15027990,345535.75,154715.49,0,0
CASH_OUT,181744.83,C1598507988,30636.0,0.0,C190915059,779901.44,961646.27,0,0
DEBIT,3721.14,C144821660,11434.0,7712.86,C1247364676,309335.11,313056.25,0,0
CASH_IN,396970.96,C908394372,1880684.05,2277655.01,C1455846898,513544.3,116573.34,0,0
CASH_OUT,42082.71,C1193420584,0.0,0.0,C1104065729,529534.14,571616.85,0,0
CASH_OUT,213670.19,C507442062,20066.0,0.0,C257710769,0.0,213670.19,0,0
CASH_OUT,245778.26,C1278175130,21965.0,0.0,C1524776025,69091.14,314869.39,0,0
TRANSFER,286788.27,C498363237,22159.0,0.0,C722643330,0.0,286788.27,0,0
CASH_IN,386168.92,C1845346005,1487411.51,1873580.43,C648926512,2000403.34,1614234.42,0,0
PAYMENT,22473.98,C1002482881,78018.0,55544.02,M1988366263,0.0,0.0,0,0
PAYMENT,2403.89,C1044726457,0.0,0.0,M1245905590,0.0,0.0,0,0
PAYMENT,1434.43,C718940691,0.0,0.0,M595677491,0.0,0.0,0,0
CASH_OUT,244432.14,C1986184291,124251.0,0.0,C1205402842,0.0,244432.14,0,0
PAYMENT,17038.89,C325679343,4076.26,0.0,M117620080,0.0,0.0,0,0
PAYMENT,18793.78,C74749361,110.0,0.0,M802490327,0.0,0.0,0,0
CASH_IN,46692.21,C1898566434,2396098.65,2442790.86,C937018135,371843.75,148290.67,0,0
CASH_IN,81510.99,C2112411490,2711834.28,2793345.26,C1886238290,454463.56,372952.57,0,0
CASH_OUT,315973.09,C1584111625,0.0,0.0,C390741610,3408353.54,3724326.63,0,0
PAYMENT,8266.97,C1089635074,15703.0,7436.03,M1225072448,0.0,0.0,0,0
CASH_IN,40446.36,C1293074961,427384.49,467830.85,C802539397,101875.41,61429.04,0,0
CASH_OUT,170418.09,C1010265935,0.0,0.0,C435129435,595289.51,765707.6,0,0
CASH_OUT,26716.87,C1204427738,0.0,0.0,C292964357,41012.92,67729.79,0,0
PAYMENT,13356.1,C1315404376,0.0,0.0,M732855270,0.0,0.0,0,0
PAYMENT,15815.98,C1767048794,73487.0,57671.02,M321164358,0.0,0.0,0,0
CASH_OUT,274475.45,C2098086870,0.0,0.0,C1619402333,985001.71,2258295.49,0,0
CASH_OUT,59772.26,C684332687,620173.88,560401.62,C1780976808,48242.62,89689.58,0,0
PAYMENT,2889.89,C573342254,0.0,0.0,M632862531,0.0,0.0,0,0
PAYMENT,399.44,C956142925,0.0,0.0,M1091908674,0.0,0.0,0,0
PAYMENT,14156.9,C823971523,109665.7,95508.79,M666260929,0.0,0.0,0,0
CASH_OUT,521036.55,C18908917,31648.0,0.0,C1910740102,363840.23,1233943.84,0,0
CASH_OUT,217640.65,C34107117,0.0,0.0,C226927159,1897404.14,2115044.79,0,0
CASH_OUT,109225.44,C890227646,0.0,0.0,C1244498478,145087.98,254313.42,0,0
CASH_IN,196963.85,C1228141696,1886514.05,2083477.9,C1448290852,1796237.84,1599273.99,0,0
TRANSFER,222572.02,C401171464,237915.0,15342.98,C225970438,331811.19,554383.21,0,0
PAYMENT,32332.67,C565733959,205232.24,172899.57,M735965766,0.0,0.0,0,0
CASH_OUT,826251.79,C1058012705,0.0,0.0,C1859439136,5687245.56,6513497.34,0,0
CASH_OUT,59569.52,C233960058,0.0,0.0,C1583206925,131074.62,190644.13,0,0
PAYMENT,21612.71,C1983121071,51879.0,30266.29,M1760172558,0.0,0.0,0,0
PAYMENT,42548.66,C1769648326,0.0,0.0,M1955565811,0.0,0.0,0,0
CASH_IN,2590.06,C134172801,733407.0,735997.06,C507538622,6652203.6,6649613.53,0,0
CASH_OUT,129327.74,C745180761,197.0,0.0,C1011993878,0.0,129327.74,0,0
PAYMENT,6943.64,C2054142483,82506.12,75562.48,M1817565642,0.0,0.0,0,0
PAYMENT,10788.56,C1777699367,10246.0,0.0,M1772116516,0.0,0.0,0,0
CASH_IN,214479.47,C1229699740,14828.0,229307.47,C235156689,3164424.11,2949944.64,0,0
PAYMENT,24392.22,C1635642945,0.0,0.0,M1292628383,0.0,0.0,0,0
CASH_IN,184347.24,C1663909653,27478.0,211825.24,C853500148,0.0,0.0,0,0
PAYMENT,2999.63,C594746664,14172.13,11172.5,M404998255,0.0,0.0,0,0
PAYMENT,18726.7,C421984610,542.0,0.0,M1652114818,0.0,0.0,0,0
CASH_OUT,131748.8,C1873888678,180.0,0.0,C356719495,58067.0,114558.83,0,0
CASH_IN,89960.19,C1931678722,20391.0,110351.19,C327316894,40033.07,0.0,0,0
CASH_IN,248517.62,C80163852,384517.89,633035.5,C1139127799,747920.0,600419.77,0,0
PAYMENT,28950.38,C150932438,75114.53,46164.15,M1843157171,0.0,0.0,0,0
CASH_OUT,42010.39,C852493894,0.0,0.0,C1200569103,67857.46,109867.85,0,0
CASH_IN,133847.27,C1624835595,4568517.41,4702364.69,C2042236817,14241257.31,14107410.03,0,0
PAYMENT,6486.27,C1224086815,0.0,0.0,M1606723109,0.0,0.0,0,0
CASH_IN,29206.82,C83967758,50380.0,79586.82,C180252672,211750.89,182544.07,0,0
CASH_OUT,357762.99,C785108437,152127.0,0.0,C433336667,260134.18,617897.17,0,0
CASH_OUT,197104.76,C985133019,6514.0,0.0,C477574606,418737.1,615841.87,0,0
PAYMENT,17456.36,C273728672,155594.0,138137.64,M864366463,0.0,0.0,0,0
CASH_OUT,203403.28,C42996141,60621.0,0.0,C2057267258,1194823.73,1398227.0,0,0
CASH_OUT,58876.5,C1081217625,0.0,0.0,C1666211585,262884.13,323305.64,0,0
CASH_IN,51722.01,C288089941,107868.0,159590.01,C1534769433,0.0,0.0,0,0
PAYMENT,126.41,C1854333410,298454.0,298327.59,M1558118186,0.0,0.0,0,0
CASH_OUT,33239.12,C1808083609,702.0,0.0,C1664149871,1818171.41,1851410.53,0,0
CASH_OUT,410763.4,C462200461,0.0,0.0,C152213122,2112602.39,2523365.79,0,0
PAYMENT,25743.89,C1484468240,8756.11,0.0,M1961970903,0.0,0.0,0,0
TRANSFER,234364.56,C423155903,203063.0,0.0,C507678784,0.0,234364.56,0,0
CASH_OUT,174703.49,C1946387215,0.0,0.0,C89822982,2360404.65,2535108.14,0,0
CASH_OUT,79901.97,C657486987,257958.32,178056.34,C1430874092,2337762.61,2417664.58,0,0
CASH_IN,165282.26,C393841264,10263.0,175545.26,C1677889626,127410.9,0.0,0,0
PAYMENT,5413.37,C1835702253,0.0,0.0,M948990757,0.0,0.0,0,0
CASH_IN,224803.18,C599526077,4199250.57,4424053.75,C284060281,971782.03,746978.84,0,0
CASH_IN,60346.07,C253552995,204971.95,265318.01,C1114195095,119127.61,58781.55,0,0
CASH_OUT,163137.38,C1575697810,420.0,0.0,C1413485664,59086.31,222223.69,0,0
CASH_OUT,48279.82,C2088987648,0.0,0.0,C128187691,560848.16,609127.98,0,0
PAYMENT,11783.81,C1559518594,11971.0,187.19,M824995560,0.0,0.0,0,0
CASH_IN,156371.79,C1988042053,341053.63,497425.43,C1334798773,168405.99,12034.2,0,0
PAYMENT,2354.65,C707030338,269685.64,267330.99,M1631482077,0.0,0.0,0,0
CASH_OUT,263102.1,C1719174737,0.0,0.0,C874518166,1188885.5,1451987.6,0,0
PAYMENT,24639.6,C36364842,90328.0,65688.4,M562520036,0.0,0.0,0,0
PAYMENT,14311.32,C1358910977,44644.0,30332.68,M265903536,0.0,0.0,0,0
PAYMENT,6206.8,C704749137,10291.0,4084.2,M1820921743,0.0,0.0,0,0
CASH_OUT,183908.85,C327715312,0.0,0.0,C1258849474,1247541.65,1431450.51,0,0
CASH_OUT,342565.08,C2147370698,0.0,0.0,C603478076,1069490.82,1412055.9,0,0
PAYMENT,8617.13,C1778852553,295.0,0.0,M1849793967,0.0,0.0,0,0
CASH_OUT,95917.36,C94472602,0.0,0.0,C1885158469,118984.52,214901.88,0,0
PAYMENT,9628.89,C1280957248,0.0,0.0,M2298113,0.0,0.0,0,0
CASH_OUT,138869.38,C414678413,0.0,0.0,C1506471875,284975.49,423844.87,0,0
PAYMENT,9860.16,C1868633451,18240.61,8380.45,M115107676,0.0,0.0,0,0
CASH_OUT,86831.54,C1522875000,0.0,0.0,C1447486858,163071.52,249903.06,0,0
CASH_IN,85986.39,C1186442991,1719027.64,1805014.03,C1601949556,325487.86,239501.47,0,0
CASH_OUT,268681.34,C1466895619,18383.0,0.0,C1714801266,3483737.32,3752418.66,0,0
CASH_OUT,322678.36,C448660891,248605.36,0.0,C1457685836,1288747.07,1611425.42,0,0
TRANSFER,1011945.18,C803125665,58568.0,0.0,C1780810785,15395.92,436933.31,0,0
PAYMENT,22225.92,C75627675,113910.0,91684.08,M1911729525,0.0,0.0,0,0
CASH_OUT,121359.28,C2080102104,542.0,0.0,C787978596,0.0,121359.28,0,0
CASH_OUT,124323.81,C16982776,42574.0,0.0,C1923923205,99915.27,224239.08,0,0
PAYMENT,41628.36,C2036443975,170592.0,128963.64,M739643250,0.0,0.0,0,0
CASH_IN,281662.4,C1543151490,67997.0,349659.4,C307057242,5212457.24,4930794.83,0,0
PAYMENT,7881.45,C635689938,12753.0,4871.55,M348945979,0.0,0.0,0,0
PAYMENT,18232.69,C463785929,0.0,0.0,M1256204503,0.0,0.0,0,0
PAYMENT,3011.31,C1288205481,0.0,0.0,M664138151,0.0,0.0,0,0
TRANSFER,192722.28,C1754824315,259439.9,66717.62,C1970642308,1981433.93,2174156.2,0,0
CASH_OUT,124239.44,C72866418,0.0,0.0,C1754391457,803716.77,1001587.9,0,0
PAYMENT,1006.36,C1873331344,0.0,0.0,M533314084,0.0,0.0,0,0
PAYMENT,45328.86,C212050773,33207.5,0.0,M1859616259,0.0,0.0,0,0
PAYMENT,30345.99,C25742661,199013.0,168667.01,M680745820,0.0,0.0,0,0
CASH_OUT,238320.52,C938610828,0.0,0.0,C382609557,1650102.8,1694387.05,0,0
PAYMENT,1814.59,C884014915,16722.98,14908.39,M1555975679,0.0,0.0,0,0
PAYMENT,275.92,C831056241,0.0,0.0,M1191121053,0.0,0.0,0,0
PAYMENT,12443.56,C707990683,747092.0,734648.44,M2046119584,0.0,0.0,0,0
CASH_OUT,281791.23,C1885160617,11357.0,0.0,C1763072986,81381.0,363172.23,0,0
CASH_OUT,230751.19,C1784732232,855.0,0.0,C1835207929,0.0,230751.19,0,0
CASH_OUT,500328.45,C2034235152,0.0,0.0,C1967184605,1006200.54,1506528.99,0,0
PAYMENT,3722.09,C717517548,76626.0,72903.91,M1393416114,0.0,0.0,0,0
CASH_OUT,449570.48,C1808917467,3679.0,0.0,C1514024082,0.0,449570.48,0,0
CASH_IN,399744.82,C422753309,17032186.82,17431931.64,C1623032912,3030739.16,2630994.35,0,0
TRANSFER,565847.21,C1021931379,0.0,0.0,C235789439,3103123.7,3668970.91,0,0
PAYMENT,8956.92,C608315764,14728.0,5771.08,M923913666,0.0,0.0,0,0
CASH_OUT,135618.53,C1370760686,0.0,0.0,C800281454,5535912.03,5671530.56,0,0
CASH_IN,17659.11,C1275698128,22157.0,39816.11,C1712200566,553077.56,535418.44,0,0
CASH_IN,212222.47,C1058666901,3740119.14,3952341.61,C1376418959,448099.3,235876.83,0,0
PAYMENT,27968.14,C1060725669,117699.1,89730.96,M1899571352,0.0,0.0,0,0
CASH_IN,235663.94,C736281708,7274712.24,7510376.18,C139257479,1628594.85,1392930.91,0,0
TRANSFER,205096.18,C2116069289,1108.0,0.0,C1076326519,4566383.64,4771479.81,0,0
PAYMENT,3236.22,C1546727972,0.0,0.0,M505316221,0.0,0.0,0,0
PAYMENT,18402.23,C235482038,7795.78,0.0,M1771224356,0.0,0.0,0,0
PAYMENT,14051.26,C126796733,45414.2,31362.94,M1483559042,0.0,0.0,0,0
PAYMENT,20641.07,C197376721,0.0,0.0,M744996978,0.0,0.0,0,0
PAYMENT,669.67,C241015348,0.0,0.0,M1978689490,0.0,0.0,0,0
PAYMENT,1913.64,C878093763,19886.0,17972.36,M102127563,0.0,0.0,0,0
CASH_IN,132169.77,C475169765,703.0,132872.77,C1233934230,0.0,0.0,0,0
CASH_IN,277034.74,C1145706011,1388394.49,1665429.23,C194286777,3585715.54,3308680.8,0,0
CASH_IN,64606.3,C87493691,94263.44,158869.74,C1152167264,267605.3,202999.0,0,0
CASH_OUT,44778.76,C2058269385,1005.0,0.0,C1840541443,445568.24,490346.99,0,0
CASH_OUT,25587.54,C305790700,236.0,0.0,C779561817,1803865.66,1829453.2,0,0
PAYMENT,26348.89,C2128331881,0.0,0.0,M1608122792,0.0,0.0,0,0
CASH_OUT,53060.6,C804418828,0.0,0.0,C830967669,853741.84,906802.45,0,0
PAYMENT,16608.75,C1707997015,0.0,0.0,M2147097176,0.0,0.0,0,0
CASH_IN,12147.8,C1441967361,3927990.58,3940138.37,C2052417245,2333361.08,2321213.28,0,0
CASH_OUT,214787.51,C1940701842,0.0,0.0,C1429931581,470090.48,684877.99,0,0
CASH_IN,11198.72,C2049442532,30455.0,41653.72,C187482,0.0,0.0,0,0
CASH_IN,219315.97,C1891516620,28206.0,247521.97,C43286328,0.0,0.0,0,0
PAYMENT,6832.4,C1772550919,182481.0,175648.6,M1895794909,0.0,0.0,0,0
PAYMENT,27509.73,C758737391,0.0,0.0,M1731876662,0.0,0.0,0,0
CASH_OUT,90965.86,C1647366870,0.0,0.0,C182468868,58015311.26,58106277.12,0,0
CASH_OUT,76517.15,C1416014816,0.0,0.0,C1811985094,789377.35,865894.5,0,0
PAYMENT,8984.07,C9284313,482.0,0.0,M595487336,0.0,0.0,0,0
PAYMENT,14947.92,C1242302684,52276.0,37328.08,M2129644229,0.0,0.0,0,0
CASH_OUT,8555.79,C922288553,0.0,0.0,C968448640,5465403.25,5372675.87,0,0
CASH_OUT,147290.58,C646782183,0.0,0.0,C1934729366,53729078.35,53876368.93,0,0
CASH_OUT,2199.56,C1083046683,76966.11,74766.54,C1031205793,3505.26,5704.82,0,0
PAYMENT,3222.82,C599914056,338076.79,334853.97,M20629414,0.0,0.0,0,0
CASH_IN,187448.35,C1275654646,12.0,187460.35,C1727838828,5042930.08,4855481.73,0,0
CASH_OUT,329377.1,C863535120,0.0,0.0,C1830516161,966868.39,1296245.49,0,0
PAYMENT,13361.47,C1605916062,0.0,0.0,M1258021414,0.0,0.0,0,0
PAYMENT,34608.9,C454380216,639590.13,604981.23,M1824091690,0.0,0.0,0,0
CASH_OUT,346972.41,C1945581021,0.0,0.0,C880423272,1032992.75,1379965.16,0,0
PAYMENT,13750.06,C985053274,0.0,0.0,M341242559,0.0,0.0,0,0
CASH_IN,151665.59,C419773711,8025358.69,8177024.28,C720115523,1993369.95,1841704.36,0,0
PAYMENT,2382.3,C308088426,65676.57,63294.27,M120957447,0.0,0.0,0,0
CASH_IN,337853.47,C702642521,15523716.01,15861569.48,C1977741755,573689.83,235836.36,0,0
PAYMENT,38524.73,C2039179807,41656.0,3131.27,M758470286,0.0,0.0,0,0
CASH_IN,83089.56,C1972937129,4323787.98,4406877.54,C767326499,26266021.81,26182932.25,0,0
CASH_IN,278676.58,C966507763,69456.0,348132.58,C488569450,0.0,0.0,0,0
CASH_OUT,89432.97,C786460724,17034.0,0.0,C881912441,1392802.07,1482235.04,0,0
PAYMENT,10208.21,C51661405,0.0,0.0,M547436746,0.0,0.0,0,0
PAYMENT,11486.57,C718283677,40588.0,29101.43,M1840744044,0.0,0.0,0,0
TRANSFER,167891.42,C1420649996,30255.38,0.0,C79210426,992678.64,1320605.63,0,0
CASH_OUT,155793.84,C1395273026,51812.0,0.0,C562930169,1224031.98,1379825.83,0,0
PAYMENT,14232.83,C823277578,205549.0,191316.17,M44861672,0.0,0.0,0,0
CASH_OUT,31426.86,C1172784719,22218.0,0.0,C187019413,532403.0,563829.86,0,0
CASH_IN,343795.06,C278710639,25987537.43,26331332.49,C1603802034,2319896.89,1976101.83,0,0
PAYMENT,2165.46,C794341130,6194.0,4028.54,M27128692,0.0,0.0,0,0
CASH_OUT,158329.4,C2056135929,0.0,0.0,C73736335,606438.13,764767.53,0,0
CASH_OUT,402013.18,C1910270517,100782.0,0.0,C2057389797,0.0,402013.18,0,0
PAYMENT,24731.77,C696167759,51820.0,27088.23,M968760211,0.0,0.0,0,0
CASH_OUT,334651.0,C28042122,287346.36,0.0,C1416620445,500626.61,835277.61,0,0
TRANSFER,452248.68,C1864588682,50553.0,0.0,C1615219336,4177650.5,4629899.18,0,0
TRANSFER,872908.38,C268424902,49625.0,0.0,C1875997963,0.0,872908.38,0,0
CASH_OUT,61074.08,C959334148,452548.0,391473.92,C1004949263,2488053.09,2549127.17,0,0
PAYMENT,17848.64,C736457009,217772.49,199923.85,M1618648462,0.0,0.0,0,0
PAYMENT,7632.29,C1938987243,109800.01,102167.72,M131414811,0.0,0.0,0,0
CASH_IN,362222.11,C1318775484,6307463.85,6669685.96,C111362599,1172929.8,810707.69,0,0
PAYMENT,14664.37,C1270314157,0.0,0.0,M782866499,0.0,0.0,0,0
PAYMENT,17324.95,C2119546757,90772.0,73447.05,M227821041,0.0,0.0,0,0
TRANSFER,886508.78,C489180940,110849.0,0.0,C379945816,41844.26,928353.04,0,0
CASH_OUT,27602.37,C208978209,6114.0,0.0,C682898564,2549829.85,2577432.22,0,0
CASH_OUT,153556.76,C1843485379,5621.0,0.0,C1137790312,9834.86,163391.61,0,0
TRANSFER,125662.91,C1723896660,0.0,0.0,C2034709377,380658.07,506320.98,0,0
CASH_OUT,246762.31,C809990997,0.0,0.0,C513408147,2903054.29,3149816.6,0,0
PAYMENT,4168.86,C1918905438,0.0,0.0,M85430514,0.0,0.0,0,0
CASH_OUT,292839.03,C927021686,107312.0,0.0,C432548258,352471.91,664635.01,0,0
CASH_IN,79249.92,C1792336313,9619523.27,9698773.19,C1333805030,140914.4,61664.48,0,0
CASH_OUT,158755.52,C922325748,0.0,0.0,C251706406,869091.83,1027847.35,0,0
PAYMENT,3027.71,C321909013,0.0,0.0,M541103545,0.0,0.0,0,0
PAYMENT,9178.24,C457792299,6850.73,0.0,M339889532,0.0,0.0,0,0
CASH_IN,203899.39,C652958886,3873058.74,4076958.13,C351733325,2923003.93,2719104.53,0,0
TRANSFER,2424911.03,C113375409,50174.0,0.0,C1419054801,949942.69,3374853.72,0,0
CASH_OUT,54685.71,C808690440,0.0,0.0,C769070265,171779.6,226465.32,0,0
CASH_OUT,117793.6,C1502624899,0.0,0.0,C811857451,196524.41,314318.01,0,0
PAYMENT,8839.62,C1548175375,61567.0,52727.38,M94013590,0.0,0.0,0,0
CASH_OUT,94240.07,C1097109606,0.0,0.0,C448759580,5651336.8,5745576.87,0,0
PAYMENT,13987.65,C331169474,0.0,0.0,M248055984,0.0,0.0,0,0
CASH_OUT,400281.09,C539021967,0.0,0.0,C1520941036,2887775.23,3288056.32,0,0
CASH_IN,91086.74,C1673023657,403057.44,494144.17,C1194772633,351869.02,260782.28,0,0
PAYMENT,39741.75,C902989270,5034.0,0.0,M1414630343,0.0,0.0,0,0
CASH_OUT,221048.51,C1827858863,10353.0,0.0,C679807310,1097663.76,1318712.27,0,0
PAYMENT,15572.39,C1058577366,281424.36,265851.97,M1501534352,0.0,0.0,0,0
CASH_OUT,51596.47,C1668516644,140662.0,89065.53,C551826096,260533.04,312129.51,0,0
PAYMENT,1977.73,C66204096,0.0,0.0,M111813769,0.0,0.0,0,0
PAYMENT,6669.74,C381123793,0.0,0.0,M1090359625,0.0,0.0,0,0
CASH_IN,77307.15,C357600547,7.0,77314.15,C2110889812,442906.55,365599.4,0,0
CASH_IN,84985.12,C365099848,1714080.14,1799065.26,C2007109337,368480.73,283495.61,0,0
CASH_OUT,138562.19,C877304312,2089.0,0.0,C1193263767,431167.89,569730.08,0,0
PAYMENT,15633.37,C2066404260,10397.27,0.0,M1809734237,0.0,0.0,0,0
CASH_OUT,277239.4,C1002042360,864860.0,587620.6,C1120949957,648810.63,926050.04,0,0
CASH_IN,63376.76,C538612774,16303030.29,16366407.05,C510562323,449755.35,386378.6,0,0
CASH_IN,201817.41,C1297945099,4421216.14,4623033.55,C935006422,1786380.33,1584562.92,0,0
CASH_IN,69563.14,C26219824,19071966.61,19141529.75,C1305855570,196181.44,126618.29,0,0
PAYMENT,2775.21,C533177415,0.0,0.0,M997839811,0.0,0.0,0,0
CASH_OUT,189169.33,C1912793255,0.0,0.0,C1109547733,485201.1,674370.43,0,0
CASH_IN,102536.36,C830664414,2937037.16,3039573.52,C94015480,677685.48,1040583.07,0,0
PAYMENT,12204.42,C51027368,113455.0,101250.58,M431602746,0.0,0.0,0,0
PAYMENT,4254.84,C1353697293,327.0,0.0,M1388469705,0.0,0.0,0,0
CASH_OUT,122702.9,C292622896,0.0,0.0,C285571649,365560.47,488263.37,0,0
CASH_OUT,211661.19,C701863040,10100.0,0.0,C1388783728,517161.72,728822.91,0,0
CASH_OUT,68981.33,C242198524,389912.75,320931.42,C1685072168,1609236.77,1678218.11,0,0
PAYMENT,3599.53,C760821255,0.0,0.0,M428537547,0.0,0.0,0,0
CASH_OUT,38225.28,C1019939559,12487.2,0.0,C1675126941,133954.62,172179.9,0,0
PAYMENT,38898.2,C671784405,137942.95,99044.75,M1581162062,0.0,0.0,0,0
CASH_IN,276752.64,C547701210,27437281.74,27714034.38,C9558416,4781082.45,4504329.81,0,0
CASH_OUT,123703.09,C153413836,0.0,0.0,C1400614937,443733.58,567436.67,0,0
PAYMENT,89382.2,C457584851,0.0,0.0,M1971494330,0.0,0.0,0,0
CASH_OUT,99953.84,C953126073,23156.0,0.0,C617618018,0.0,99953.84,0,0
PAYMENT,2497.14,C1009535104,373479.0,370981.86,M1665241394,0.0,0.0,0,0
CASH_IN,334944.06,C1044683358,5823381.73,6158325.79,C78117761,3976434.33,3641490.27,0,0
CASH_OUT,339324.43,C1139461031,0.0,0.0,C440480434,8281276.84,8620601.27,0,0
CASH_OUT,98736.5,C778053600,46370.0,0.0,C909772656,0.0,98736.5,0,0
CASH_OUT,507653.66,C8556422,0.0,0.0,C1365832693,859021.1,1366674.76,0,0
CASH_OUT,43126.19,C1893901540,0.0,0.0,C335061561,1102076.57,1145202.76,0,0
CASH_OUT,609.86,C340370988,169065.0,168455.14,C1374374838,211583.66,212193.52,0,0
CASH_OUT,7033.92,C12683334,12235.0,5201.08,C931129038,60203.27,67237.19,0,0
PAYMENT,5208.08,C549000399,5497.0,288.92,M1053546106,0.0,0.0,0,0
PAYMENT,902.43,C224293076,3797.0,2894.57,M1502736778,0.0,0.0,0,0
TRANSFER,4362067.3,C792893803,0.0,0.0,C1573730841,7870466.16,12232533.47,0,0
PAYMENT,752.69,C352819410,0.0,0.0,M938117084,0.0,0.0,0,0
PAYMENT,6176.98,C366843850,1017.0,0.0,M1196576960,0.0,0.0,0,0
CASH_OUT,48794.84,C1497683872,39446.0,0.0,C1004033277,73788.11,122582.94,0,0
CASH_IN,314377.37,C1649625451,7282566.15,7596943.51,C1376500701,764814.11,450436.74,0,0
CASH_IN,113017.68,C159093640,20366.0,133383.68,C124354803,586303.32,473285.64,0,0
PAYMENT,10771.34,C1901943315,46242.49,35471.16,M606371686,0.0,0.0,0,0
CASH_OUT,345397.54,C551829463,0.0,0.0,C1805125419,1461786.49,1807184.03,0,0
TRANSFER,765845.38,C1145352918,0.0,0.0,C911864833,11787143.64,12552989.02,0,0
CASH_OUT,78043.85,C580109773,99182.0,21138.15,C304309370,2826212.73,2904256.59,0,0
CASH_IN,72205.21,C332571771,8373599.17,8445804.38,C294951184,3131505.24,3059300.03,0,0
PAYMENT,16094.33,C544721790,8288.0,0.0,M1089157447,0.0,0.0,0,0
CASH_OUT,385650.29,C657271013,0.0,0.0,C1717100570,643466.77,1029117.06,0,0
PAYMENT,3796.29,C238033394,14020.0,10223.71,M1459523114,0.0,0.0,0,0
PAYMENT,16914.71,C88305841,39620.52,22705.81,M423429209,0.0,0.0,0,0
CASH_OUT,173759.03,C1778142544,0.0,0.0,C1464045040,1888819.17,2062578.2,0,0
PAYMENT,40336.57,C913607585,0.0,0.0,M1037611602,0.0,0.0,0,0
TRANSFER,888526.96,C1073328164,0.0,0.0,C800097916,1302152.92,2190679.88,0,0
CASH_OUT,118719.17,C1443596246,14756.0,0.0,C82824506,0.0,81100.55,0,0
CASH_OUT,76941.46,C54009670,0.0,0.0,C211401995,1264446.04,1341387.51,0,0
CASH_IN,133584.74,C1629693196,7369051.49,7502636.23,C773643465,594463.37,756127.01,0,0
PAYMENT,12029.89,C583185286,150027.0,137997.11,M373707727,0.0,0.0,0,0
CASH_IN,241130.0,C496316002,5227973.39,5469103.39,C1472416316,2237157.08,2174342.69,0,0
CASH_OUT,158128.11,C1587064357,14790.0,0.0,C562225467,620925.65,779053.76,0,0
CASH_OUT,71256.4,C1377707102,342162.0,270905.6,C1676848759,1329658.35,1400914.75,0,0
CASH_OUT,198719.93,C1974977670,0.0,0.0,C1213919291,1746360.69,1945080.62,0,0
CASH_OUT,96152.91,C703437107,0.0,0.0,C898519308,568192.72,664345.64,0,0
TRANSFER,28144.95,C968005208,28113.0,0.0,C751842662,1953708.8,1981853.75,0,0
CASH_IN,143704.37,C867543494,1770613.19,1914317.56,C1748598380,7613256.25,7469551.88,0,0
CASH_IN,64015.17,C661863556,1299855.2,1363870.38,C634573611,411960.17,347944.99,0,0
CASH_OUT,67893.69,C370517634,0.0,0.0,C639128920,147824.38,215718.07,0,0
CASH_IN,3338.18,C1915057061,10676552.98,10679891.16,C6973603,178669.86,175331.68,0,0
CASH_OUT,429230.69,C1169590841,0.0,0.0,C302021946,1008926.21,1438156.89,0,0
DEBIT,4679.85,C1378218907,30686.0,26006.15,C1068667610,14812.1,19491.96,0,0
CASH_IN,236314.25,C1671558972,12388.0,248702.25,C264657528,156575.97,0.0,0,0
PAYMENT,1292.38,C58014147,195.0,0.0,M680288459,0.0,0.0,0,0
CASH_IN,114955.67,C1152927433,7218443.0,7333398.67,C1834107582,30401877.86,30286922.2,0,0
PAYMENT,30424.43,C966009321,11352.0,0.0,M1765637969,0.0,0.0,0,0
PAYMENT,80333.62,C878018117,267363.0,187029.38,M704653830,0.0,0.0,0,0
CASH_OUT,183445.93,C2127711806,0.0,0.0,C606305344,350596.68,534042.61,0,0
PAYMENT,14546.63,C769753554,30680.0,16133.37,M1561295948,0.0,0.0,0,0
CASH_IN,149416.46,C215137669,5005169.87,5154586.33,C1080204614,1240431.45,1091014.99,0,0
PAYMENT,12952.92,C905105380,0.0,0.0,M1535271264,0.0,0.0,0,0
CASH_IN,354404.54,C824300471,59037.0,413441.54,C617803548,0.0,0.0,0,0
PAYMENT,8507.3,C241985675,45553.0,37045.7,M144253461,0.0,0.0,0,0
CASH_OUT,335611.54,C221871858,0.0,0.0,C2099151246,1103295.94,1438907.47,0,0
PAYMENT,36141.83,C1784405769,0.0,0.0,M206195399,0.0,0.0,0,0
CASH_IN,4701.09,C1457850462,11223.0,15924.09,C1968444614,4001.0,17467.86,0,0
CASH_OUT,69191.91,C546208530,0.0,0.0,C1945431546,3920066.98,3989258.89,0,0
CASH_OUT,190241.46,C1859965923,0.0,0.0,C386813436,1349270.7,1539512.16,0,0
CASH_OUT,400632.24,C742723416,10535.0,0.0,C416619224,99627.59,500259.83,0,0
CASH_IN,45982.73,C1443310087,161824.0,207806.73,C53831198,219539.32,173556.59,0,0
PAYMENT,178.07,C697775133,65754.0,65575.93,M573442349,0.0,0.0,0,0
CASH_OUT,40857.57,C1551153790,437.0,0.0,C1597133845,8129286.29,8170143.86,0,0
CASH_OUT,204211.34,C822749344,237888.0,33676.66,C1335497107,311502.55,515713.89,0,0
PAYMENT,20131.75,C1597126732,5779.0,0.0,M1769374266,0.0,0.0,0,0
CASH_IN,283508.48,C1246708595,749289.08,1032797.57,C322273591,519814.42,236305.93,0,0
CASH_OUT,176240.53,C1431449843,0.0,0.0,C345646448,973684.21,1149924.74,0,0
PAYMENT,35287.38,C442933397,256372.17,221084.79,M1890982441,0.0,0.0,0,0
CASH_IN,151875.22,C1918842706,4054531.16,4206406.37,C956274072,954665.03,802789.81,0,0
PAYMENT,6281.77,C33977293,12531.0,6249.23,M1313357431,0.0,0.0,0,0
TRANSFER,2578380.08,C2015164242,10483.0,0.0,C1647961476,120472.39,2698852.47,0,0
CASH_OUT,14650.13,C1772816437,0.0,0.0,C925124622,3094849.16,3288470.18,0,0
CASH_IN,175046.93,C1406813155,67602.0,242648.93,C1857458087,161545.42,0.0,0,0
PAYMENT,3272.86,C230351413,465318.09,462045.24,M1607551596,0.0,0.0,0,0
TRANSFER,775066.99,C39330588,1028.0,0.0,C1659655938,4354267.13,5129334.12,0,0
PAYMENT,1829.95,C310002431,11828.0,9998.05,M1062907479,0.0,0.0,0,0
CASH_IN,178971.18,C317939794,321935.4,500906.58,C1742762805,901687.57,722716.39,0,0
CASH_IN,34223.59,C1320259187,1874873.79,1909097.38,C686796216,899092.04,864868.45,0,0
PAYMENT,9038.91,C24791829,21052.0,12013.09,M127103690,0.0,0.0,0,0
CASH_IN,77040.32,C1154642936,25048548.92,25125589.24,C717467218,3739623.86,3662583.54,0,0
CASH_IN,36787.28,C1833588924,11884.0,48671.28,C838702510,217448.47,180661.19,0,0
PAYMENT,6044.37,C1190194873,214757.44,208713.07,M1926577896,0.0,0.0,0,0
CASH_OUT,226381.81,C152750170,31460.0,0.0,C223071680,0.0,411873.8,0,0
PAYMENT,9564.45,C1108529780,0.0,0.0,M941226310,0.0,0.0,0,0
PAYMENT,16249.69,C1362613033,0.0,0.0,M1779094935,0.0,0.0,0,0
PAYMENT,21142.02,C1953828512,52162.0,31019.98,M1022207899,0.0,0.0,0,0
CASH_OUT,86043.62,C239766484,0.0,0.0,C1368643323,230549.27,502942.34,0,0
CASH_OUT,104197.61,C1158361492,0.0,0.0,C368533732,3986681.25,4090878.86,0,0
TRANSFER,1157063.89,C1372463583,41613.0,0.0,C71550709,325424.47,1482488.36,0,0
DEBIT,934.55,C456030432,0.0,0.0,C381534877,119844.21,120778.76,0,0
TRANSFER,553168.1,C1335811510,168.0,0.0,C405178736,1965363.24,2315152.78,0,0
CASH_IN,69901.67,C102377051,6283984.71,6353886.38,C1860574776,6133865.43,6063963.76,0,0
CASH_OUT,106150.93,C1912119501,19413.0,0.0,C196411800,99920.84,206071.78,0,0
PAYMENT,7806.45,C72042489,0.0,0.0,M562781581,0.0,0.0,0,0
CASH_OUT,292372.7,C676417644,5373.0,0.0,C2142320936,198890.73,491263.43,0,0
PAYMENT,1679.0,C290011240,55546.0,53867.0,M756685782,0.0,0.0,0,0
DEBIT,2448.13,C1451118393,25998.0,23549.87,C1748776354,56147.05,58595.18,0,0
CASH_OUT,184690.96,C791766713,854.0,0.0,C2066324337,86206.48,270897.44,0,0
PAYMENT,7823.15,C1448045403,91881.0,84057.85,M597799626,0.0,0.0,0,0
PAYMENT,2368.87,C2099324576,115.0,0.0,M1230112420,0.0,0.0,0,0
CASH_OUT,327344.72,C133414248,20850.0,0.0,C1420586279,678110.39,1005455.1,0,0
CASH_IN,430433.72,C472597090,2335.0,432768.72,C2132271494,0.0,0.0,0,0
PAYMENT,3803.23,C1080423077,35840.0,32036.77,M235863293,0.0,0.0,0,0
CASH_IN,323979.64,C1811835157,79.0,324058.64,C57320550,222477.9,0.0,0,0
CASH_OUT,87290.82,C1309265049,0.0,0.0,C2111610920,272484.79,359775.61,0,0
PAYMENT,7458.14,C1610517078,0.0,0.0,M425318530,0.0,0.0,0,0
CASH_OUT,378858.72,C165075881,10874.0,0.0,C174065201,632780.07,1011638.79,0,0
PAYMENT,4348.0,C1268228460,0.0,0.0,M199234206,0.0,0.0,0,0
PAYMENT,11337.12,C595576364,0.0,0.0,M781271481,0.0,0.0,0,0
CASH_OUT,157598.54,C960164616,0.0,0.0,C1085465226,206914.0,282896.68,0,0
CASH_IN,24302.45,C1016335815,22366143.23,22390445.68,C503505795,1401283.59,1376981.14,0,0
PAYMENT,11754.81,C1121187814,21826.0,10071.19,M1170409842,0.0,0.0,0,0
CASH_IN,207829.54,C1651513872,6907501.47,7115331.01,C1562700431,635318.33,427488.79,0,0
PAYMENT,18251.13,C592936881,103355.0,85103.87,M1431957523,0.0,0.0,0,0
CASH_OUT,258120.81,C473409122,7587.0,0.0,C238286770,0.0,258120.81,0,0
CASH_IN,426177.15,C739338060,21244.0,447421.15,C815295203,0.0,0.0,0,0
PAYMENT,8009.75,C959050814,0.0,0.0,M75723212,0.0,0.0,0,0
CASH_OUT,124281.34,C1419053001,306.0,0.0,C880238973,78951.52,203232.86,0,0
TRANSFER,228467.9,C1450768730,125.0,0.0,C607217196,0.0,228467.9,0,0
PAYMENT,19528.28,C32979143,302634.0,283105.72,M266384321,0.0,0.0,0,0
CASH_OUT,89008.4,C1981672184,0.0,0.0,C1066182873,3248545.87,3337554.26,0,0
CASH_OUT,25966.79,C1241953567,0.0,0.0,C710467958,178682.07,204648.86,0,0
CASH_OUT,147593.81,C793960703,398775.0,251181.19,C1043970373,1323627.91,1471221.71,0,0
CASH_IN,180000.14,C476273225,3027956.58,3207956.71,C5535528,284190.32,104190.18,0,0
CASH_OUT,133724.91,C770832546,38618.0,0.0,C344967072,10971448.05,11105172.97,0,0
CASH_IN,203858.19,C1507442593,5852222.29,6056080.48,C1308995201,3798242.78,3594384.59,0,0
CASH_OUT,100435.42,C1347690176,9005.0,0.0,C85617196,159573.86,260009.28,0,0
CASH_OUT,242087.1,C1087440993,0.0,0.0,C1916913947,352715.51,594802.61,0,0
CASH_OUT,31656.62,C388084505,563.0,0.0,C1655220235,0.0,31656.62,0,0
PAYMENT,521.8,C2034404967,107925.03,107403.23,M1163774524,0.0,0.0,0,0
PAYMENT,14396.07,C488664850,86199.57,71803.5,M523103962,0.0,0.0,0,0
PAYMENT,8095.64,C1555299220,0.0,0.0,M1050865865,0.0,0.0,0,0
CASH_IN,238036.04,C1579951102,1295142.41,1533178.45,C159881988,912093.24,674057.2,0,0
CASH_OUT,207438.28,C1849657636,0.0,0.0,C129386466,2548138.11,2755576.4,0,0
PAYMENT,7972.75,C1238073073,373381.0,365408.25,M2046208873,0.0,0.0,0,0
CASH_OUT,211795.2,C289237868,42644.0,0.0,C48425313,413866.48,1247249.03,0,0
CASH_OUT,29601.16,C20620638,32350.0,2748.84,C14636400,0.0,29601.16,0,0
CASH_OUT,376262.73,C1890168311,21595.0,0.0,C893431995,0.0,376262.73,0,0
CASH_OUT,220731.81,C582150176,60978.0,0.0,C1331026587,2995936.1,3216667.9,0,0
CASH_OUT,18570.79,C2116818160,106644.0,88073.21,C1090488014,0.0,18570.79,0,0
CASH_OUT,313179.46,C1936195832,18083.55,0.0,C428757711,1217342.04,1530521.51,0,0
PAYMENT,11798.37,C1782050915,41786.0,29987.63,M1236004676,0.0,0.0,0,0
CASH_IN,159880.95,C1038945986,26.0,159906.95,C1487013133,0.0,0.0,0,0
CASH_IN,192727.25,C312772105,16153.0,208880.25,C1688782880,201337.61,8610.36,0,0
PAYMENT,6275.46,C184614476,0.0,0.0,M1012930341,0.0,0.0,0,0
PAYMENT,10407.26,C806192070,62073.0,51665.74,M694770373,0.0,0.0,0,0
CASH_OUT,35126.23,C1422962826,157587.0,122460.77,C1825505795,553578.37,588704.6,0,0
PAYMENT,4849.67,C2045815974,0.0,0.0,M163747807,0.0,0.0,0,0
CASH_OUT,309529.66,C1001203273,7333.0,0.0,C797206577,0.0,309529.66,0,0
PAYMENT,33603.27,C1170831843,0.0,0.0,M273083236,0.0,0.0,0,0
CASH_OUT,177717.92,C217058704,51375.0,0.0,C1174813074,120871.78,298589.7,0,0
CASH_IN,50713.41,C600048390,51515.0,102228.41,C49291273,0.0,0.0,0,0
PAYMENT,20040.02,C2034104387,0.0,0.0,M1980969351,0.0,0.0,0,0
PAYMENT,5420.37,C94763271,11202.0,5781.63,M1959850172,0.0,0.0,0,0
CASH_IN,111864.48,C107769141,1550338.79,1662203.27,C204129789,280656.34,168791.86,0,0
CASH_IN,134825.13,C1595672105,105974.5,240799.64,C1918746110,6965134.6,6830309.47,0,0
PAYMENT,2268.75,C1815701458,55166.06,52897.32,M1059647561,0.0,0.0,0,0
CASH_OUT,220747.75,C867623942,177.0,0.0,C1407189139,0.0,220747.75,0,0
PAYMENT,21.49,C1065467520,696741.0,696719.51,M894595232,0.0,0.0,0,0
CASH_OUT,475662.22,C720356666,10359.0,0.0,C1402737737,70007.47,545669.7,0,0
PAYMENT,14166.23,C1653295041,0.0,0.0,M1712298777,0.0,0.0,0,0
CASH_OUT,34844.06,C2094024223,40980.0,6135.94,C309167705,3586780.8,3621624.86,0,0
TRANSFER,1474392.85,C1288468851,0.0,0.0,C10053493,2414411.22,3888804.07,0,0
CASH_OUT,298337.16,C1045179548,0.0,0.0,C332417996,1717791.28,2016128.43,0,0
PAYMENT,34116.01,C1645750234,119657.0,85540.99,M1053840375,0.0,0.0,0,0
TRANSFER,922555.3,C274122752,0.0,0.0,C934060592,2351463.98,3274019.27,0,0
PAYMENT,14043.49,C1096149241,7920.0,0.0,M553226121,0.0,0.0,0,0
CASH_OUT,559443.32,C1319212680,0.0,0.0,C141535961,1247227.41,1806670.73,0,0
TRANSFER,683270.01,C1061103427,155832.86,0.0,C377367680,992461.65,1675731.67,0,0
CASH_IN,294367.72,C593756957,51499.0,345866.72,C13200514,352514.99,58147.27,0,0
PAYMENT,3013.95,C1067988390,0.0,0.0,M321071452,0.0,0.0,0,0
CASH_OUT,135708.34,C1962338125,64.0,0.0,C1477357147,0.0,135708.34,0,0
CASH_OUT,390498.18,C1545717790,30911.0,0.0,C405721564,13293352.08,13683850.25,0,0
DEBIT,3085.09,C1026939320,0.0,0.0,C41028788,9283719.58,9286804.67,0,0
CASH_OUT,411884.97,C1566672741,36780.0,0.0,C1601085910,34966.88,446851.85,0,0
PAYMENT,20672.62,C2005500246,76357.32,55684.71,M528991457,0.0,0.0,0,0
CASH_OUT,122394.02,C1642465910,0.0,0.0,C804074372,402488.97,524882.99,0,0
PAYMENT,25640.51,C1331526309,0.0,0.0,M1373782941,0.0,0.0,0,0
CASH_OUT,80101.98,C35066262,302.0,0.0,C785828386,215391.07,295493.05,0,0
PAYMENT,13304.23,C476556431,7667.0,0.0,M2064582195,0.0,0.0,0,0
CASH_OUT,90439.05,C202323982,5621.0,0.0,C1661332921,0.0,90439.05,0,0
TRANSFER,723706.24,C1726834332,50686.0,0.0,C1421513942,1408019.08,2131725.32,0,0
CASH_OUT,26930.2,C1331471811,50154.0,23223.8,C2124339279,534331.35,561261.55,0,0
PAYMENT,15908.72,C953968736,152470.38,136561.65,M1241654243,0.0,0.0,0,0
CASH_OUT,260688.52,C703044056,0.0,0.0,C990686084,3623060.31,3883748.83,0,0
CASH_OUT,334115.14,C1668690884,0.0,0.0,C2022355876,566872.53,900987.67,0,0
PAYMENT,7171.98,C1960903841,30562.0,23390.02,M2096822071,0.0,0.0,0,0
TRANSFER,177260.95,C1699101517,0.0,0.0,C1147347792,412344.19,589605.14,0,0
CASH_IN,289752.15,C102294160,80669.0,370421.15,C1001672431,0.0,0.0,0,0
PAYMENT,9123.87,C1769606701,0.0,0.0,M1960801060,0.0,0.0,0,0
CASH_IN,15925.75,C223398862,0.0,15925.75,C789040759,563415.38,547489.64,0,0
PAYMENT,5412.08,C2102279415,86797.72,81385.64,M446027382,0.0,0.0,0,0
CASH_IN,493856.14,C2035743489,20234193.44,20728049.58,C718274835,3162840.54,2668984.4,0,0
CASH_IN,63694.69,C16094338,9186817.14,9250511.83,C767479727,141454.49,77759.81,0,0
PAYMENT,33973.85,C129698134,0.0,0.0,M107370682,0.0,0.0,0,0
PAYMENT,33159.01,C686289456,11045.0,0.0,M650342028,0.0,0.0,0,0
CASH_OUT,35468.39,C1589578851,0.0,0.0,C145014081,1491006.62,1526475.0,0,0
TRANSFER,1494795.97,C438377973,338483.0,0.0,C860834061,0.0,1494795.97,0,0
PAYMENT,1903.27,C1546209041,125978.0,124074.73,M1846898422,0.0,0.0,0,0
PAYMENT,14813.08,C2012172837,0.0,0.0,M1094473594,0.0,0.0,0,0
CASH_IN,96613.93,C2091591676,1772666.99,1869280.92,C113133800,105846.22,9232.29,0,0
PAYMENT,78267.14,C1068273949,0.0,0.0,M1569926543,0.0,0.0,0,0
CASH_IN,379482.43,C1964409633,134795.01,514277.45,C1947807065,0.0,0.0,0,0
CASH_IN,29624.48,C912792148,503686.71,533311.2,C1441159091,1232861.33,1203236.84,0,0
CASH_IN,320149.25,C50525925,20757.0,340906.25,C35906960,21289.93,0.0,0,0
CASH_OUT,103292.62,C1278392025,969.0,0.0,C77148578,181482.26,284774.88,0,0
CASH_OUT,369443.27,C1991997011,127911.0,0.0,C1251521184,455911.17,825354.45,0,0
PAYMENT,6633.22,C816923472,22056.16,15422.94,M248041259,0.0,0.0,0,0
CASH_IN,114638.43,C304876397,5746862.46,5861500.89,C1370465384,500339.23,385700.8,0,0
CASH_OUT,42251.9,C2036291626,0.0,0.0,C392311116,782410.75,824662.65,0,0
CASH_OUT,40492.3,C1418624508,7147.0,0.0,C1369568823,110913.39,151405.69,0,0
CASH_IN,551872.49,C1521618542,5735916.32,6287788.81,C2123561127,1135253.71,583381.22,0,0
CASH_OUT,255967.21,C1611149186,0.0,0.0,C467710030,1529080.77,1785047.98,0,0
PAYMENT,9151.98,C364365802,50438.0,41286.02,M2029944609,0.0,0.0,0,0
TRANSFER,279194.81,C661819608,0.0,0.0,C1653838204,1345066.68,1624261.48,0,0
PAYMENT,40879.54,C1068108200,210550.77,169671.23,M1005950145,0.0,0.0,0,0
PAYMENT,452.9,C385059738,0.0,0.0,M1863372019,0.0,0.0,0,0
CASH_OUT,148255.86,C980186557,0.0,0.0,C1644227145,1157358.41,1305614.27,0,0
CASH_IN,735073.7,C2135411933,147538.0,882611.7,C2065540881,818347.99,83274.29,0,0
CASH_IN,137881.02,C2055910197,2963.0,140844.02,C1303572537,0.0,0.0,0,0
CASH_OUT,81190.67,C600308517,7100.84,0.0,C64263949,858238.43,939429.1,0,0
CASH_IN,160089.09,C1304111782,51961.0,212050.09,C795030167,0.0,0.0,0,0
CASH_OUT,377973.35,C363689185,0.0,0.0,C1216199063,1359902.56,1737875.92,0,0
TRANSFER,397767.48,C2073823115,0.0,0.0,C216577541,609178.26,1006945.75,0,0
PAYMENT,10524.01,C880143848,36458.38,25934.38,M1862246156,0.0,0.0,0,0
CASH_OUT,157452.68,C322023835,0.0,0.0,C784506585,950592.61,1108045.29,0,0
CASH_OUT,191431.35,C1283837305,0.0,0.0,C1991085578,1161421.54,1352852.89,0,0
CASH_OUT,255674.63,C1884611675,0.0,0.0,C471600119,10118133.4,10373808.03,0,0
CASH_IN,148020.31,C1146551769,0.0,148020.31,C1428469551,1127430.03,945015.31,0,0
CASH_OUT,324239.6,C1924805688,0.0,0.0,C1920717794,1045934.56,1370174.16,0,0
PAYMENT,18692.68,C1745553191,40268.0,21575.32,M355756408,0.0,0.0,0,0
CASH_IN,249450.68,C515360959,15844993.18,16094443.86,C605577713,669146.59,419695.91,0,0
CASH_OUT,365163.48,C1900818149,0.0,0.0,C1211670018,2584852.73,2950016.21,0,0
PAYMENT,37450.33,C1180613851,122827.0,85376.67,M1796142251,0.0,0.0,0,0
CASH_IN,119341.01,C241655397,9571308.84,9690649.85,C1322642290,234133.6,0.0,0,0
PAYMENT,20318.26,C131318149,7911.41,0.0,M584146607,0.0,0.0,0,0
CASH_OUT,98998.88,C1224833330,324913.0,225914.12,C1837087976,490825.86,589824.74,0,0
CASH_IN,142625.23,C534654609,41648.0,184273.23,C847581827,0.0,0.0,0,0
PAYMENT,24154.76,C2079578210,201.0,0.0,M1223300586,0.0,0.0,0,0
TRANSFER,566427.19,C1201585102,362788.0,0.0,C1591295284,0.0,566427.19,0,0
CASH_IN,149854.42,C876564815,6180251.29,6330105.71,C928323020,6430718.35,6280863.93,0,0
CASH_IN,375098.06,C655870681,5887193.99,6262292.05,C1792450010,3274625.88,2899527.81,0,0
PAYMENT,19155.2,C344433259,0.0,0.0,M1347474820,0.0,0.0,0,0
PAYMENT,1078.7,C499601584,0.0,0.0,M1201117562,0.0,0.0,0,0
CASH_OUT,213955.38,C1715759706,98219.0,0.0,C764721784,388817.82,602773.2,0,0
PAYMENT,7883.9,C1976255997,108.0,0.0,M140024018,0.0,0.0,0,0
CASH_OUT,126342.06,C1935184312,81839.0,0.0,C2016268244,943470.95,765533.0,0,0
PAYMENT,1362.15,C950058127,0.0,0.0,M789485306,0.0,0.0,0,0
CASH_IN,222273.55,C1461543416,10874.0,233147.55,C1033138943,135883.62,0.0,0,0
PAYMENT,9646.14,C627744258,0.0,0.0,M1881995416,0.0,0.0,0,0
PAYMENT,4874.78,C1586124160,0.0,0.0,M863566836,0.0,0.0,0,0
CASH_IN,171382.98,C2076613003,3068.0,174450.98,C2033430256,10913.35,0.0,0,0
CASH_OUT,196845.1,C237761650,0.0,0.0,C1512892400,1641428.45,2009375.24,0,0
PAYMENT,17292.63,C323024490,0.0,0.0,M1694341580,0.0,0.0,0,0
CASH_OUT,92657.99,C796047922,79249.0,0.0,C2094194105,31197.92,123855.91,0,0
PAYMENT,1500.39,C1251538568,19899.0,18398.61,M763441574,0.0,0.0,0,0
CASH_OUT,191556.51,C1829966319,11515.0,0.0,C1060429589,701798.07,893354.58,0,0
CASH_OUT,309443.81,C984834419,0.0,0.0,C1101863479,1326529.48,1635973.29,0,0
CASH_OUT,182373.43,C1595711451,201668.65,19295.22,C1622797070,223240.06,405613.49,0,0
CASH_IN,7622.82,C746737003,5023483.87,5031106.69,C759357488,7909726.54,7902103.72,0,0
PAYMENT,19955.94,C357618256,23142.0,3186.06,M906506622,0.0,0.0,0,0
CASH_OUT,280072.86,C310978840,138268.0,0.0,C1074522419,619755.45,899828.31,0,0
CASH_OUT,6245.67,C894929139,0.0,0.0,C1401155758,302531.85,308777.52,0,0
TRANSFER,2330649.28,C1611725727,0.0,0.0,C511621111,4237601.65,6568250.93,0,0
CASH_IN,190719.44,C1252456689,3838601.35,4029320.78,C1966263824,801749.51,611030.07,0,0
CASH_OUT,169217.62,C587368749,10390.0,0.0,C302331807,30717.13,391852.46,0,0
CASH_IN,42064.93,C471932629,5668119.16,5710184.09,C1130793908,609925.43,567860.5,0,0
CASH_OUT,37008.53,C1442101607,0.0,0.0,C780460987,43694.91,80703.43,0,0
CASH_OUT,92700.17,C1909926056,25897.63,0.0,C949444733,296672.24,389372.41,0,0
CASH_OUT,230060.52,C646774002,0.0,0.0,C858196969,10503638.78,10733699.3,0,0
TRANSFER,635642.96,C1154900325,0.0,0.0,C1806922994,943948.39,1579591.35,0,0
PAYMENT,5570.87,C945541985,0.0,0.0,M1914206715,0.0,0.0,0,0
CASH_OUT,57602.8,C623235614,0.0,0.0,C1717256939,2005926.04,2063528.84,0,0
TRANSFER,375978.04,C357489000,0.0,0.0,C272415489,413155.05,789133.09,0,0
TRANSFER,708509.93,C182678279,11677.0,0.0,C1271289269,7188776.39,7827247.8,0,0
PAYMENT,6117.42,C560929758,862895.0,856777.58,M1718752649,0.0,0.0,0,0
CASH_IN,607898.26,C779828933,3193.0,611091.26,C423085470,2161533.3,1553635.03,0,0
TRANSFER,178207.53,C213050119,19992.0,0.0,C1279242955,1496808.69,1849888.72,0,0
CASH_OUT,10654.26,C1087511619,0.0,0.0,C570252116,473986.21,484640.47,0,0
CASH_OUT,289923.57,C540177426,0.0,0.0,C48382962,704483.72,1365726.52,0,0
PAYMENT,11373.0,C1635681325,0.0,0.0,M2145432084,0.0,0.0,0,0
PAYMENT,4068.78,C172680496,0.0,0.0,M1294743271,0.0,0.0,0,0
CASH_IN,34137.93,C1948979129,6053.0,40190.93,C1274579320,1735307.44,1701169.51,0,0
PAYMENT,1932.86,C861163412,83097.0,81164.14,M433145500,0.0,0.0,0,0
CASH_OUT,17051.81,C937015896,31584.0,14532.19,C1429302193,0.0,17051.81,0,0
CASH_OUT,38289.67,C1661001223,0.0,0.0,C1989799371,196111.02,234400.69,0,0
CASH_OUT,156082.3,C1138438208,0.0,0.0,C1022743113,1224432.64,1380514.94,0,0
CASH_IN,266914.49,C700905314,11241516.6,11508431.09,C136821683,2047560.62,1780646.13,0,0
CASH_IN,84092.35,C2068354739,7210.0,91302.35,C290567466,2603441.82,2519349.47,0,0
CASH_OUT,510549.03,C1758441716,0.0,0.0,C927300650,3693443.34,4203992.37,0,0
PAYMENT,2853.56,C1351961436,0.0,0.0,M1641663420,0.0,0.0,0,0
CASH_OUT,20807.35,C1951297944,0.0,0.0,C1040240917,1004273.63,1025080.99,0,0
CASH_OUT,65963.97,C43296756,47186.0,0.0,C1568578636,262014.04,327978.01,0,0
CASH_IN,62271.47,C490292375,30407039.67,30469311.14,C970036466,4995467.3,4933195.83,0,0
CASH_IN,301103.41,C1044914752,14758699.23,15059802.64,C33524623,1634382.17,1459243.0,0,0
CASH_OUT,256026.84,C923532988,40380.0,0.0,C1984235035,193354.7,449381.54,0,0
CASH_IN,35999.57,C18376980,129961.0,165960.57,C297438111,141597.08,105597.51,0,0
CASH_OUT,127086.0,C1994446246,0.0,0.0,C1751843357,230149.66,357235.66,0,0
CASH_OUT,62840.55,C1157584263,0.0,0.0,C374788578,1827983.92,1890824.47,0,0
CASH_OUT,475529.46,C1509122964,502541.0,27011.54,C1897049400,2048386.26,2523915.73,0,0
CASH_OUT,195202.24,C701100073,70371.0,0.0,C1410301997,305793.78,500996.02,0,0
CASH_IN,14.6,C2010393584,13535138.67,13535153.28,C1789425526,48025.91,48011.31,0,0
CASH_OUT,127411.02,C1790595465,123824.0,0.0,C1830366200,0.0,127411.02,0,0
PAYMENT,14357.23,C1529378756,0.0,0.0,M1093268876,0.0,0.0,0,0
PAYMENT,43084.8,C1821273250,0.0,0.0,M1712092593,0.0,0.0,0,0
CASH_IN,75738.01,C10563425,2285071.74,2360809.75,C1362988121,1346447.71,1270709.7,0,0
CASH_IN,7191.21,C284060698,9498278.58,9505469.79,C1946167554,198778.57,191587.36,0,0
PAYMENT,17980.45,C1201413884,12461.0,0.0,M781837121,0.0,0.0,0,0
PAYMENT,10342.37,C125685239,236413.51,226071.14,M1092165821,0.0,0.0,0,0
CASH_OUT,159795.09,C259535709,374.38,0.0,C1113027344,199414.83,359209.93,0,0
PAYMENT,1025.3,C1471963338,0.0,0.0,M1071148435,0.0,0.0,0,0
CASH_IN,356038.45,C1838815090,3926176.55,4282215.0,C1826603145,1803071.82,1447033.37,0,0
CASH_OUT,261201.04,C1775196998,0.0,0.0,C1594506797,2048203.13,2336875.5,0,0
PAYMENT,9032.09,C1856395736,31948.0,22915.91,M1935920214,0.0,0.0,0,0
PAYMENT,667.72,C2097047673,0.0,0.0,M755073004,0.0,0.0,0,0
TRANSFER,351941.59,C1138737455,136635.94,0.0,C116553246,1681671.58,2308411.01,0,0
CASH_IN,347526.7,C1139098751,9262564.95,9610091.66,C1338294026,1581122.45,1371280.12,0,0
CASH_OUT,116833.28,C409643212,0.0,0.0,C1492277693,11578123.35,11694956.63,0,0
CASH_IN,2091.29,C444726964,4082754.84,4084846.14,C2077234730,601041.75,816019.74,0,0
PAYMENT,11622.14,C36650087,52327.0,40704.86,M467832515,0.0,0.0,0,0
CASH_IN,432395.43,C1017789556,200499.0,632894.43,C336270154,9306.19,0.0,0,0
CASH_IN,130889.58,C1581227653,84.0,130973.58,C543478705,0.0,0.0,0,0
CASH_OUT,244643.15,C1083005948,3976.0,0.0,C1094432566,2239185.23,2483828.38,0,0
PAYMENT,15992.82,C916224171,0.0,0.0,M1297561410,0.0,0.0,0,0
TRANSFER,560408.83,C540070568,27019.0,0.0,C1504420803,0.0,809759.39,0,0
CASH_IN,143454.75,C729477935,1943220.76,2086675.5,C1809411514,501907.67,358452.92,0,0
CASH_OUT,188965.63,C2064529043,649.0,0.0,C12378907,0.0,188965.63,0,0
CASH_IN,352210.27,C1976913343,29593.0,381803.27,C2039085544,247417.66,0.0,0,0
CASH_OUT,428434.37,C1662315549,0.0,0.0,C1260703229,4335831.45,4764265.82,0,0
PAYMENT,6651.29,C2107926513,13849.0,7197.71,M23146978,0.0,0.0,0,0
CASH_OUT,76802.37,C822722805,73642.0,0.0,C1962961431,351372.33,428174.7,0,0
PAYMENT,10921.14,C1935065688,355380.0,344458.86,M1795452256,0.0,0.0,0,0
CASH_IN,25934.82,C609444905,1367498.58,1393433.4,C1527870670,892868.11,1120683.44,0,0
CASH_OUT,30860.36,C1643250563,996803.0,965942.64,C1544382490,878607.71,909468.08,0,0
CASH_IN,64228.89,C433161509,3335792.77,3400021.66,C992025288,486101.74,421872.85,0,0
CASH_OUT,202059.8,C331597712,0.0,0.0,C842935678,6360094.66,6562154.46,0,0
CASH_IN,87704.78,C1434661446,3265749.39,3353454.17,C337949342,651682.2,563977.42,0,0
PAYMENT,1825.79,C1216137686,265513.75,263687.95,M1696105406,0.0,0.0,0,0
CASH_OUT,155161.29,C419726256,0.0,0.0,C1809457826,3564645.66,3719806.95,0,0
CASH_IN,162415.14,C1430312845,862.0,163277.14,C79427771,3452053.3,3289638.16,0,0
PAYMENT,10460.16,C1340492565,0.0,0.0,M1769090271,0.0,0.0,0,0
TRANSFER,286137.37,C1451442785,0.0,0.0,C1542457677,531098.08,817235.45,0,0
DEBIT,6029.65,C1534229951,13818.0,7788.35,C1006214893,2631254.81,2637284.46,0,0
CASH_IN,49191.46,C2125113518,14155969.3,14205160.76,C1520711540,3331072.03,3281880.57,0,0
PAYMENT,6950.59,C385292110,0.0,0.0,M1261580498,0.0,0.0,0,0
CASH_OUT,58163.75,C704332158,20226.0,0.0,C1757221650,0.0,58163.75,0,0
CASH_OUT,93209.88,C1019378043,0.0,0.0,C2140077790,131887.1,225096.98,0,0
TRANSFER,117579.72,C156984961,0.0,0.0,C161443034,2283781.55,2401361.27,0,0
CASH_OUT,165930.33,C997829914,0.0,0.0,C2146837122,221196.52,387126.85,0,0
PAYMENT,3862.26,C587426006,0.0,0.0,M1824466004,0.0,0.0,0,0
CASH_IN,129004.4,C719055954,114733.0,243737.4,C1603733110,124859.87,0.0,0,0
CASH_OUT,281514.84,C715174479,237471.82,0.0,C266514182,725225.14,1006739.98,0,0
CASH_OUT,118585.52,C1679244406,151.0,0.0,C144436412,108519.21,227104.73,0,0
CASH_OUT,84221.78,C1750018949,210037.0,125815.22,C185847428,12361.4,96583.17,0,0
CASH_OUT,117443.6,C1430649848,11895.0,0.0,C402177466,0.0,117443.6,0,0
TRANSFER,101677.54,C2139877672,0.0,0.0,C900899898,126133.04,227810.58,0,0
PAYMENT,14528.59,C1219451423,0.0,0.0,M224816110,0.0,0.0,0,0
PAYMENT,19392.77,C698409954,0.0,0.0,M279507865,0.0,0.0,0,0
CASH_OUT,137767.73,C2104964119,0.0,0.0,C1220448880,2415690.72,2811923.38,0,0
CASH_OUT,922.32,C1734711465,48014.61,47092.28,C549751883,108744.56,109666.88,0,0
CASH_OUT,104349.83,C1020276256,0.0,0.0,C843440493,119201.69,223551.51,0,0
CASH_IN,369576.73,C290213144,7069.0,376645.73,C1696265065,0.0,0.0,0,0
CASH_OUT,35831.68,C74842183,0.0,0.0,C1090112140,50977.11,86808.79,0,0
CASH_OUT,176832.06,C775618831,0.0,0.0,C476276186,1368423.22,1719937.24,0,0
TRANSFER,157108.28,C1181071060,5015.0,0.0,C2088120706,1780780.12,1937888.4,0,0
CASH_OUT,216347.07,C1182997438,114849.0,0.0,C787469986,32855.48,249202.55,0,0
CASH_OUT,132656.64,C1418405893,0.0,0.0,C1989516860,1565012.56,1795147.32,0,0
PAYMENT,22276.94,C2097144767,0.0,0.0,M849092390,0.0,0.0,0,0
CASH_IN,82455.74,C1272288062,1797308.49,1879764.23,C699063957,179687.5,97231.76,0,0
PAYMENT,511.02,C1524944290,60862.0,60350.98,M1563942224,0.0,0.0,0,0
CASH_OUT,180860.54,C906933060,251430.0,70569.46,C189591464,0.0,180860.54,0,0
PAYMENT,1621.46,C1682439547,8018.0,6396.54,M869748876,0.0,0.0,0,0
PAYMENT,4201.75,C833279136,11581.0,7379.25,M1711635525,0.0,0.0,0,0
CASH_OUT,357853.39,C636511769,50216.0,0.0,C1608213159,736962.22,1094815.61,0,0
CASH_OUT,14949.38,C899836355,381.0,0.0,C1808712596,749749.78,764699.15,0,0
CASH_OUT,45141.55,C986941682,457837.0,412695.45,C71534844,1108.0,0.0,0,0
TRANSFER,180196.23,C1558650885,80620.0,0.0,C816651019,865811.23,1046007.46,0,0
CASH_OUT,37411.25,C1276630598,475.35,0.0,C1222543424,146826.0,184237.25,0,0
CASH_IN,273990.12,C999193924,121741.0,395731.12,C148988142,0.0,0.0,0,0
PAYMENT,13485.32,C1145876136,20195.0,6709.68,M1755614860,0.0,0.0,0,0
CASH_OUT,254327.74,C470446158,0.0,0.0,C2003250023,995636.53,1249964.27,0,0
CASH_OUT,66749.74,C976186434,45042.0,0.0,C513951684,349581.09,821420.62,0,0
TRANSFER,506984.71,C2082288915,0.0,0.0,C1567339956,579000.95,1085985.66,0,0
CASH_OUT,152378.78,C1942053197,16120.15,0.0,C1201342718,1227802.23,1380181.01,0,0
PAYMENT,4910.25,C1356684001,51077.0,46166.75,M59218720,0.0,0.0,0,0
TRANSFER,300508.26,C1836402564,118.0,0.0,C2062812167,3920187.44,4220695.7,0,0
PAYMENT,10446.61,C456977454,256577.0,246130.39,M1049170598,0.0,0.0,0,0
CASH_IN,442384.0,C1118719010,50371.0,492755.0,C1510291087,668729.02,226345.02,0,0
CASH_OUT,298945.56,C219717055,10469.0,0.0,C320931047,0.0,317789.34,0,0
CASH_OUT,196280.7,C18612780,41557.0,0.0,C1132966647,3178.64,199459.34,0,0
TRANSFER,1805473.21,C552876199,0.0,0.0,C1240934979,1842341.65,3647814.86,0,0
PAYMENT,9017.23,C899559465,7945.0,0.0,M1084400578,0.0,0.0,0,0
PAYMENT,10302.76,C1879826853,0.0,0.0,M465090450,0.0,0.0,0,0
TRANSFER,126893.13,C1617819043,11293.0,0.0,C1932267371,5712968.91,5839862.05,0,0
CASH_IN,107053.77,C353496650,9907207.97,10014261.74,C1349299915,125242.36,18188.59,0,0
TRANSFER,74904.9,C2133551917,41542.73,0.0,C1427969821,743851.91,818756.82,0,0
CASH_IN,69576.38,C1935586296,16770.0,86346.38,C726198580,326966.11,257389.73,0,0
CASH_OUT,157643.98,C1273959859,46598.52,0.0,C1258514108,1622591.01,1780234.99,0,0
CASH_OUT,168075.68,C399945736,0.0,0.0,C433084212,9916664.53,10084740.22,0,0
CASH_OUT,43541.44,C1616786857,0.0,0.0,C650756286,152626.44,196167.88,0,0
CASH_IN,38591.42,C702640452,8496557.26,8535148.68,C654982785,532100.77,493509.35,0,0
CASH_OUT,24592.43,C1787494570,16993.15,0.0,C803459224,156494.09,0.0,0,0
PAYMENT,4535.1,C1309017043,19916.0,15380.9,M791150869,0.0,0.0,0,0
PAYMENT,24092.32,C1147798664,21575.0,0.0,M1780457351,0.0,0.0,0,0
PAYMENT,6319.09,C365165267,0.0,0.0,M1662650073,0.0,0.0,0,0
TRANSFER,506829.18,C1518780415,0.0,0.0,C729777268,1567685.11,2074514.28,0,0
PAYMENT,11477.0,C2005000844,0.0,0.0,M7352480,0.0,0.0,0,0
DEBIT,4416.61,C904305710,11465.0,7048.39,C416861631,120077.03,124493.64,0,0
PAYMENT,15272.04,C2033695223,0.0,0.0,M1428528679,0.0,0.0,0,0
CASH_IN,280485.87,C999426189,2026.0,282511.87,C217034234,0.0,0.0,0,0
CASH_OUT,2267.91,C1843800906,0.0,0.0,C580464434,52875.97,55143.87,0,0
CASH_IN,168507.9,C1902283334,9079.0,177586.9,C2038730877,690129.95,521622.05,0,0
CASH_IN,8863.05,C1164533175,37063.0,45926.05,C973644279,349741.0,305923.21,0,0
PAYMENT,5991.6,C360468883,0.0,0.0,M1375480953,0.0,0.0,0,0
CASH_IN,289862.46,C1211619447,8200947.82,8490810.29,C1711625058,430743.6,140881.14,0,0
CASH_IN,116182.76,C288117369,28360212.83,28476395.58,C1191713843,993916.46,877733.7,0,0
TRANSFER,351619.58,C2078530910,0.0,0.0,C273602273,564810.34,916429.92,0,0
CASH_OUT,593013.76,C1296873586,30208.0,0.0,C486002943,3192915.41,3836874.05,0,0
TRANSFER,397984.49,C296056923,193166.88,0.0,C545375005,426793.57,1120791.62,0,0
CASH_OUT,3422.62,C1040359055,0.0,0.0,C1856505882,195833.65,199256.27,0,0
CASH_OUT,291764.41,C689098836,11760.0,0.0,C624793176,332804.26,624568.67,0,0
CASH_IN,23615.9,C1321470799,28231.0,51846.9,C1379564904,0.0,0.0,0,0
CASH_IN,429163.91,C539868808,7407699.46,7836863.37,C938713504,4723965.73,4294801.82,0,0
CASH_OUT,33533.7,C891425066,72845.0,39311.3,C865164641,1569663.42,1603197.12,0,0
PAYMENT,11412.68,C583922113,19899.0,8486.32,M1952281543,0.0,0.0,0,0
PAYMENT,7538.26,C811975776,90160.0,82621.74,M321577834,0.0,0.0,0,0
PAYMENT,5835.97,C1338990525,267773.4,261937.43,M518690982,0.0,0.0,0,0
PAYMENT,22148.94,C1464006934,60350.0,38201.06,M2095052227,0.0,0.0,0,0
PAYMENT,9060.28,C348457811,236627.0,227566.72,M602668961,0.0,0.0,0,0
CASH_OUT,211041.92,C1009657340,84727.0,0.0,C533988101,112145.45,323187.37,0,0
CASH_IN,35318.54,C957835196,7215803.49,7251122.03,C1762567770,492311.6,456993.07,0,0
PAYMENT,24894.41,C1721508436,1013.0,0.0,M1235460009,0.0,0.0,0,0
PAYMENT,3497.52,C1617052589,1595.0,0.0,M1652331592,0.0,0.0,0,0
CASH_OUT,188936.35,C138117085,15111.0,0.0,C526491484,32065.94,221002.29,0,0
PAYMENT,13333.4,C534041524,165302.0,151968.6,M60026391,0.0,0.0,0,0
PAYMENT,1117.02,C1550022520,0.0,0.0,M1734294703,0.0,0.0,0,0
CASH_IN,123888.13,C343850235,72824.0,196712.13,C1722993146,105327.85,0.0,0,0
CASH_OUT,101108.98,C1647924856,20451.0,0.0,C1734485562,7034063.0,7135171.98,0,0
TRANSFER,1182788.71,C1533328819,0.0,0.0,C1847829090,2648707.75,3831496.45,0,0
CASH_OUT,55733.78,C597811402,0.0,0.0,C678171771,5186108.62,5241842.4,0,0
CASH_IN,24444.26,C997201831,153490.0,177934.26,C687988765,2132050.9,2107606.64,0,0
PAYMENT,24387.01,C1593047736,0.0,0.0,M1590027597,0.0,0.0,0,0
CASH_IN,250439.16,C1774001588,1959074.21,2209513.37,C968614268,452917.72,202478.55,0,0
CASH_IN,250188.51,C1371465156,978610.53,1228799.04,C1442617177,550736.33,300547.82,0,0
CASH_IN,116892.6,C71555583,1343030.92,1459923.52,C462090047,9201573.49,9084680.89,0,0
PAYMENT,15105.36,C1372200559,147888.0,132782.64,M986584116,0.0,0.0,0,0
CASH_IN,154975.34,C728527512,3497419.49,3652394.84,C1712033610,981965.85,826990.51,0,0
CASH_IN,126153.53,C1001098973,4675135.24,4801288.77,C1554463745,1111107.15,984953.62,0,0
PAYMENT,4617.74,C1615391785,69308.0,64690.26,M701740431,0.0,0.0,0,0
PAYMENT,7137.05,C724287308,244315.15,237178.1,M1389621765,0.0,0.0,0,0
CASH_OUT,86038.73,C456067082,422214.0,336175.27,C357732931,1713380.33,1799419.06,0,0
CASH_IN,180027.36,C479665544,41525.0,221552.36,C713497474,0.0,0.0,0,0
CASH_IN,177129.51,C853598731,399159.34,576288.84,C545707113,192849.29,15719.79,0,0
CASH_OUT,8398.29,C840482829,99634.0,91235.71,C42335596,1031951.58,1219027.44,0,0
CASH_IN,56519.66,C1935954366,2480522.56,2537042.22,C1428910948,192605.99,131764.88,0,0
CASH_OUT,56023.02,C796911429,0.0,0.0,C133870004,121175.15,177198.17,0,0
PAYMENT,3424.0,C150082350,2633.0,0.0,M405388496,0.0,0.0,0,0
PAYMENT,1956.47,C980349192,7698.0,5741.53,M265914848,0.0,0.0,0,0
CASH_OUT,183410.42,C700774400,82486.34,0.0,C308411778,0.0,183410.42,0,0
PAYMENT,302.28,C339994437,164657.8,164355.52,M1186430944,0.0,0.0,0,0
CASH_OUT,361011.41,C1245266636,0.0,0.0,C530480281,6281989.74,6643001.15,0,0
CASH_OUT,354700.53,C65289071,30281.0,0.0,C1630554352,0.0,354700.53,0,0
CASH_IN,121470.71,C616633057,17904461.85,18025932.56,C1033015702,274748.05,153277.34,0,0
CASH_OUT,47963.68,C1500695884,60656.0,12692.32,C1374063565,9318160.66,9366124.35,0,0
CASH_OUT,196612.27,C628946445,1971.0,0.0,C71985207,97954.63,712327.71,0,0
CASH_IN,117394.17,C196550029,7756893.76,7874287.92,C1374020042,14704822.64,14587428.47,0,0
CASH_OUT,71151.17,C494053963,0.0,0.0,C1255698318,1124289.68,1195440.85,0,0
CASH_OUT,163275.02,C664337218,138053.95,0.0,C171497818,895268.75,1058543.78,0,0
PAYMENT,10956.43,C2112474806,0.0,0.0,M1349956152,0.0,0.0,0,0
TRANSFER,2056676.68,C1535522058,0.0,0.0,C433183062,3797116.02,5853792.7,0,0
PAYMENT,2352.0,C755462587,0.0,0.0,M1757725643,0.0,0.0,0,0
PAYMENT,8578.95,C843700727,0.0,0.0,M1532144617,0.0,0.0,0,0
TRANSFER,436396.53,C955197650,0.0,0.0,C1666586038,1519254.33,1955650.85,0,0
CASH_OUT,27312.68,C368627208,0.0,0.0,C1378174106,189421.08,216733.76,0,0
PAYMENT,243.02,C1544688438,260341.0,260097.98,M656195275,0.0,0.0,0,0
CASH_OUT,220218.52,C1397180945,0.0,0.0,C1233943093,934702.9,1154921.43,0,0
CASH_IN,230923.01,C382045261,4040755.6,4271678.61,C355537328,1006909.55,775986.54,0,0
CASH_OUT,251470.28,C2087308224,6075.0,0.0,C594408537,0.0,251470.28,0,0
CASH_OUT,110628.47,C608349426,0.0,0.0,C1475016444,4634253.69,4744882.16,0,0
PAYMENT,401.83,C370278383,0.0,0.0,M1945718422,0.0,0.0,0,0
CASH_OUT,338626.48,C89645142,0.0,0.0,C1229343527,2560570.38,2899196.86,0,0
TRANSFER,154077.6,C1279933199,0.0,0.0,C549297331,2070029.71,2224107.31,0,0
TRANSFER,334634.24,C2045741725,306131.0,0.0,C1920231036,0.0,334634.24,0,0
PAYMENT,8387.89,C1377708760,0.0,0.0,M1649238761,0.0,0.0,0,0
CASH_OUT,32187.45,C1569245686,10588.0,0.0,C2017963339,0.0,32187.45,0,0
PAYMENT,18088.08,C1004897487,515.0,0.0,M1644588309,0.0,0.0,0,0
CASH_OUT,79951.68,C2093041579,0.0,0.0,C656388676,600481.08,680432.76,0,0
CASH_IN,118349.53,C1233802932,2177470.48,2295820.0,C517427896,776819.71,658470.18,0,0
TRANSFER,1616478.86,C1309187611,0.0,0.0,C2103704425,9479921.73,11096400.59,0,0
CASH_IN,118487.67,C1748641599,466.0,118953.67,C1321638918,48673.3,0.0,0,0
CASH_OUT,113702.48,C1443518421,0.0,0.0,C1006214893,483187.13,596889.61,0,0
CASH_OUT,146135.61,C757272251,0.0,0.0,C780423481,1634980.38,1781115.99,0,0
CASH_OUT,230725.76,C26502458,30591.0,0.0,C727421930,0.0,230725.76,0,0
DEBIT,954.05,C11388511,20022.0,19067.95,C267335137,390636.31,772636.2,0,0
CASH_IN,159123.19,C849602498,2782084.09,2941207.28,C1972565277,4531359.19,4372236.0,0,0
CASH_OUT,38210.02,C355621084,49901.0,11690.98,C1107301373,0.0,38210.02,0,0
PAYMENT,20095.13,C320641450,123.0,0.0,M956457752,0.0,0.0,0,0
CASH_IN,31775.45,C1293591615,289444.41,321219.85,C1224653147,928799.87,897024.43,0,0
CASH_IN,142791.75,C841787375,18616096.73,18758888.48,C1040240917,3682848.02,3540056.26,0,0
CASH_IN,605729.99,C418488773,46903.0,652632.99,C855685411,19011.6,0.0,0,0
CASH_OUT,236732.36,C617095271,3707.0,0.0,C2072419584,347064.36,1202190.39,0,0
CASH_OUT,35863.02,C201491764,52303.0,16439.98,C1211322290,341896.17,377759.19,0,0
CASH_IN,335092.26,C1303089125,10385.0,345477.26,C453671901,3915082.05,3579989.79,0,0
TRANSFER,840659.36,C1467419926,0.0,0.0,C322906390,1484632.06,2325291.42,0,0
CASH_OUT,259571.3,C985368226,21378.0,0.0,C79705101,0.0,259571.3,0,0
CASH_OUT,52048.02,C48655853,0.0,0.0,C1434665173,201136.3,253184.33,0,0
CASH_OUT,147711.69,C849596065,0.0,0.0,C1207861755,2070272.9,2217984.59,0,0
CASH_IN,197640.19,C206989680,1348172.84,1545813.02,C1037865989,2481955.46,2284315.27,0,0
CASH_OUT,208413.21,C1784400157,439665.6,231252.39,C1750080667,989769.55,1198182.76,0,0
CASH_IN,217321.51,C1899517622,4054312.49,4271634.0,C917720532,941592.45,724270.94,0,0
TRANSFER,374023.5,C351982200,233037.39,0.0,C1473426058,919181.49,1293204.99,0,0
CASH_IN,142864.16,C1930693373,9849913.71,9992777.88,C892495911,13287690.31,13144826.15,0,0
PAYMENT,35990.02,C2073663621,0.0,0.0,M1586611679,0.0,0.0,0,0
PAYMENT,597.93,C1032605457,257063.11,256465.18,M97338942,0.0,0.0,0,0
PAYMENT,3080.05,C954103840,0.0,0.0,M560122081,0.0,0.0,0,0
CASH_OUT,79898.44,C1514753567,20151.0,0.0,C1016233943,219197.96,299096.4,0,0
CASH_OUT,271585.6,C793597329,21156.0,0.0,C672905105,0.0,271585.6,0,0
CASH_IN,124959.01,C1361147107,21330.0,146289.01,C654707255,73051.63,0.0,0,0
PAYMENT,5307.67,C637530730,0.0,0.0,M1276444157,0.0,0.0,0,0
CASH_OUT,206544.72,C707061328,0.0,0.0,C2041353395,401540.41,608085.12,0,0
CASH_IN,29988.44,C1524144063,7596898.5,7626886.94,C590882037,33185.19,360236.56,0,0
TRANSFER,719159.27,C1029793370,1455.0,0.0,C340454507,0.0,719159.27,0,0
PAYMENT,1073.49,C1334115797,0.0,0.0,M1236228073,0.0,0.0,0,0
CASH_OUT,371620.27,C19017235,0.0,0.0,C609529851,5645214.18,6016834.45,0,0
CASH_IN,181118.04,C527016394,3403013.68,3584131.72,C271303581,1632840.06,1451722.02,0,0
PAYMENT,20886.75,C470750276,0.0,0.0,M1967051199,0.0,0.0,0,0
TRANSFER,119036.87,C652546320,0.0,0.0,C690251976,921336.5,1040373.37,0,0
PAYMENT,8860.23,C1007206517,0.0,0.0,M1670274316,0.0,0.0,0,0
TRANSFER,58848.71,C1131750027,0.0,0.0,C127382878,1455661.7,1514510.41,0,0
CASH_IN,238967.58,C644560981,22225.19,261192.77,C502590588,1167296.0,928328.42,0,0
TRANSFER,746471.09,C1304313669,0.0,0.0,C993717,2262297.88,3008768.97,0,0
CASH_IN,167171.01,C14535386,1858465.87,2025636.88,C1154620103,1134622.35,967451.34,0,0
CASH_OUT,135643.81,C523372416,0.0,0.0,C2019465444,161159.22,296803.03,0,0
TRANSFER,1542209.53,C325149568,21369.0,0.0,C548150631,521379.6,2063589.14,0,0
CASH_OUT,299286.24,C976328119,0.0,0.0,C183887062,760010.89,1059297.12,0,0
CASH_OUT,56590.28,C434129393,0.0,0.0,C209532372,612787.3,669377.58,0,0
PAYMENT,1522.02,C2035706300,31634.0,30111.98,M1746058827,0.0,0.0,0,0
CASH_IN,10950.26,C146078735,8052114.51,8063064.77,C175725499,4612526.81,4601576.55,0,0
CASH_OUT,216831.34,C1958034621,112264.0,0.0,C1468310149,471421.8,688253.14,0,0
CASH_OUT,301055.23,C1415672331,0.0,0.0,C922649254,544709.94,845765.17,0,0
PAYMENT,2280.38,C1679994955,0.0,0.0,M1774955179,0.0,0.0,0,0
CASH_OUT,358765.52,C327771806,1710.0,0.0,C1096984287,5425495.96,5847479.14,0,0
PAYMENT,13363.78,C1413046633,19106.0,5742.22,M398675713,0.0,0.0,0,0
PAYMENT,4564.65,C534378054,168610.55,164045.9,M1541146654,0.0,0.0,0,0
CASH_OUT,142353.34,C1716122963,402.0,0.0,C1525221742,1247241.91,1389595.25,0,0
CASH_IN,164099.32,C1426921573,14316.0,178415.32,C806094179,12769.39,163848.92,0,0
CASH_OUT,487957.27,C1426942542,55284.0,0.0,C1982442221,0.0,487957.27,0,0
PAYMENT,15076.01,C1104868876,0.0,0.0,M1078970559,0.0,0.0,0,0
CASH_OUT,141774.07,C196900770,5060.12,0.0,C33546337,552536.17,694310.23,0,0
PAYMENT,33001.53,C1545563089,0.0,0.0,M1720942877,0.0,0.0,0,0
PAYMENT,7639.33,C1031222284,0.0,0.0,M1862518089,0.0,0.0,0,0
PAYMENT,289.28,C1355918056,0.0,0.0,M1144467625,0.0,0.0,0,0
PAYMENT,12814.99,C642127491,0.0,0.0,M1248048125,0.0,0.0,0,0
PAYMENT,18636.24,C367174853,20248.0,1611.76,M2062176584,0.0,0.0,0,0
PAYMENT,2800.3,C1737506631,21155.1,18354.81,M1188401342,0.0,0.0,0,0
PAYMENT,2352.29,C2095829836,0.0,0.0,M430160362,0.0,0.0,0,0
PAYMENT,3175.37,C1958508269,12231.0,9055.63,M1798469903,0.0,0.0,0,0
CASH_OUT,256442.04,C47395589,106115.0,0.0,C966877761,414108.14,670550.18,0,0
PAYMENT,5229.47,C958618346,125163.0,119933.53,M425480206,0.0,0.0,0,0
CASH_OUT,157004.49,C215876823,107683.0,0.0,C220048533,302031.99,459036.48,0,0
CASH_OUT,365954.88,C92334117,0.0,0.0,C625898329,581337.97,947292.85,0,0
PAYMENT,16399.96,C1691671845,0.0,0.0,M1902306100,0.0,0.0,0,0
TRANSFER,137575.7,C199772448,0.0,0.0,C866418885,1231593.42,1369169.11,0,0
CASH_OUT,131849.61,C1711821568,0.0,0.0,C1334364775,2493648.24,2625497.86,0,0
CASH_OUT,122526.54,C1044931254,36342.0,0.0,C1966484940,1106488.95,1229015.49,0,0
CASH_OUT,132562.11,C1250829951,0.0,0.0,C2043772827,6687929.32,6820491.43,0,0
PAYMENT,1435.38,C545867754,49791.0,48355.62,M1413425859,0.0,0.0,0,0
CASH_OUT,321410.09,C581129113,11053.0,0.0,C292964261,623.58,322033.67,0,0
CASH_IN,28059.03,C1998598321,7964895.58,7992954.62,C2054195017,9093595.24,9065536.21,0,0
CASH_OUT,242211.04,C440562422,8156.0,0.0,C230091383,0.0,242211.04,0,0
PAYMENT,8469.37,C1233551774,82073.0,73603.63,M1223276613,0.0,0.0,0,0
CASH_OUT,79151.54,C1242364273,53489.0,0.0,C264422535,27118.81,106270.36,0,0
PAYMENT,4605.81,C2027958901,383566.0,378960.19,M1610696189,0.0,0.0,0,0
CASH_OUT,5835.28,C989519009,27122.0,21286.72,C518327866,0.0,5835.28,0,0
CASH_OUT,169143.83,C934473429,0.0,0.0,C486532439,2251428.81,2420572.64,0,0
PAYMENT,5417.61,C190268778,530.0,0.0,M1413374358,0.0,0.0,0,0
PAYMENT,11963.0,C445246517,24286.0,12323.0,M1942633317,0.0,0.0,0,0
PAYMENT,2257.83,C195243288,0.0,0.0,M448284337,0.0,0.0,0,0
PAYMENT,12720.56,C876930322,0.0,0.0,M1436753337,0.0,0.0,0,0
CASH_IN,205649.9,C1725893104,29957.0,235606.9,C1252184369,516688.36,311038.46,0,0
CASH_OUT,56886.58,C522954793,20309.0,0.0,C435860665,350329.6,407216.18,0,0
CASH_IN,161932.05,C1828177976,2933616.88,3095548.93,C111718879,367530.52,205598.47,0,0
CASH_OUT,2984.98,C603223694,0.0,0.0,C1322754115,703101.22,706086.2,0,0
PAYMENT,6617.81,C1856964662,139727.0,133109.19,M1323795013,0.0,0.0,0,0
CASH_IN,109205.49,C1624745508,24059523.52,24168729.01,C1202114695,122673.4,13467.91,0,0
CASH_IN,173929.28,C1540202456,4570152.15,4744081.43,C500058139,5868921.28,5694992.0,0,0
PAYMENT,23447.15,C1237698547,16513.0,0.0,M324765990,0.0,0.0,0,0
CASH_OUT,142659.84,C1328616686,0.0,0.0,C617241103,174212.24,316872.08,0,0
CASH_OUT,90732.97,C191533381,0.0,0.0,C1654852919,416117.02,506849.98,0,0
CASH_OUT,213266.54,C2133535665,45324.56,0.0,C829492582,584558.55,797825.09,0,0
TRANSFER,10895.25,C1062132215,0.0,0.0,C2009695214,1834215.45,1845110.7,0,0
PAYMENT,2071.31,C1372278945,41591.0,39519.69,M874817154,0.0,0.0,0,0
PAYMENT,14548.39,C158705198,18274.88,3726.49,M1422360902,0.0,0.0,0,0
PAYMENT,938.25,C726377083,225039.42,224101.17,M1707767464,0.0,0.0,0,0
CASH_OUT,29214.14,C1228039452,494.0,0.0,C744393572,5057637.57,5086851.71,0,0
PAYMENT,1909.99,C1692181682,372228.46,370318.47,M1513969479,0.0,0.0,0,0
PAYMENT,2581.23,C29799946,0.0,0.0,M1142983803,0.0,0.0,0,0
CASH_OUT,89540.61,C689373453,25517.0,0.0,C673203497,0.0,89540.61,0,0
CASH_OUT,200292.53,C2021817728,12872.0,0.0,C2048749345,3306379.09,3506671.62,0,0
PAYMENT,18810.8,C374014223,0.0,0.0,M1213867865,0.0,0.0,0,0
PAYMENT,1255.67,C1472182172,0.0,0.0,M901336901,0.0,0.0,0,0
CASH_OUT,79043.58,C1497441323,0.0,0.0,C501818478,91123.25,170166.83,0,0
CASH_OUT,217425.07,C541794442,2485.0,0.0,C626806149,4109471.33,4326896.4,0,0
PAYMENT,7100.58,C1596376585,4716.54,0.0,M1080652260,0.0,0.0,0,0
PAYMENT,1153.83,C1454689101,9521.0,8367.17,M528226533,0.0,0.0,0,0
PAYMENT,36226.84,C2091074795,100217.24,63990.4,M936593987,0.0,0.0,0,0
CASH_OUT,214979.42,C181373524,40858.0,0.0,C1938585709,12435.0,391085.1,0,0
CASH_OUT,87654.69,C1974580312,18687.0,0.0,C913578962,1216420.31,1304075.0,0,0
CASH_OUT,179505.65,C712842607,0.0,0.0,C1662685809,666368.16,845873.81,0,0
PAYMENT,10190.15,C66416261,9796.0,0.0,M1522230372,0.0,0.0,0,0
PAYMENT,4825.59,C507871623,20037.0,15211.41,M334471792,0.0,0.0,0,0
PAYMENT,2162.16,C812395623,0.0,0.0,M462123656,0.0,0.0,0,0
PAYMENT,15240.54,C1447812821,0.0,0.0,M883437222,0.0,0.0,0,0
PAYMENT,2358.0,C967612684,51143.39,48785.39,M1553069061,0.0,0.0,0,0
PAYMENT,3540.92,C655203767,34767.53,31226.61,M1091665270,0.0,0.0,0,0
PAYMENT,27016.65,C1189958162,0.0,0.0,M1346694629,0.0,0.0,0,0
PAYMENT,2509.6,C2039721842,10660.0,8150.4,M1483216022,0.0,0.0,0,0
CASH_IN,187098.42,C852807497,2207.0,189305.42,C668601222,141955.13,0.0,0,0
PAYMENT,7197.74,C1043820362,0.0,0.0,M789270883,0.0,0.0,0,0
CASH_OUT,321242.75,C1258448143,0.0,0.0,C572569470,401383.1,722625.84,0,0
TRANSFER,598309.68,C1946395323,0.0,0.0,C41206010,2006240.76,2604550.45,0,0
CASH_OUT,181700.97,C1433757851,712253.78,530552.82,C1773402807,1784428.13,1966129.1,0,0
CASH_OUT,743600.59,C355914211,62086.0,0.0,C1051754452,901552.03,1645152.62,0,0
CASH_IN,305214.65,C1975382043,107338.75,412553.4,C633895228,1247745.98,942531.33,0,0
PAYMENT,6481.14,C78416759,50594.0,44112.86,M790723215,0.0,0.0,0,0
TRANSFER,91175.56,C1128809534,574964.13,483788.57,C205863299,2571879.39,2663054.96,0,0
PAYMENT,51396.14,C1682583850,0.0,0.0,M630075105,0.0,0.0,0,0
CASH_OUT,11790.78,C1240104895,51960.0,40169.22,C679550961,156609.42,168400.2,0,0
CASH_IN,139815.21,C924866182,10457.0,150272.21,C444737783,0.0,0.0,0,0
PAYMENT,12952.17,C292315110,50309.63,37357.46,M1847338828,0.0,0.0,0,0
PAYMENT,21351.26,C1891790906,11316.0,0.0,M1357484117,0.0,0.0,0,0
CASH_OUT,409792.13,C1634833562,123178.0,0.0,C1241671236,458130.01,867922.15,0,0
CASH_IN,126277.1,C540148944,13525282.0,13651559.1,C767850882,249911.62,123634.52,0,0
PAYMENT,14464.66,C1700478334,56466.0,42001.34,M1454633107,0.0,0.0,0,0
CASH_IN,57975.12,C1891070550,31635.0,89610.12,C456342742,740365.17,682390.05,0,0
PAYMENT,1206.21,C1777109316,0.0,0.0,M1994137508,0.0,0.0,0,0
PAYMENT,9223.12,C1300161159,109376.73,100153.61,M1982491940,0.0,0.0,0,0
CASH_IN,131089.51,C750128734,931265.33,1062354.83,C2107349417,2085267.23,1954177.72,0,0
PAYMENT,8756.63,C477648093,0.0,0.0,M1839336332,0.0,0.0,0,0
CASH_OUT,52190.29,C1483941765,0.0,0.0,C2037387526,4061291.04,4113481.33,0,0
PAYMENT,9508.19,C792198081,550687.98,541179.79,M898348128,0.0,0.0,0,0
PAYMENT,1842.99,C222114855,29721.0,27878.01,M349313245,0.0,0.0,0,0
CASH_IN,88803.55,C1386131547,240.0,89043.55,C1731551447,256184.01,167380.46,0,0
PAYMENT,9712.91,C544951095,0.0,0.0,M511411181,0.0,0.0,0,0
PAYMENT,11648.4,C567897501,0.0,0.0,M1224549674,0.0,0.0,0,0
CASH_OUT,139783.1,C1034909561,7021.0,0.0,C2080838791,1967871.58,2107654.69,0,0
PAYMENT,22391.03,C350220668,111730.51,89339.47,M980637609,0.0,0.0,0,0
CASH_IN,38957.23,C1928061185,2960521.07,2999478.3,C1861964602,1048832.26,1888813.53,0,0
CASH_OUT,191283.03,C1705457424,1536.0,0.0,C756639961,0.0,191283.03,0,0
CASH_OUT,258691.5,C231829000,179.0,0.0,C1718476819,25995.15,284686.65,0,0
CASH_OUT,366672.98,C1355426908,0.0,0.0,C1407133247,1369621.47,1736294.45,0,0
CASH_OUT,131919.61,C1898498845,215012.0,83092.39,C1312911562,0.0,131919.61,0,0
PAYMENT,16977.54,C970906473,182811.0,165833.46,M803924319,0.0,0.0,0,0
CASH_IN,79106.61,C1572776458,6918782.99,6997889.6,C83507687,267830.26,188723.64,0,0
CASH_OUT,134819.49,C1909480902,258.0,0.0,C730372820,2131191.89,2266011.38,0,0
PAYMENT,2427.51,C1458407461,0.0,0.0,M205089547,0.0,0.0,0,0
PAYMENT,46178.8,C908852287,1340.46,0.0,M820242753,0.0,0.0,0,0
PAYMENT,29314.88,C6996011,107986.0,78671.12,M2019402252,0.0,0.0,0,0
CASH_OUT,13730.31,C2053404778,52865.0,39134.69,C494845714,7012704.74,7026435.05,0,0
PAYMENT,4776.45,C1490937393,0.0,0.0,M1079958332,0.0,0.0,0,0
CASH_OUT,4795.09,C444503425,0.0,0.0,C220920433,1126233.31,1131028.4,0,0
CASH_OUT,248009.9,C1502611880,0.0,0.0,C993603737,36677952.44,36925962.34,0,0
CASH_IN,144628.38,C322262765,4348007.63,4492636.01,C1857142050,509041.82,364413.43,0,0
PAYMENT,1426.92,C1695187248,428000.99,426574.06,M940944799,0.0,0.0,0,0
PAYMENT,3022.57,C1693699281,190.0,0.0,M723432441,0.0,0.0,0,0
CASH_OUT,49744.75,C278494630,0.0,0.0,C1743854374,75513.28,125258.02,0,0
PAYMENT,10540.39,C1095307969,0.0,0.0,M1073849707,0.0,0.0,0,0
CASH_OUT,142155.22,C2025248466,0.0,0.0,C1523762310,5207143.31,5349298.53,0,0
PAYMENT,843.55,C904554764,71638.0,70794.45,M1581438659,0.0,0.0,0,0
PAYMENT,12840.95,C1110926401,29755.0,16914.05,M1528947937,0.0,0.0,0,0
PAYMENT,32669.61,C1374749061,47816.47,15146.86,M851115048,0.0,0.0,0,0
CASH_IN,3317.68,C2120093180,14354543.84,14357861.52,C569886962,193114.1,189796.42,0,0
CASH_OUT,30036.0,C16283174,0.0,0.0,C266060824,484500.69,514536.69,0,0
CASH_OUT,137932.59,C2070110041,20221.0,0.0,C1550763114,1550545.67,2107636.81,0,0
PAYMENT,17106.1,C1135807905,0.0,0.0,M2100218621,0.0,0.0,0,0
CASH_IN,67803.04,C270704597,1871075.63,1938878.67,C1108250927,251225.31,183422.26,0,0
PAYMENT,8607.39,C1621504181,0.0,0.0,M479793226,0.0,0.0,0,0
CASH_OUT,85059.21,C1993127688,10863.0,0.0,C226614716,0.0,85059.21,0,0
PAYMENT,2617.63,C2035399293,0.0,0.0,M1356343135,0.0,0.0,0,0
CASH_OUT,65417.23,C2088525084,80617.0,15199.77,C1895464131,0.0,65417.23,0,0
PAYMENT,1644.71,C1072317340,406081.55,404436.84,M1702381934,0.0,0.0,0,0
PAYMENT,53548.02,C178202352,5510.0,0.0,M648747595,0.0,0.0,0,0
PAYMENT,1121.73,C405454240,0.0,0.0,M181242082,0.0,0.0,0,0
PAYMENT,6473.48,C884249068,30048.59,23575.12,M1535073379,0.0,0.0,0,0
CASH_OUT,163632.11,C1828844657,38159.0,0.0,C208341157,20830.0,0.0,0,0
CASH_OUT,2645.67,C1044043123,0.0,0.0,C1248401053,1189295.16,1191940.83,0,0
PAYMENT,29965.08,C270875365,29829.05,0.0,M1145456002,0.0,0.0,0,0
CASH_OUT,82318.04,C792424937,0.0,0.0,C396621,189299.33,271617.38,0,0
CASH_OUT,244018.81,C371856838,0.0,0.0,C1857999018,1915166.71,2159185.52,0,0
CASH_OUT,101048.67,C330904708,0.0,0.0,C1267981971,420089.55,521138.22,0,0
TRANSFER,1185414.72,C380607947,57328.0,0.0,C411332197,1389143.59,2574558.31,0,0
PAYMENT,2358.32,C172634424,162781.62,160423.3,M1205766746,0.0,0.0,0,0
PAYMENT,1948.16,C62338812,0.0,0.0,M350915768,0.0,0.0,0,0
PAYMENT,4402.71,C1164692364,173021.22,168618.52,M1949475805,0.0,0.0,0,0
CASH_IN,291300.01,C74993656,1575663.63,1866963.64,C1075167375,14023421.92,13504778.89,0,0
CASH_OUT,492650.99,C1452407422,364535.73,0.0,C450985737,612007.43,1104658.42,0,0
PAYMENT,2785.88,C1791467267,108845.0,106059.12,M1749365243,0.0,0.0,0,0
CASH_IN,253834.3,C2108284831,6305016.91,6558851.22,C605614979,428395.13,174560.83,0,0
TRANSFER,288202.73,C2141650109,0.0,0.0,C1004561957,766485.18,1054687.91,0,0
CASH_OUT,193935.74,C1069372849,20822.0,0.0,C186268754,405050.16,598985.9,0,0
TRANSFER,518142.05,C599184522,21124.0,0.0,C494988036,32607.08,943957.26,0,0
CASH_OUT,108176.71,C764444809,42629.25,0.0,C789995759,988694.3,1096871.01,0,0
CASH_IN,58006.33,C1010605227,11549.0,69555.33,C1252543718,591.77,0.0,0,0
CASH_IN,226273.35,C583508200,1431190.36,1657463.72,C1777225585,1405829.35,1571013.22,0,0
CASH_OUT,229867.07,C726166640,0.0,0.0,C122337935,1496128.0,1725995.07,0,0
CASH_IN,382145.54,C1579098715,2226561.33,2608706.87,C1238114041,387440.79,5295.25,0,0
CASH_IN,38758.94,C223847202,485215.11,523974.05,C413839549,158662.81,119903.87,0,0
CASH_IN,118689.67,C1533247644,38049.0,156738.67,C48387018,0.0,0.0,0,0
CASH_OUT,345149.57,C77546718,12772.0,0.0,C1646675169,0.0,417081.18,0,0
PAYMENT,4776.97,C1686147556,98089.45,93312.49,M457168481,0.0,0.0,0,0
PAYMENT,5119.03,C1425319551,0.0,0.0,M1858245363,0.0,0.0,0,0
PAYMENT,1327.69,C2082978520,35099.38,33771.69,M1937889538,0.0,0.0,0,0
PAYMENT,13855.73,C824640943,171835.45,157979.72,M322127787,0.0,0.0,0,0
TRANSFER,15474.86,C1628121696,131570.0,116095.14,C583407869,1705626.81,1721101.67,0,0
CASH_OUT,271166.95,C2057056321,303.0,0.0,C232148481,188960.05,460126.99,0,0
PAYMENT,2732.46,C794650148,956771.0,954038.54,M116105203,0.0,0.0,0,0
PAYMENT,7656.38,C1980071814,102054.0,94397.62,M1813122722,0.0,0.0,0,0
PAYMENT,1807.88,C1526698884,511.0,0.0,M877700186,0.0,0.0,0,0
PAYMENT,2734.63,C264726281,28198.0,25463.37,M1673251376,0.0,0.0,0,0
PAYMENT,586.66,C1808856093,9590.0,9003.34,M206367086,0.0,0.0,0,0
CASH_OUT,19293.98,C906946427,646.0,0.0,C481815603,397385.58,416679.56,0,0
TRANSFER,187002.09,C185953587,0.0,0.0,C1877976610,1279154.27,1466156.36,0,0
CASH_OUT,189042.57,C643692126,117856.0,0.0,C113176192,0.0,189042.57,0,0
CASH_OUT,160313.74,C999206825,0.0,0.0,C565632321,2483055.58,2643369.32,0,0
CASH_OUT,36823.15,C1166569147,37418.46,595.32,C1836054872,135196.91,172020.06,0,0
CASH_OUT,36918.07,C1938234208,81698.0,44779.93,C1893997614,510941.32,547859.39,0,0
CASH_OUT,562059.33,C408782149,222157.0,0.0,C2112633158,50971.13,613030.46,0,0
CASH_OUT,29653.89,C159224487,28160.5,0.0,C469416331,1482565.47,1512219.36,0,0
PAYMENT,15788.65,C1624282988,40097.0,24308.35,M712696638,0.0,0.0,0,0
CASH_OUT,51194.87,C476631544,0.0,0.0,C1789747996,335390.35,386585.22,0,0
PAYMENT,16276.06,C245245662,0.0,0.0,M436270561,0.0,0.0,0,0
PAYMENT,12831.94,C1175758428,0.0,0.0,M246646397,0.0,0.0,0,0
TRANSFER,340499.53,C1627806745,0.0,0.0,C875222405,5432082.57,5772582.1,0,0
CASH_OUT,352285.1,C1886594630,10587.0,0.0,C2136909317,67171.93,849493.16,0,0
PAYMENT,9963.03,C1083424854,53.0,0.0,M43926344,0.0,0.0,0,0
CASH_OUT,178500.01,C1419732243,0.0,0.0,C1752911658,277839.98,556624.28,0,0
CASH_OUT,77659.56,C1851204667,71348.0,0.0,C1010298099,36589.01,114248.56,0,0
PAYMENT,15449.63,C1027833909,232.0,0.0,M417439559,0.0,0.0,0,0
PAYMENT,9072.97,C1887810584,0.0,0.0,M904635182,0.0,0.0,0,0
PAYMENT,15094.65,C960123722,20265.0,5170.35,M760052199,0.0,0.0,0,0
CASH_IN,48745.19,C868282498,1379730.8,1428475.99,C1482284789,127354.74,78609.54,0,0
CASH_OUT,352457.37,C2144413317,0.0,0.0,C1208324088,3556532.51,3908989.88,0,0
CASH_OUT,947.46,C491169802,0.0,0.0,C1282545317,5095545.53,5096492.98,0,0
TRANSFER,1287865.93,C1390375306,910048.63,0.0,C1281761737,11141107.92,12428973.85,0,0
PAYMENT,17527.83,C1844974711,0.0,0.0,M1233692152,0.0,0.0,0,0
PAYMENT,19646.0,C1803044691,32047.0,12401.0,M686459096,0.0,0.0,0,0
PAYMENT,1673.14,C1912348782,167131.02,165457.88,M1104230199,0.0,0.0,0,0
PAYMENT,5662.95,C834798627,166876.0,161213.05,M1342567896,0.0,0.0,0,0
PAYMENT,18985.96,C904710085,123048.41,104062.44,M764858504,0.0,0.0,0,0
CASH_OUT,84061.19,C1281673953,0.0,0.0,C1706041063,5694871.61,5778932.8,0,0
CASH_OUT,15578.35,C2083067878,59598.0,44019.65,C1438896100,209051.49,56433.79,0,0
CASH_IN,207298.32,C144335034,16462.0,223760.32,C1311521152,209492.83,2194.51,0,0
CASH_IN,110372.6,C1623830051,24828489.94,24938862.55,C341304964,454641.82,344269.22,0,0
CASH_OUT,52170.81,C290573643,41521.0,0.0,C1407785010,0.0,52170.81,0,0
PAYMENT,10090.21,C1808174901,0.0,0.0,M71822615,0.0,0.0,0,0
CASH_OUT,197796.6,C347482753,248166.0,50369.4,C184179054,180568.46,378365.06,0,0
CASH_OUT,72028.42,C1397822274,0.0,0.0,C1808988586,188445.03,260473.45,0,0
CASH_IN,34690.13,C1842795255,7758634.27,7793324.4,C1117931321,3336821.77,3302131.64,0,0
CASH_OUT,4355.8,C1707072942,24959.0,20603.2,C2119684067,671047.49,675403.28,0,0
PAYMENT,2539.61,C541860386,10471.0,7931.39,M154865805,0.0,0.0,0,0
PAYMENT,8389.11,C876125793,8047.62,0.0,M1225195619,0.0,0.0,0,0
CASH_OUT,512795.19,C1234555894,13576.0,0.0,C747259902,14578.36,527373.55,0,0
PAYMENT,5391.21,C1284571436,0.0,0.0,M1239452990,0.0,0.0,0,0
PAYMENT,12045.27,C1105145422,0.0,0.0,M366880933,0.0,0.0,0,0
PAYMENT,26071.58,C1681384027,142651.0,116579.42,M581452697,0.0,0.0,0,0
PAYMENT,9711.07,C2108222571,51280.0,41568.93,M1109741891,0.0,0.0,0,0
CASH_OUT,156021.0,C824054674,0.0,0.0,C506600558,1113269.68,1473887.19,0,0
CASH_OUT,279334.34,C119455577,0.0,0.0,C1286615126,1219629.49,1498963.83,0,0
PAYMENT,13183.74,C900268446,9006.0,0.0,M1946259044,0.0,0.0,0,0
CASH_OUT,33030.09,C316192382,39669.0,6638.91,C120217082,229854.73,262884.81,0,0
PAYMENT,476.58,C1604187969,217177.85,216701.27,M1977091633,0.0,0.0,0,0
CASH_IN,153290.19,C75827169,21540377.74,21693667.93,C686086956,807786.61,654496.42,0,0
CASH_OUT,181285.82,C675873787,0.0,0.0,C425134779,1038999.14,1220284.97,0,0
PAYMENT,4865.79,C1255477042,180079.23,175213.44,M612456130,0.0,0.0,0,0
CASH_OUT,10621.9,C1565075303,458560.8,447938.9,C677267519,1944259.16,1954881.06,0,0
TRANSFER,442069.17,C1544541186,164230.46,0.0,C1577341991,914685.18,1356754.35,0,0
TRANSFER,414915.99,C1436267130,0.0,0.0,C1674390925,572079.9,986995.89,0,0
CASH_IN,11628.49,C1819732135,11745567.34,11757195.83,C786113584,1682989.06,1671360.57,0,0
CASH_OUT,17386.05,C1111875063,0.0,0.0,C1482365485,2959290.41,2976676.46,0,0
CASH_IN,26977.96,C1082513360,10343734.67,10370712.64,C1748710660,870000.19,843022.22,0,0
TRANSFER,671342.88,C1298373007,0.0,0.0,C1733153973,6118862.54,6790205.42,0,0
PAYMENT,13023.29,C1514666586,0.0,0.0,M611189274,0.0,0.0,0,0
PAYMENT,8100.85,C704971532,11571.0,3470.15,M1502879305,0.0,0.0,0,0
TRANSFER,161541.46,C639214461,475.0,0.0,C954697228,6860683.47,7022224.93,0,0
CASH_IN,15689.07,C1882149685,18435.0,34124.07,C858994871,134359.63,118670.56,0,0
CASH_OUT,361775.23,C1688851718,749.0,0.0,C10592420,230881.98,592657.21,0,0
CASH_IN,502418.84,C2006167855,5570896.95,6073315.78,C1279736712,4963013.21,4460594.38,0,0
CASH_OUT,442253.0,C264621489,72576.0,0.0,C1576584025,944497.42,1386750.42,0,0
CASH_OUT,37201.62,C917196085,102119.0,64917.38,C1463118148,938548.45,975750.08,0,0
CASH_IN,140697.03,C663604501,805658.52,946355.56,C1908732023,2292763.85,2152066.81,0,0
PAYMENT,2215.61,C85984908,0.0,0.0,M2049895971,0.0,0.0,0,0
PAYMENT,4783.91,C2064709169,28121.0,23337.09,M1480819233,0.0,0.0,0,0
CASH_OUT,231754.46,C2104751356,92081.0,0.0,C1274500970,0.0,231754.46,0,0
CASH_OUT,271158.19,C1183420998,272988.0,1829.81,C1925581750,0.0,271158.19,0,0
CASH_OUT,52942.49,C1980714286,8063.0,0.0,C695464317,13585112.25,13638054.74,0,0
PAYMENT,11770.15,C1653182621,3249.48,0.0,M682205961,0.0,0.0,0,0
PAYMENT,3463.09,C1930261811,200735.8,197272.7,M1682020946,0.0,0.0,0,0
PAYMENT,13365.58,C1553548125,4898.21,0.0,M127134271,0.0,0.0,0,0
PAYMENT,11183.97,C469175847,0.0,0.0,M409431301,0.0,0.0,0,0
CASH_OUT,175619.16,C1488806059,21138.0,0.0,C1546672086,0.0,175619.16,0,0
CASH_IN,75442.77,C1028089528,7228609.72,7304052.48,C1547261208,391659.58,316216.82,0,0
TRANSFER,47239.01,C856513692,0.0,0.0,C293709482,577972.81,625211.82,0,0
CASH_OUT,83817.36,C649838812,477975.2,394157.84,C699115483,745730.1,829547.46,0,0
CASH_OUT,183897.61,C684175624,0.0,0.0,C2019050755,359940.1,543837.72,0,0
CASH_OUT,47325.95,C252058980,16625.0,0.0,C1121579878,5905540.45,5952866.39,0,0
PAYMENT,25321.65,C497313335,101745.0,76423.35,M80146168,0.0,0.0,0,0
PAYMENT,1190.53,C194079377,0.0,0.0,M488456715,0.0,0.0,0,0
PAYMENT,52933.28,C41736545,0.0,0.0,M1016222094,0.0,0.0,0,0
CASH_OUT,126157.94,C472953610,0.0,0.0,C682330828,6211262.89,6337420.83,0,0
CASH_OUT,27536.07,C1759514016,0.0,0.0,C285165216,2054673.14,2082209.21,0,0
CASH_IN,124726.51,C192120983,3077451.67,3202178.18,C1154602228,856872.91,732146.4,0,0
CASH_OUT,93602.23,C436609156,0.0,0.0,C926298189,697946.93,791549.15,0,0
PAYMENT,8576.6,C755514691,0.0,0.0,M1973260059,0.0,0.0,0,0
PAYMENT,11378.41,C1665754080,302360.96,290982.55,M492469261,0.0,0.0,0,0
PAYMENT,5332.46,C1668230098,40118.0,34785.54,M437029179,0.0,0.0,0,0
CASH_OUT,375170.66,C249065501,923.0,0.0,C1909601044,709265.79,1084436.45,0,0
CASH_IN,22066.31,C863428547,18437.0,40503.31,C70796797,14974.68,0.0,0,0
CASH_IN,158737.93,C905713998,10430216.94,10588954.88,C415853970,247042.58,88304.65,0,0
PAYMENT,5740.7,C1138881418,0.0,0.0,M454793423,0.0,0.0,0,0
CASH_OUT,135505.39,C1431074453,0.0,0.0,C1198783218,1791110.54,1926615.93,0,0
PAYMENT,12498.34,C1260647523,52321.0,39822.66,M2060706919,0.0,0.0,0,0
CASH_OUT,111785.71,C510181283,374829.0,263043.29,C1964826127,0.0,111785.71,0,0
CASH_OUT,69643.65,C1416066680,3594.0,0.0,C1017916803,1633605.67,1703249.31,0,0
PAYMENT,26480.06,C950775372,200253.79,173773.72,M269711201,0.0,0.0,0,0
CASH_OUT,388694.72,C1320657083,254094.0,0.0,C252157043,88777.2,477471.91,0,0
CASH_OUT,63505.58,C1360544436,0.0,0.0,C1427068633,3144278.4,2622877.19,0,0
TRANSFER,698313.36,C936158795,96984.0,0.0,C1324951196,38872.46,737185.83,0,0
CASH_IN,565307.93,C1654663981,3162726.62,3728034.54,C277339304,1432835.24,867527.31,0,0
PAYMENT,30751.52,C715913409,21510.0,0.0,M1080771800,0.0,0.0,0,0
CASH_IN,649301.65,C151556678,6962892.07,7612193.73,C749017014,1040526.54,391224.88,0,0
CASH_OUT,204181.04,C66103630,15792.0,0.0,C2087488957,3933582.44,4137763.48,0,0
CASH_OUT,35262.19,C719025386,0.0,0.0,C833179343,2357199.15,2392461.34,0,0
CASH_OUT,233888.44,C1057051641,117570.0,0.0,C1785640341,0.0,233888.44,0,0
CASH_IN,55377.25,C1465982515,3418680.25,3474057.5,C1194039279,2552298.46,2496921.22,0,0
PAYMENT,353.71,C522374533,0.0,0.0,M2009762657,0.0,0.0,0,0
CASH_OUT,317636.02,C733973175,80605.0,0.0,C201389995,538909.89,856545.91,0,0
CASH_IN,294654.46,C400140192,113681.0,408335.46,C316372969,320446.74,25792.28,0,0
CASH_OUT,290188.39,C597592772,0.0,0.0,C33743015,879257.44,1169445.83,0,0
PAYMENT,15516.71,C1488903581,0.0,0.0,M2130754295,0.0,0.0,0,0
PAYMENT,29691.01,C21687838,0.0,0.0,M1871595510,0.0,0.0,0,0
PAYMENT,8441.49,C2049563033,0.0,0.0,M775584094,0.0,0.0,0,0
PAYMENT,719.15,C1210027355,11672.0,10952.85,M2104209339,0.0,0.0,0,0
PAYMENT,10311.11,C1959825405,0.0,0.0,M589093072,0.0,0.0,0,0
CASH_IN,28664.62,C2112283423,3711682.78,3740347.41,C376443661,33338.94,4674.32,0,0
CASH_OUT,24106.13,C746346879,0.0,0.0,C1282900780,168662.13,61246.39,0,0
TRANSFER,879797.62,C2118019517,0.0,0.0,C1646166003,933692.95,1813490.57,0,0
CASH_OUT,250310.03,C1845793722,19976.0,0.0,C525196903,410748.41,661058.44,0,0
PAYMENT,17686.81,C58187514,739650.0,721963.19,M1231329297,0.0,0.0,0,0
CASH_OUT,67478.8,C1950745227,0.0,0.0,C437341177,3142703.2,3210182.0,0,0
CASH_OUT,275902.33,C840908388,0.0,0.0,C962468355,957288.77,1233191.1,0,0
CASH_IN,2603.87,C1381553465,3943715.07,3946318.93,C1265686142,975589.73,972985.87,0,0
CASH_OUT,153322.82,C158582296,0.0,0.0,C1510011101,178193.48,331516.3,0,0
CASH_IN,185618.63,C627218718,14618702.42,14804321.05,C694101255,704014.6,518395.97,0,0
CASH_OUT,18174.02,C1235699465,10248.0,0.0,C1730032709,233953.42,252127.44,0,0
CASH_OUT,519022.71,C985067013,0.0,0.0,C1587159908,2600820.32,3119843.04,0,0
CASH_OUT,111228.59,C906323033,0.0,0.0,C1472597158,563622.95,674851.54,0,0
CASH_OUT,449646.69,C1198928776,0.0,0.0,C1502424827,3039705.25,3489351.95,0,0
CASH_IN,453853.95,C1678717753,6080616.44,6534470.39,C603259212,622774.67,168920.73,0,0
CASH_OUT,52640.96,C117556796,316385.78,263744.82,C2067051782,333418.12,386059.08,0,0
CASH_OUT,55649.62,C678163614,11513.0,0.0,C1107916304,1265422.46,1321072.07,0,0
PAYMENT,13751.51,C123857529,0.0,0.0,M117422623,0.0,0.0,0,0
CASH_OUT,148663.95,C1480518447,0.0,0.0,C866527187,157260.07,305924.02,0,0
PAYMENT,6531.08,C435627686,55225.73,48694.65,M1648240470,0.0,0.0,0,0
TRANSFER,1004736.29,C1607235586,0.0,0.0,C1537929982,1536499.26,2541235.55,0,0
CASH_OUT,135507.17,C1321313238,0.0,0.0,C885042065,208107.53,343614.7,0,0
CASH_OUT,182548.78,C1360000346,0.0,0.0,C1414871853,3884903.79,4067452.57,0,0
PAYMENT,6672.62,C1632517096,0.0,0.0,M1346496677,0.0,0.0,0,0
PAYMENT,4286.68,C100384258,79855.0,75568.32,M1525445718,0.0,0.0,0,0
CASH_IN,280857.84,C135008941,5231383.28,5512241.12,C360148500,1629438.58,1310370.62,0,0
PAYMENT,8848.48,C2019171316,0.0,0.0,M359426090,0.0,0.0,0,0
PAYMENT,1544.97,C894364207,0.0,0.0,M1071267875,0.0,0.0,0,0
CASH_OUT,50156.7,C1537174581,133.0,0.0,C318105597,7236402.27,7286558.98,0,0
CASH_OUT,282930.91,C2042317659,50520.0,0.0,C1423108740,100498.48,383429.39,0,0
CASH_IN,46470.11,C2065365939,3929313.58,3975783.7,C1904448931,668824.07,622353.96,0,0
CASH_IN,100717.63,C44896526,11680.0,112397.63,C810301531,3380194.58,3279476.95,0,0
CASH_OUT,126586.78,C1791999411,0.0,0.0,C359005184,324776.26,575449.46,0,0
PAYMENT,16570.33,C1554724736,69717.0,53146.67,M433625013,0.0,0.0,0,0
PAYMENT,17698.76,C170605081,0.0,0.0,M375918779,0.0,0.0,0,0
CASH_IN,12374.2,C1481393551,720771.47,733145.67,C440082302,2827933.78,2968781.68,0,0
CASH_IN,241640.19,C1360807261,53198.0,294838.19,C423990204,13550.85,0.0,0,0
CASH_IN,154372.72,C362340762,4675277.49,4829650.21,C836423289,1986388.32,1832015.6,0,0
PAYMENT,13813.24,C43935544,0.0,0.0,M632808436,0.0,0.0,0,0
TRANSFER,511359.42,C259498701,52277.0,0.0,C2038775992,119577.27,630936.69,0,0
CASH_OUT,201120.75,C2026916224,13694.0,0.0,C299715257,2623228.06,2824348.8,0,0
CASH_IN,51842.47,C1127386280,3301513.63,3353356.1,C1548692005,1164389.09,1112546.63,0,0
CASH_OUT,219358.79,C816928528,134481.0,0.0,C2100933380,0.0,219358.79,0,0
CASH_OUT,154823.86,C1022834632,0.0,0.0,C1513776821,939945.39,1094769.25,0,0
TRANSFER,343178.49,C665422895,0.0,0.0,C1748350579,844382.93,1187561.43,0,0
TRANSFER,311911.51,C851413280,0.0,0.0,C2077719804,2713488.05,3025399.55,0,0
PAYMENT,1437.39,C592499691,52191.0,50753.61,M458488576,0.0,0.0,0,0
CASH_OUT,83592.75,C537133428,8320.0,0.0,C1061091409,0.0,83592.75,0,0
TRANSFER,487152.48,C202794138,2305.0,0.0,C1645732584,846889.65,1334042.13,0,0
PAYMENT,1499.33,C936397557,255358.0,253858.67,M1710496483,0.0,0.0,0,0
PAYMENT,34219.59,C363749026,0.0,0.0,M1515430926,0.0,0.0,0,0
PAYMENT,2252.79,C1081987060,43847.0,41594.21,M484331361,0.0,0.0,0,0
PAYMENT,674.7,C676500897,0.0,0.0,M2141554472,0.0,0.0,0,0
PAYMENT,3233.58,C132703016,0.0,0.0,M218044484,0.0,0.0,0,0
CASH_OUT,170444.49,C1934620848,210.0,0.0,C1569967197,0.0,170444.49,0,0
PAYMENT,17496.82,C1396758393,0.0,0.0,M1085134278,0.0,0.0,0,0
PAYMENT,1694.29,C2056123865,280872.0,279177.71,M1816976945,0.0,0.0,0,0
CASH_OUT,64472.63,C13312670,6098.0,0.0,C1016426304,116172.59,180645.22,0,0
CASH_OUT,358764.26,C263158265,33961.0,0.0,C1753251137,1453588.72,1812352.98,0,0
CASH_OUT,31940.91,C129066507,0.0,0.0,C124615142,735046.06,985619.37,0,0
PAYMENT,13243.53,C780537693,0.0,0.0,M2036979407,0.0,0.0,0,0
CASH_OUT,370584.17,C560334676,55215.0,0.0,C198811841,463959.59,834543.76,0,0
PAYMENT,748.41,C1654774470,0.0,0.0,M1336994609,0.0,0.0,0,0
CASH_IN,355731.57,C426915695,7506567.65,7862299.22,C1004729466,3248631.1,2892899.53,0,0
TRANSFER,5141769.94,C41354044,5141769.94,0.0,C1312570862,0.0,0.0,1,0
PAYMENT,43088.67,C2101242295,0.0,0.0,M359651845,0.0,0.0,0,0
PAYMENT,1443.26,C2038569628,87.0,0.0,M190839961,0.0,0.0,0,0
PAYMENT,27715.5,C2107157037,404332.94,376617.44,M1699926146,0.0,0.0,0,0
CASH_IN,164503.07,C1022519339,21918.0,186421.07,C437394743,639480.17,474977.1,0,0
CASH_OUT,259263.48,C912566136,0.0,0.0,C1356469052,1517629.77,1776893.25,0,0
CASH_IN,17383.81,C1620513271,28084.0,45467.81,C2146852592,110859.26,93475.45,0,0
PAYMENT,15045.7,C246744816,310.0,0.0,M27440856,0.0,0.0,0,0
PAYMENT,4728.94,C1368760728,23650.45,18921.51,M1834885158,0.0,0.0,0,0
CASH_OUT,17380.11,C826194081,171.0,0.0,C549279530,371811.06,389191.17,0,0
CASH_IN,74751.63,C1284799731,4147377.52,4222129.15,C1391014259,438477.52,363725.89,0,0
PAYMENT,62310.42,C1914450951,6034.0,0.0,M924495091,0.0,0.0,0,0
PAYMENT,9190.99,C265060154,0.0,0.0,M1133716783,0.0,0.0,0,0
PAYMENT,10803.02,C1589257469,0.0,0.0,M813850676,0.0,0.0,0,0
TRANSFER,313842.62,C783749745,0.0,0.0,C866538968,1364880.66,1678723.27,0,0
CASH_OUT,185254.15,C1127876897,0.0,0.0,C399737897,2198541.16,2383795.31,0,0
CASH_OUT,105219.98,C1188438605,17010.0,0.0,C1096988282,0.0,105219.98,0,0
PAYMENT,51969.67,C2108561371,0.0,0.0,M797061042,0.0,0.0,0,0
PAYMENT,11385.07,C419497379,1705671.55,1694286.47,M2144912339,0.0,0.0,0,0
PAYMENT,1746.08,C1279458631,31386.64,29640.56,M111510594,0.0,0.0,0,0
CASH_OUT,244474.7,C1228404691,0.0,0.0,C1566713324,4950320.96,5194795.65,0,0
CASH_OUT,92172.24,C1989272459,23153.0,0.0,C1298488320,750862.74,843034.98,0,0
CASH_OUT,134109.84,C1347068021,72520.0,0.0,C1752322655,263420.25,397530.09,0,0
CASH_IN,236317.26,C33840285,2833905.43,3070222.69,C244873304,4387384.61,4151067.34,0,0
CASH_OUT,122534.0,C568775726,219901.0,97367.0,C2103419302,844000.4,966534.4,0,0
CASH_IN,39278.98,C817547119,1885809.73,1925088.71,C1497975263,2658282.22,2619003.25,0,0
CASH_OUT,239693.16,C97890572,50300.0,0.0,C1251732887,0.0,239693.16,0,0
CASH_OUT,23837.83,C1680205557,7268.0,0.0,C1748315532,1469451.68,1493289.51,0,0
CASH_OUT,18088.42,C1902325320,0.0,0.0,C717960631,412497.22,430585.64,0,0
PAYMENT,35571.58,C404452390,35466.33,0.0,M2035983725,0.0,0.0,0,0
CASH_OUT,65627.67,C1194443744,0.0,0.0,C985129048,754751.46,820379.12,0,0
PAYMENT,10126.57,C1167663088,19829.0,9702.43,M1313139114,0.0,0.0,0,0
TRANSFER,543141.64,C397958574,0.0,0.0,C2034281467,3411201.08,3954342.72,0,0
CASH_OUT,1186.85,C849348948,76858.0,75671.15,C1303287791,1618127.83,1619314.68,0,0
PAYMENT,22988.75,C365676473,0.0,0.0,M31755197,0.0,0.0,0,0
CASH_OUT,333061.26,C921432712,0.0,0.0,C983284457,617545.01,950606.27,0,0
CASH_OUT,277675.87,C863880799,34351.0,0.0,C1816539432,0.0,277675.87,0,0
PAYMENT,3199.41,C361415419,0.0,0.0,M2131293890,0.0,0.0,0,0
CASH_OUT,237541.6,C1173778858,54207.0,0.0,C954355288,261.0,0.0,0,0
CASH_IN,61481.71,C1790011246,14662162.39,14723644.1,C2113642426,1567910.31,1506428.6,0,0
PAYMENT,6601.53,C1981783343,0.0,0.0,M1334938707,0.0,0.0,0,0
CASH_IN,88219.17,C361809231,9737122.3,9825341.47,C1819218949,2141989.84,2053770.68,0,0
CASH_OUT,75659.27,C1514970651,35591.0,0.0,C1882398293,628712.13,704371.4,0,0
CASH_OUT,80165.29,C801933900,0.0,0.0,C1883702050,181944.32,262109.61,0,0
CASH_OUT,188028.63,C2052859960,0.0,0.0,C1718839659,3496820.65,3684849.28,0,0
CASH_OUT,110375.85,C1634703059,0.0,0.0,C720583729,255389.01,365764.86,0,0
CASH_IN,12911.26,C693444542,7946356.26,7959267.52,C1264079240,1148729.67,1135818.4,0,0
CASH_OUT,46464.29,C1941098638,21528.0,0.0,C473404291,0.0,46464.29,0,0
PAYMENT,8709.82,C1024428642,0.0,0.0,M866558383,0.0,0.0,0,0
CASH_IN,287419.96,C1859759724,74619.0,362038.96,C578905991,55486.69,0.0,0,0
PAYMENT,13764.03,C2140061701,0.0,0.0,M448015962,0.0,0.0,0,0
PAYMENT,37112.4,C2097766591,0.0,0.0,M1087760354,0.0,0.0,0,0
CASH_IN,186543.67,C1622196360,9492095.22,9678638.89,C368399271,2102201.14,1915657.47,0,0
PAYMENT,5922.03,C149781350,6243.28,321.25,M83611549,0.0,0.0,0,0
PAYMENT,13038.4,C959079831,0.0,0.0,M2121201089,0.0,0.0,0,0
PAYMENT,1294.47,C1881260217,11221.0,9926.53,M52872130,0.0,0.0,0,0
CASH_IN,351903.76,C1670849676,4854848.05,5206751.81,C1782113663,2512769.83,1982491.06,0,0
PAYMENT,4571.71,C116826771,321608.22,317036.51,M194558109,0.0,0.0,0,0
TRANSFER,369472.34,C1958593645,0.0,0.0,C1888073233,710090.48,1079562.83,0,0
CASH_IN,97113.78,C702057690,5791007.52,5888121.3,C114739229,219447.15,122333.37,0,0
PAYMENT,2482.95,C1573258434,0.0,0.0,M2123867552,0.0,0.0,0,0
PAYMENT,25234.84,C727125464,0.0,0.0,M33901012,0.0,0.0,0,0
PAYMENT,5508.49,C160000169,0.0,0.0,M1893683868,0.0,0.0,0,0
TRANSFER,65031.93,C1371486699,0.0,0.0,C1063113834,1148831.9,1213863.83,0,0
PAYMENT,4563.39,C406147546,78040.43,73477.05,M409063695,0.0,0.0,0,0
CASH_OUT,73908.26,C1591987456,0.0,0.0,C2000431934,4302274.53,4376182.79,0,0
CASH_OUT,170994.27,C1280934983,148313.0,0.0,C1732826477,59198.85,230193.13,0,0
CASH_OUT,221552.0,C1401204713,100016.0,0.0,C1552916967,10134040.75,10355592.76,0,0
CASH_OUT,67789.14,C437793239,158314.76,90525.61,C1754719388,472870.0,540659.14,0,0
CASH_OUT,55909.46,C1553543948,0.0,0.0,C324916403,1616107.53,1672016.99,0,0
CASH_OUT,215530.73,C127018654,100591.0,0.0,C1989107597,0.0,215530.73,0,0
CASH_OUT,302447.21,C1470222752,0.0,0.0,C1867317980,328375.67,630822.88,0,0
PAYMENT,17645.5,C1149010250,20075.47,2429.97,M2088098477,0.0,0.0,0,0
PAYMENT,400.3,C365376207,25111.0,24710.7,M1168662918,0.0,0.0,0,0
PAYMENT,560.94,C880982215,55941.27,55380.33,M181815442,0.0,0.0,0,0
CASH_OUT,34122.44,C1817359391,0.0,0.0,C2121689755,46321.53,80443.97,0,0
CASH_IN,202213.13,C1671345268,342231.64,544444.76,C1016010587,1641370.77,1439157.64,0,0
PAYMENT,24908.43,C1633535919,7148.0,0.0,M930134985,0.0,0.0,0,0
CASH_OUT,122002.81,C1270217057,3885.0,0.0,C709190834,0.0,122002.81,0,0
TRANSFER,269209.2,C2130876725,38510.0,0.0,C1508020074,0.0,269209.2,0,0
PAYMENT,4707.4,C1330214422,28714.94,24007.53,M596166596,0.0,0.0,0,0
PAYMENT,83880.25,C1843473471,102256.0,18375.75,M1321879924,0.0,0.0,0,0
PAYMENT,2533.43,C1969333624,31330.0,28796.57,M1287257391,0.0,0.0,0,0
PAYMENT,11700.44,C1596257268,40901.39,29200.95,M2067311339,0.0,0.0,0,0
DEBIT,4256.48,C1221694312,8693.0,4436.52,C1789126340,1590614.71,1594871.2,0,0
PAYMENT,21873.53,C1417259055,117.0,0.0,M1166122664,0.0,0.0,0,0
PAYMENT,2834.66,C829034953,106158.0,103323.34,M1555455188,0.0,0.0,0,0
PAYMENT,9315.28,C1521880107,0.0,0.0,M236916791,0.0,0.0,0,0
CASH_OUT,261215.4,C455579834,22288.0,0.0,C1271900652,2790984.12,3052199.52,0,0
CASH_OUT,448972.8,C1293353061,3049.0,0.0,C145960345,10657.93,459630.72,0,0
TRANSFER,476515.7,C301438044,0.0,0.0,C1010364515,1050789.02,1527304.73,0,0
CASH_IN,234433.6,C1669388688,107024.0,341457.6,C17745375,221319.57,0.0,0,0
CASH_OUT,236026.8,C2121186486,203581.28,0.0,C1996640510,498163.96,734190.76,0,0
PAYMENT,4888.32,C2056778719,0.0,0.0,M1874228767,0.0,0.0,0,0
PAYMENT,9220.8,C2040317564,0.0,0.0,M573483043,0.0,0.0,0,0
CASH_OUT,35125.48,C1276387005,0.0,0.0,C22874333,516007.26,551132.73,0,0
CASH_IN,148161.33,C1494847022,7521109.23,7669270.56,C511803407,2001475.69,1853314.36,0,0
PAYMENT,54416.82,C1805394946,183.0,0.0,M1063807805,0.0,0.0,0,0
CASH_IN,160670.3,C796601889,6303.0,166973.3,C783723634,4592772.66,5298130.68,0,0
PAYMENT,3747.54,C2037163019,154971.0,151223.46,M1899171550,0.0,0.0,0,0
PAYMENT,6053.22,C662882906,0.0,0.0,M868512101,0.0,0.0,0,0
CASH_OUT,362202.16,C659566228,201667.0,0.0,C1207952667,4270815.83,4633017.99,0,0
CASH_OUT,38182.91,C1225452036,0.0,0.0,C451015970,273683.9,311866.81,0,0
PAYMENT,16466.24,C1415309592,0.0,0.0,M2058028423,0.0,0.0,0,0
CASH_OUT,3231.55,C1714334493,0.0,0.0,C1021465793,122869.11,126100.66,0,0
CASH_IN,358408.42,C1149709121,19690.0,378098.42,C857014923,552056.77,193648.35,0,0
PAYMENT,13849.11,C282523156,333064.0,319214.89,M412813040,0.0,0.0,0,0
CASH_IN,219060.06,C878402793,10038.0,229098.06,C1155464385,2190727.68,1971667.62,0,0
CASH_OUT,226145.81,C1424654217,27232.0,0.0,C824285986,2626386.63,2852532.44,0,0
TRANSFER,633959.37,C1863611189,0.0,0.0,C1705731599,3708149.58,4342108.94,0,0
CASH_OUT,53213.87,C1057774405,0.0,0.0,C1740912574,1435280.87,1488494.74,0,0
CASH_OUT,232853.35,C1147593133,274.0,0.0,C462556909,78105.15,310958.5,0,0
PAYMENT,7742.66,C479543710,175093.06,167350.4,M1128354718,0.0,0.0,0,0
PAYMENT,12406.59,C2079652372,216437.35,204030.76,M206286208,0.0,0.0,0,0
CASH_IN,59340.47,C2000705937,10436715.74,10496056.21,C1793070799,1577648.8,1518308.33,0,0
PAYMENT,24855.56,C1919364337,80527.99,55672.43,M690268963,0.0,0.0,0,0
CASH_OUT,345627.68,C251373300,0.0,0.0,C780577810,671242.1,1016869.78,0,0
PAYMENT,10051.73,C1765238332,51848.0,41796.27,M1708970758,0.0,0.0,0,0
PAYMENT,23769.15,C131467576,217996.0,194226.85,M551896283,0.0,0.0,0,0
PAYMENT,9303.32,C1307903687,0.0,0.0,M1978304703,0.0,0.0,0,0
CASH_IN,473276.13,C1954113045,0.0,473276.13,C1241177199,2185945.55,1712669.42,0,0
CASH_OUT,304642.93,C1230201808,0.0,0.0,C1966420191,1502170.11,1806813.04,0,0
PAYMENT,43956.85,C1425698576,642.0,0.0,M1951946867,0.0,0.0,0,0
TRANSFER,271844.92,C1790201101,500874.0,229029.08,C1849919415,2597296.42,2869141.34,0,0
CASH_IN,87152.97,C1285890930,16164524.61,16251677.57,C1020303333,221484.74,134331.77,0,0
PAYMENT,9347.88,C1750353338,738.75,0.0,M1092797808,0.0,0.0,0,0
CASH_OUT,173221.38,C486321718,168.0,0.0,C687178002,1374.09,174595.47,0,0
CASH_OUT,165560.41,C160693160,53750.0,0.0,C176511605,0.0,165560.41,0,0
CASH_OUT,34261.34,C466690108,0.0,0.0,C227521798,5230776.96,5265038.3,0,0
CASH_OUT,156241.08,C1336806023,583.0,0.0,C1541299335,0.0,156241.08,0,0
CASH_OUT,38259.57,C1878872715,146068.0,107808.43,C1967750674,738152.98,776412.55,0,0
PAYMENT,2394.06,C1895673530,10675.86,8281.8,M1500011621,0.0,0.0,0,0
PAYMENT,1471.02,C1519947891,171.0,0.0,M1116754592,0.0,0.0,0,0
CASH_OUT,283764.05,C1116222644,151752.0,0.0,C1663679231,250892.99,534657.04,0,0
PAYMENT,10516.12,C1595438008,23539.0,13022.88,M233669482,0.0,0.0,0,0
CASH_OUT,100283.39,C762394515,0.0,0.0,C35003468,4064791.68,4165075.08,0,0
CASH_IN,330266.82,C1378604401,173906.46,504173.28,C235206239,189832.01,0.0,0,0
CASH_IN,198381.95,C525569143,286.0,198667.95,C1440068313,0.0,0.0,0,0
CASH_IN,344050.54,C1724551180,999913.09,1343963.63,C787536921,520009.85,175959.31,0,0
CASH_IN,9241.62,C1210695779,12890.0,22131.62,C1009822729,0.0,0.0,0,0
TRANSFER,720803.59,C124251351,167651.0,0.0,C1518728219,5509231.06,6230034.65,0,0
CASH_IN,55670.31,C491544637,2425.0,58095.31,C673512382,0.0,0.0,0,0
CASH_IN,147848.1,C903202820,10082.0,157930.1,C1703910011,0.0,0.0,0,0
TRANSFER,209345.54,C1785018091,0.0,0.0,C1931844182,1361705.56,2063350.8,0,0
CASH_OUT,295181.99,C1174536549,855643.0,560461.01,C198769948,31091.0,111699.85,0,0
TRANSFER,241385.26,C2121125803,0.0,0.0,C1240598304,375381.09,616766.35,0,0
CASH_IN,55728.43,C616349218,7264056.79,7319785.23,C338448829,528920.82,473192.38,0,0
CASH_IN,54667.29,C1973694561,3332470.77,3387138.05,C502635013,150670.43,96003.14,0,0
CASH_OUT,403911.39,C1194165171,58975.0,0.0,C592990947,0.0,403911.39,0,0
CASH_IN,265085.96,C594847814,11676.0,276761.96,C674241619,110605.18,0.0,0,0
PAYMENT,10073.86,C2128927504,156777.63,146703.77,M1922056849,0.0,0.0,0,0
CASH_OUT,231277.63,C1659171834,474.0,0.0,C1961647189,179245.15,410522.78,0,0
CASH_IN,198004.96,C606097727,346581.0,544585.96,C712350882,4839201.04,4641196.08,0,0
CASH_OUT,286797.44,C1812169146,11594.0,0.0,C1648290259,0.0,286797.44,0,0
CASH_OUT,276571.08,C28613263,5057.0,0.0,C252421091,1275481.65,1552052.74,0,0
CASH_IN,48536.65,C828326939,4559623.76,4608160.41,C1468853286,1869305.2,1820768.55,0,0
CASH_OUT,375176.36,C545381961,194.0,0.0,C1285965165,1031489.11,1406665.47,0,0
CASH_OUT,209684.7,C396278258,2092.0,0.0,C579254254,0.0,209684.7,0,0
CASH_IN,175430.85,C1527638856,1538.0,176968.85,C1683432428,0.0,0.0,0,0
CASH_IN,370164.46,C1963855302,274.0,370438.46,C248762919,0.0,0.0,0,0
CASH_OUT,101264.17,C1808174351,0.0,0.0,C1668344599,1393165.45,1494429.62,0,0
PAYMENT,67138.78,C1883856075,131983.98,64845.2,M2134665816,0.0,0.0,0,0
CASH_OUT,20206.08,C1399985086,0.0,0.0,C1465782265,580204.13,600410.21,0,0
TRANSFER,930338.83,C2024120586,0.0,0.0,C751192758,6060089.22,6990428.06,0,0
CASH_IN,22309.34,C905352899,4609397.4,4631706.74,C1792422786,181125.62,158816.27,0,0
CASH_OUT,116163.26,C220515182,0.0,0.0,C541339372,465141.9,581305.16,0,0
CASH_OUT,34775.21,C443880907,0.0,0.0,C868069734,475031.8,509807.02,0,0
TRANSFER,1341141.08,C1415654054,276201.0,0.0,C520710200,20393.95,1361535.03,0,0
CASH_IN,278994.41,C480306962,64880.0,343874.41,C361663108,6000415.43,5721421.02,0,0
CASH_OUT,87208.95,C2090587036,0.0,0.0,C1122446198,131034.95,218243.9,0,0
PAYMENT,7657.05,C1972594348,0.0,0.0,M191959193,0.0,0.0,0,0
CASH_OUT,278738.2,C231168186,168435.0,0.0,C1897328765,0.0,278738.2,0,0
CASH_OUT,226592.46,C278858481,10999.0,0.0,C261335820,0.0,226592.46,0,0
PAYMENT,2791.6,C1120431867,153.0,0.0,M94005746,0.0,0.0,0,0
TRANSFER,1518249.76,C897078378,257707.53,0.0,C1383831706,3968907.89,6098341.04,0,0
CASH_OUT,363182.26,C226253635,0.0,0.0,C2087434352,572118.18,935300.43,0,0
CASH_IN,27271.11,C549922528,728250.61,755521.72,C1102187963,1331553.03,1304281.92,0,0
CASH_OUT,123590.74,C754940693,855.0,0.0,C39520970,0.0,123590.74,0,0
PAYMENT,28777.75,C822420089,0.0,0.0,M48562627,0.0,0.0,0,0
CASH_IN,208077.19,C1923305613,12549.0,220626.19,C1804463693,0.0,0.0,0,0
CASH_IN,118273.35,C500239932,178834.0,297107.35,C310864058,2035182.25,1916908.9,0,0
CASH_OUT,143089.88,C573311971,635.0,0.0,C390044898,0.0,143089.88,0,0
TRANSFER,553975.95,C235861494,252543.0,0.0,C698403538,0.0,553975.95,0,0
PAYMENT,10922.21,C1759153006,0.0,0.0,M268031054,0.0,0.0,0,0
CASH_OUT,89594.19,C436683348,178657.0,89062.81,C1381652325,1098648.79,1188242.98,0,0
CASH_OUT,82398.44,C41763422,0.0,0.0,C1414677653,153046.62,235445.07,0,0
CASH_OUT,157263.63,C1867563550,0.0,0.0,C1696685323,1068031.4,1225295.03,0,0
TRANSFER,1302158.13,C686281775,164.0,0.0,C272339484,1242917.62,2545075.76,0,0
TRANSFER,241914.11,C889457813,0.0,0.0,C1975747661,2327045.76,2568959.86,0,0
CASH_IN,298732.54,C1239507680,7272892.1,7571624.64,C34570322,1611661.06,1312928.52,0,0
CASH_IN,193182.05,C1864199340,21646.0,214828.05,C1704225920,0.0,0.0,0,0
TRANSFER,594249.79,C454641990,0.0,0.0,C2120654454,830641.32,1424891.11,0,0
CASH_OUT,76903.65,C2118982481,10700.0,0.0,C1406374305,7077694.45,7154598.09,0,0
PAYMENT,2477.85,C2006045427,408.0,0.0,M1934677285,0.0,0.0,0,0
CASH_OUT,89994.21,C1153173296,0.0,0.0,C1279045126,991434.74,1081428.95,0,0
CASH_IN,202711.26,C1893479829,163716.0,366427.26,C352280423,453004.47,425370.32,0,0
CASH_OUT,80536.0,C152794091,0.0,0.0,C245944364,401016.46,481552.46,0,0
DEBIT,2478.32,C1840214109,22109.0,19630.68,C431684155,4830.48,7308.8,0,0
CASH_IN,62059.65,C70471467,3505256.83,3567316.48,C1690407305,324412.09,262352.44,0,0
CASH_IN,171897.01,C1273122208,10565299.87,10737196.88,C1465439611,6733690.98,6561793.97,0,0
PAYMENT,31318.36,C905378440,0.0,0.0,M1779395215,0.0,0.0,0,0
TRANSFER,305945.95,C114210642,0.0,0.0,C309505444,445153.09,751099.03,0,0
CASH_IN,53652.22,C2014641337,40949.0,94601.22,C1715798650,0.0,0.0,0,0
TRANSFER,724736.86,C1738605320,155.0,0.0,C580535483,0.0,795556.21,0,0
CASH_IN,90770.3,C1655954846,1276793.54,1367563.85,C1952936824,1672639.22,1581868.92,0,0
PAYMENT,5643.24,C1435026647,0.0,0.0,M1818452844,0.0,0.0,0,0
TRANSFER,507599.94,C1818924257,19985.0,0.0,C477838892,97315.09,604915.03,0,0
PAYMENT,1188.93,C1871929423,304.0,0.0,M464035697,0.0,0.0,0,0
PAYMENT,8330.64,C375002760,32648.42,24317.78,M1250692983,0.0,0.0,0,0
PAYMENT,22029.47,C2030652954,10280.0,0.0,M338242763,0.0,0.0,0,0
CASH_OUT,69364.61,C1952918182,0.0,0.0,C1570376761,7522560.21,7591924.82,0,0
PAYMENT,2780.89,C234076421,6953.0,4172.11,M1297715445,0.0,0.0,0,0
CASH_OUT,92805.18,C1494332322,0.0,0.0,C1456930433,3981470.36,4074275.54,0,0
CASH_IN,186493.38,C533005081,22864359.19,23050852.56,C616749524,2415660.82,2229167.44,0,0
PAYMENT,3203.89,C1567828357,47399.65,44195.76,M807121382,0.0,0.0,0,0
CASH_OUT,39429.27,C1841001169,0.0,0.0,C2008288438,4145727.93,4185157.2,0,0
CASH_OUT,82992.23,C419698732,0.0,0.0,C1168119781,103046.18,186038.41,0,0
PAYMENT,10566.28,C1336717128,0.0,0.0,M1704069511,0.0,0.0,0,0
PAYMENT,13944.36,C406691226,0.0,0.0,M13791759,0.0,0.0,0,0
CASH_OUT,167042.1,C91346190,21662.0,0.0,C1784044090,1220031.88,1387073.98,0,0
CASH_IN,149544.5,C1057315983,7358036.46,7507580.97,C29764313,221367.24,71822.74,0,0
PAYMENT,19358.89,C1811760318,235250.34,215891.45,M533925861,0.0,0.0,0,0
CASH_IN,238715.71,C523798759,39725.0,278440.71,C1806657680,0.0,0.0,0,0
PAYMENT,1402.22,C1972456633,324480.9,323078.69,M643476604,0.0,0.0,0,0
CASH_IN,105035.92,C2121483524,70449.0,175484.92,C602787792,1886058.77,1781022.85,0,0
PAYMENT,4220.92,C239456959,1315.0,0.0,M487446796,0.0,0.0,0,0
CASH_IN,223035.06,C1803096216,15026109.92,15249144.98,C1946779673,751416.59,528381.53,0,0
CASH_OUT,148576.14,C1239064071,20660.0,0.0,C570235847,219799.39,368375.53,0,0
DEBIT,3804.91,C1887902355,80404.15,76599.24,C1958332041,5915970.41,5919775.32,0,0
CASH_OUT,503124.97,C1959777267,95384.16,0.0,C533525559,2090461.25,2593586.21,0,0
CASH_OUT,104767.89,C421070482,206551.0,101783.11,C270086922,145519.41,250287.3,0,0
PAYMENT,1652.82,C1729132665,45069.0,43416.18,M56204055,0.0,0.0,0,0
CASH_IN,64684.86,C1514432886,6030300.37,6094985.23,C914306404,1864937.22,1800252.37,0,0
TRANSFER,2221642.36,C1386349165,0.0,0.0,C1558978601,2503658.2,4725300.56,0,0
CASH_IN,165404.66,C52766237,16731.0,182135.66,C2099288845,66468.13,0.0,0,0
CASH_IN,104335.93,C1671475699,16822906.0,16927241.93,C1534027199,3960626.36,3856290.44,0,0
CASH_OUT,83156.96,C918417774,47.0,0.0,C1230758993,1617807.28,1700964.24,0,0
PAYMENT,11007.5,C690701736,152953.45,141945.95,M1833394431,0.0,0.0,0,0
PAYMENT,2803.48,C982634662,171128.0,168324.52,M1769963080,0.0,0.0,0,0
PAYMENT,60403.94,C878222539,13778.79,0.0,M819543825,0.0,0.0,0,0
CASH_OUT,145513.9,C764391633,56028.0,0.0,C1694394149,3821363.73,3966877.63,0,0
CASH_OUT,30927.51,C111322053,0.0,0.0,C729165375,667023.33,697950.84,0,0
CASH_OUT,1447.33,C1746853570,0.0,0.0,C987452841,43320.74,44768.06,0,0
PAYMENT,34703.69,C1476942159,185388.0,150684.31,M506457450,0.0,0.0,0,0
CASH_OUT,156097.61,C240800031,0.0,0.0,C1685955571,1504500.98,1660598.59,0,0
PAYMENT,7931.86,C1271574094,105656.0,97724.14,M2122178770,0.0,0.0,0,0
CASH_OUT,130945.59,C1583988998,16759.0,0.0,C1551193036,0.0,130945.59,0,0
CASH_OUT,15914.65,C425088420,37396.0,21481.35,C227539326,3067.16,18981.8,0,0
TRANSFER,448428.19,C420539299,0.0,0.0,C1405434325,7693690.82,8142119.01,0,0
CASH_OUT,329738.77,C2117663479,10994.0,0.0,C432427017,3286140.68,3615879.45,0,0
CASH_OUT,11269.83,C481744464,0.0,0.0,C2017989907,89438.32,100708.15,0,0
CASH_OUT,43397.44,C1733675510,0.0,0.0,C1062840793,437754.16,481151.6,0,0
CASH_IN,49665.89,C576253868,6108.0,55773.89,C2035931630,2724390.32,2674724.43,0,0
PAYMENT,1647.98,C781411478,0.0,0.0,M1493498092,0.0,0.0,0,0
CASH_IN,319379.15,C758799320,58380.0,377759.15,C1673990384,0.0,0.0,0,0
CASH_OUT,134041.3,C1470943974,0.0,0.0,C542759335,268840.24,402881.54,0,0
PAYMENT,9138.66,C58220462,29180.35,20041.69,M80164247,0.0,0.0,0,0
PAYMENT,26364.69,C614297187,0.0,0.0,M1736215406,0.0,0.0,0,0
CASH_IN,42545.76,C155082444,1823452.6,1865998.36,C63809861,250316.9,207771.14,0,0
PAYMENT,1324.93,C1591704936,0.0,0.0,M104927043,0.0,0.0,0,0
CASH_IN,217061.17,C767100280,3201133.68,3418194.84,C1886556817,1094291.94,877230.78,0,0
PAYMENT,48030.63,C2084656601,50010.91,1980.28,M2053297143,0.0,0.0,0,0
PAYMENT,10671.44,C1742205902,11321.0,649.56,M1696452596,0.0,0.0,0,0
PAYMENT,18641.92,C586435209,0.0,0.0,M763858727,0.0,0.0,0,0
PAYMENT,15365.55,C1946102438,109693.77,94328.23,M329952980,0.0,0.0,0,0
PAYMENT,21584.41,C920624030,16607.0,0.0,M1951724103,0.0,0.0,0,0
PAYMENT,7808.73,C104786966,0.0,0.0,M530320352,0.0,0.0,0,0
PAYMENT,10674.36,C1991738746,0.0,0.0,M593361683,0.0,0.0,0,0
CASH_OUT,66503.8,C1428235534,16963.0,0.0,C249712069,113198.3,179702.1,0,0
PAYMENT,7459.83,C640475217,3759.0,0.0,M1367079074,0.0,0.0,0,0
CASH_IN,35796.55,C1522125783,1311130.26,1346926.81,C1453040813,839558.72,803762.17,0,0
PAYMENT,5263.48,C1637432306,11.0,0.0,M1171632939,0.0,0.0,0,0
CASH_IN,179824.28,C106248900,423.0,180247.28,C401814867,1306388.69,1126564.41,0,0
PAYMENT,6398.94,C553909016,289456.27,283057.34,M85113660,0.0,0.0,0,0
CASH_OUT,40383.39,C2071254721,198230.0,157846.61,C1891452836,0.0,40383.39,0,0
CASH_OUT,65453.17,C224687552,531.0,0.0,C64848769,0.0,65453.17,0,0
PAYMENT,6376.1,C870892674,0.0,0.0,M1538352988,0.0,0.0,0,0
CASH_OUT,22865.28,C380867231,10662.0,0.0,C31709845,8344.29,31209.57,0,0
CASH_OUT,188365.17,C426830019,0.0,0.0,C79826872,286017.03,474382.2,0,0
PAYMENT,5182.97,C974817574,2058.0,0.0,M1482903440,0.0,0.0,0,0
PAYMENT,12397.77,C14944861,52198.39,39800.62,M312718320,0.0,0.0,0,0
CASH_IN,33872.57,C1089355132,148618.0,182490.57,C1077188653,0.0,0.0,0,0
CASH_IN,10681.92,C1011223384,4251.0,14932.92,C527681798,0.0,0.0,0,0
CASH_IN,304856.24,C1736965363,3156733.63,3461589.87,C422503813,770190.38,465334.14,0,0
CASH_OUT,178447.82,C278238823,120165.0,0.0,C1892101612,148330.82,505747.58,0,0
CASH_IN,142214.92,C2092623923,18130.0,160344.92,C1111025855,0.0,0.0,0,0
CASH_OUT,303108.05,C288541579,0.0,0.0,C292255799,1286205.54,1589313.59,0,0
CASH_OUT,74898.32,C893579654,638.0,0.0,C870108724,929076.26,1003974.57,0,0
TRANSFER,495627.16,C223669587,96992.0,0.0,C256336547,1475590.98,1971218.14,0,0
TRANSFER,4845498.81,C143001145,7537.0,0.0,C28875340,3055289.04,7900787.84,0,0
TRANSFER,242350.22,C1487680193,159.0,0.0,C1779348438,4526177.67,4768527.89,0,0
PAYMENT,19325.03,C991092376,0.0,0.0,M1356012996,0.0,0.0,0,0
PAYMENT,7479.85,C1973588702,116481.0,109001.15,M561905341,0.0,0.0,0,0
PAYMENT,17543.62,C1137230349,41439.22,23895.61,M1990283546,0.0,0.0,0,0
CASH_OUT,27187.91,C2016771398,39623.0,12435.09,C951258658,0.0,27187.91,0,0
CASH_IN,116200.65,C1574492322,2519319.8,2635520.45,C429533322,3128440.45,3012239.8,0,0
PAYMENT,4980.08,C1885072333,240401.57,235421.49,M755090640,0.0,0.0,0,0
PAYMENT,4614.53,C616410750,15847.0,11232.47,M1408569564,0.0,0.0,0,0
CASH_OUT,63694.04,C449940989,0.0,0.0,C254092120,1166554.69,1230248.74,0,0
CASH_OUT,101659.3,C331809058,21314.0,0.0,C1537651261,0.0,101659.3,0,0
CASH_IN,135875.49,C891247546,20449.0,156324.49,C79180569,1378232.68,1242357.2,0,0
TRANSFER,662727.21,C482053048,24403.0,0.0,C131252801,53321.34,716048.56,0,0
CASH_IN,251469.26,C1542563694,3233619.18,3485088.44,C610507909,1677923.95,1426454.69,0,0
CASH_OUT,22434.23,C1908560943,0.0,0.0,C860907433,2732633.87,2755068.1,0,0
CASH_IN,440030.35,C1638913001,10154079.54,10594109.88,C867873747,31775560.62,31335530.27,0,0
CASH_IN,290415.47,C1215605378,14665.0,305080.47,C1286517831,0.0,0.0,0,0
DEBIT,10179.78,C1686856419,55448.0,45268.22,C1371150792,607706.63,617886.41,0,0
CASH_OUT,116185.06,C58164670,1521.0,0.0,C82311106,29294.3,145479.36,0,0
CASH_OUT,49846.68,C1075676036,0.0,0.0,C1410204448,1283653.87,1333500.55,0,0
CASH_OUT,285025.54,C470888137,0.0,0.0,C1318491599,1734555.43,2019580.97,0,0
CASH_IN,304562.43,C1844873456,226.0,304788.43,C821017838,0.0,65545.78,0,0
TRANSFER,1522754.21,C800638509,0.0,0.0,C2127642184,6395829.3,7918583.51,0,0
PAYMENT,11734.47,C167729199,25199.95,13465.48,M11234901,0.0,0.0,0,0
CASH_IN,160796.48,C28843478,41139.0,201935.48,C1376145880,3251598.98,3090802.5,0,0
CASH_OUT,89958.38,C454831671,21386.0,0.0,C704028888,0.0,89958.38,0,0
CASH_IN,66265.9,C164939448,155.0,66420.9,C1078419535,138294.7,72028.8,0,0
CASH_IN,103456.67,C499060790,0.0,103456.67,C584349344,3168623.78,3065167.1,0,0
CASH_IN,120449.31,C1131136876,866167.88,986617.19,C403598104,3864156.53,3743707.22,0,0
PAYMENT,13608.47,C2048641467,8151.0,0.0,M902554931,0.0,0.0,0,0
TRANSFER,59951.21,C1691933525,0.0,0.0,C1280600473,1218329.63,1278280.84,0,0
CASH_IN,108445.4,C2063622417,10421042.66,10529488.06,C968434226,142851.54,34406.14,0,0
PAYMENT,3917.36,C895228911,0.0,0.0,M1682206196,0.0,0.0,0,0
CASH_OUT,109709.92,C964731153,32919.0,0.0,C1184057472,775676.47,885386.39,0,0
CASH_IN,35.1,C163300231,10106.0,10141.1,C1065375829,5253.42,5218.32,0,0
PAYMENT,3594.66,C1666206813,0.0,0.0,M1702799114,0.0,0.0,0,0
PAYMENT,8296.66,C1705595592,11825.0,3528.34,M1441259841,0.0,0.0,0,0
PAYMENT,10872.36,C2044907911,152110.0,141237.64,M1607427905,0.0,0.0,0,0
TRANSFER,609055.93,C887826448,1780.0,0.0,C121368801,0.0,306639.64,0,0
CASH_IN,36558.29,C143404214,1373.0,37931.29,C226000036,7262298.87,7225740.57,0,0
PAYMENT,2845.76,C2126714290,16482.73,13636.96,M454150302,0.0,0.0,0,0
PAYMENT,15540.43,C348548516,5447.1,0.0,M897171642,0.0,0.0,0,0
CASH_OUT,124040.34,C482970977,147828.0,23787.66,C35603336,0.0,124040.34,0,0
PAYMENT,20576.8,C1614450378,11069.0,0.0,M2139568842,0.0,0.0,0,0
PAYMENT,5820.29,C1522609755,122.0,0.0,M177602639,0.0,0.0,0,0
CASH_OUT,273242.86,C1469353474,3556.0,0.0,C822016990,301703.57,574946.42,0,0
PAYMENT,23610.04,C1127905356,113576.71,89966.67,M550550420,0.0,0.0,0,0
CASH_IN,28223.31,C971381077,6466924.49,6495147.8,C140139993,240283.91,212060.6,0,0
PAYMENT,23.81,C369712807,237589.0,237565.19,M1729600743,0.0,0.0,0,0
PAYMENT,8540.75,C87520141,281166.22,272625.46,M359476825,0.0,0.0,0,0
PAYMENT,1894.93,C596665555,857.0,0.0,M1300198048,0.0,0.0,0,0
PAYMENT,12871.53,C1972666027,0.0,0.0,M2100204084,0.0,0.0,0,0
CASH_IN,24287.72,C1613047726,191743.0,216030.72,C721292853,240472.21,216184.49,0,0
CASH_IN,287610.38,C1833441242,9443717.34,9731327.73,C1294325283,357323.56,69713.18,0,0
CASH_IN,216205.74,C1623387090,388099.71,604305.44,C652677734,9583042.49,9366836.75,0,0
CASH_IN,239005.67,C640703366,450901.0,689906.67,C484910305,0.0,0.0,0,0
PAYMENT,1114.58,C1472272219,202055.85,200941.27,M1062127394,0.0,0.0,0,0
CASH_OUT,203817.51,C76569413,0.0,0.0,C1582571377,387917.48,591734.99,0,0
CASH_OUT,226588.8,C145170881,0.0,0.0,C136107964,679871.28,906460.08,0,0
TRANSFER,260378.64,C1240906007,34260.0,0.0,C1059074679,2262750.99,2523129.63,0,0
CASH_OUT,180163.39,C298302273,0.0,0.0,C1767382449,706511.49,886674.88,0,0
PAYMENT,1405.06,C541839209,0.0,0.0,M1407572794,0.0,0.0,0,0
PAYMENT,5606.55,C1318244732,0.0,0.0,M857458206,0.0,0.0,0,0
CASH_IN,32422.71,C1612574463,4293087.94,4325510.66,C72682589,299482.93,267060.21,0,0
PAYMENT,40338.19,C562685867,0.0,0.0,M1536389437,0.0,0.0,0,0
CASH_IN,160406.07,C822966348,8189777.02,8350183.09,C2126536847,2968031.51,2807625.43,0,0
CASH_IN,314547.24,C1448166025,13856672.68,14171219.91,C243337420,1482367.65,1167820.42,0,0
CASH_IN,323427.04,C757779400,10099908.56,10423335.6,C574653618,1302527.63,979100.59,0,0
TRANSFER,593901.06,C1005189741,57255.0,0.0,C1750350389,68409.22,975143.98,0,0
CASH_OUT,207055.51,C900932722,42724.0,0.0,C1458165183,51758.91,352546.55,0,0
CASH_OUT,36167.4,C1864384439,22310.0,0.0,C488749815,0.0,36167.4,0,0
PAYMENT,7903.03,C738994823,21312.0,13408.97,M1091765320,0.0,0.0,0,0
TRANSFER,274035.57,C1550134481,0.0,0.0,C1578539085,2242329.79,2516365.36,0,0
PAYMENT,28693.18,C746067131,0.0,0.0,M1089817642,0.0,0.0,0,0
CASH_OUT,243775.18,C1447737386,948.0,0.0,C1580898291,1147038.14,1390813.31,0,0
PAYMENT,23102.48,C180271576,0.0,0.0,M683711121,0.0,0.0,0,0
CASH_IN,170053.35,C1045543526,134.0,170187.35,C1596085849,1216338.56,1046285.22,0,0
PAYMENT,15010.61,C111288029,0.0,0.0,M117521898,0.0,0.0,0,0
CASH_OUT,505153.48,C1263401849,453.0,0.0,C1796674331,3446713.85,3951867.34,0,0
PAYMENT,12287.76,C1593037779,0.0,0.0,M21374984,0.0,0.0,0,0
PAYMENT,15170.86,C788496317,0.0,0.0,M442033677,0.0,0.0,0,0
CASH_IN,331087.35,C1641498603,7138.0,338225.35,C1695516002,0.0,0.0,0,0
CASH_OUT,133725.81,C1350834224,0.0,0.0,C2040562935,241849.42,375575.23,0,0
CASH_OUT,286648.37,C1777746312,40750.0,0.0,C1144613499,291349.51,577997.88,0,0
PAYMENT,3969.04,C2117489723,235092.7,231123.66,M452605120,0.0,0.0,0,0
TRANSFER,689803.96,C1203679565,0.0,0.0,C686652833,3513786.64,4203590.6,0,0
CASH_IN,631901.15,C21368372,5382691.32,6014592.47,C273192837,12917156.29,12285255.14,0,0
CASH_OUT,227416.72,C2068934243,120830.0,0.0,C468246757,0.0,227416.72,0,0
CASH_OUT,287544.82,C677440357,0.0,0.0,C726804082,4576495.98,4864040.8,0,0
PAYMENT,13541.23,C171112530,107378.0,93836.77,M1057841498,0.0,0.0,0,0
CASH_OUT,38001.88,C800480586,0.0,0.0,C277479643,1182765.86,1220767.75,0,0
CASH_OUT,170329.06,C1647899215,624967.0,454637.94,C70893794,72826.68,243155.74,0,0
PAYMENT,881.33,C1855765203,0.0,0.0,M820914112,0.0,0.0,0,0
PAYMENT,80278.09,C737360533,80834.0,555.91,M485769873,0.0,0.0,0,0
PAYMENT,7873.13,C1879409450,21485.0,13611.87,M435347231,0.0,0.0,0,0
TRANSFER,349636.21,C1395613553,2780.23,0.0,C450364203,483625.24,833261.45,0,0
CASH_IN,248501.89,C1791559722,7837839.49,8086341.38,C1661301602,4922901.74,4674399.85,0,0
CASH_OUT,68017.03,C243640396,11729.0,0.0,C686124828,0.0,68017.03,0,0
PAYMENT,5628.58,C159487221,134018.38,128389.8,M815928853,0.0,0.0,0,0
CASH_OUT,62072.61,C1833592470,37480.0,0.0,C1984112243,815463.57,877536.19,0,0
PAYMENT,5122.6,C1232637552,157429.94,152307.34,M718824611,0.0,0.0,0,0
PAYMENT,21498.83,C399055264,153719.0,132220.17,M24597090,0.0,0.0,0,0
PAYMENT,25448.51,C241212716,107216.93,81768.41,M104934576,0.0,0.0,0,0
PAYMENT,7834.02,C1448570290,0.0,0.0,M1845525347,0.0,0.0,0,0
CASH_IN,438599.86,C811907550,19096252.38,19534852.24,C325378081,23511758.93,23219555.3,0,0
CASH_OUT,44343.55,C2045741386,0.0,0.0,C118143453,817657.06,862000.61,0,0
CASH_OUT,55254.33,C1168108158,35198.0,0.0,C73339973,1102103.69,1157358.02,0,0
PAYMENT,18484.09,C270259757,166654.55,148170.46,M1512070186,0.0,0.0,0,0
CASH_OUT,175710.64,C1775243565,0.0,0.0,C988074863,1517677.87,1693388.51,0,0
PAYMENT,2709.13,C542570802,0.0,0.0,M251563265,0.0,0.0,0,0
CASH_OUT,105292.31,C2070501062,0.0,0.0,C1950651621,670234.37,775526.68,0,0
TRANSFER,1400127.15,C1536682847,3031.0,0.0,C39921210,490748.01,1890875.16,0,0
DEBIT,90125.95,C1356087739,19296.44,0.0,C1600361297,543057.48,633183.42,0,0
CASH_IN,358263.95,C228236710,11071.0,369334.95,C987592670,162607.41,0.0,0,0
PAYMENT,2406.79,C1316210940,289145.22,286738.42,M815414389,0.0,0.0,0,0
TRANSFER,275260.38,C1291071175,438884.0,163623.62,C1037444526,153943.86,429204.24,0,0
CASH_OUT,116396.25,C1536280687,0.0,0.0,C215806877,371973.3,488369.54,0,0
PAYMENT,40490.18,C481560891,118238.39,77748.2,M1918773214,0.0,0.0,0,0
DEBIT,173.58,C1881390955,0.0,0.0,C1006605786,4467962.3,4468135.88,0,0
CASH_IN,352866.05,C450714469,20226.0,373092.05,C481061455,413722.4,60856.35,0,0
PAYMENT,19789.69,C1888220003,0.0,0.0,M452900050,0.0,0.0,0,0
CASH_OUT,175034.98,C1925111958,63551.0,0.0,C2087201290,42048738.26,42223773.24,0,0
CASH_OUT,88632.96,C1226906308,15628.0,0.0,C861803455,5830021.49,5918654.46,0,0
PAYMENT,4621.1,C463500353,192099.88,187478.78,M757733288,0.0,0.0,0,0
PAYMENT,20106.3,C2085715691,55422.0,35315.7,M501892820,0.0,0.0,0,0
CASH_IN,31381.54,C57921846,5689225.28,5720606.82,C551257411,2482856.81,2451475.28,0,0
CASH_OUT,322931.82,C575753769,3721.0,0.0,C1177801107,0.0,322931.82,0,0
PAYMENT,8266.93,C279712379,20461.36,12194.43,M1579104807,0.0,0.0,0,0
CASH_OUT,75101.53,C1376794406,0.0,0.0,C240339365,123862.62,198964.14,0,0
TRANSFER,304994.02,C1292636342,0.0,0.0,C575487550,2376276.98,2681271.0,0,0
CASH_IN,282911.18,C538649501,613213.0,896124.18,C1865794299,0.0,0.0,0,0
CASH_OUT,167364.0,C794476034,9920.0,0.0,C671456871,2744649.06,2912013.06,0,0
CASH_OUT,357089.38,C851293577,18748.0,0.0,C1522244989,477865.56,834954.94,0,0
PAYMENT,30346.55,C1569760834,0.0,0.0,M1601936511,0.0,0.0,0,0
CASH_OUT,30361.82,C498985955,0.0,0.0,C248576137,3236460.78,3266822.6,0,0
CASH_IN,267935.74,C929539669,3619689.72,3887625.47,C463426548,383633.49,115697.75,0,0
CASH_OUT,108377.41,C617124369,94220.42,0.0,C1395643618,216397.27,324774.68,0,0
PAYMENT,19917.32,C1975843013,15394.0,0.0,M1068074638,0.0,0.0,0,0
TRANSFER,240197.53,C1995426539,0.0,0.0,C244378342,2064175.28,2304372.81,0,0
CASH_OUT,73959.83,C945052242,50681.0,0.0,C1295542981,170121.97,244081.8,0,0
PAYMENT,15031.65,C1212472667,792.0,0.0,M1922231241,0.0,0.0,0,0
PAYMENT,5633.9,C1414354275,118613.59,112979.69,M412360320,0.0,0.0,0,0
CASH_IN,16336.65,C822621379,24880.0,41216.65,C140852091,0.0,0.0,0,0
CASH_IN,94362.59,C250388410,2203043.4,2297405.98,C824580530,315874.33,221511.75,0,0
PAYMENT,11914.83,C1551275122,0.0,0.0,M456549999,0.0,0.0,0,0
CASH_OUT,18637.21,C685910320,3060.0,0.0,C1334758268,0.0,18637.21,0,0
TRANSFER,140327.56,C116564344,0.0,0.0,C1622326401,907131.75,1047459.3,0,0
CASH_OUT,76409.99,C716999182,18128.0,0.0,C389821844,71693.55,148103.53,0,0
PAYMENT,24083.96,C1572350177,31484.0,7400.04,M1311253270,0.0,0.0,0,0
PAYMENT,9301.26,C1565428494,0.0,0.0,M1989710874,0.0,0.0,0,0
PAYMENT,7535.73,C1322435901,153099.11,145563.38,M1313283043,0.0,0.0,0,0
PAYMENT,4701.22,C398951870,13647.0,8945.78,M1592034041,0.0,0.0,0,0
CASH_OUT,5898.53,C898124614,82062.75,76164.22,C411987221,10499009.18,10504907.71,0,0
CASH_OUT,136598.47,C550967897,97614.0,0.0,C1584813272,7489.47,144087.94,0,0
CASH_IN,127904.91,C1588373134,7841097.59,7969002.5,C763985105,410764.13,282859.22,0,0
TRANSFER,1054118.29,C1959709579,0.0,0.0,C1756965554,1875863.47,2929981.76,0,0
CASH_OUT,157163.43,C1694831039,144637.85,0.0,C970395610,2846705.0,3003868.42,0,0
PAYMENT,3618.85,C901392566,7698.0,4079.15,M686459077,0.0,0.0,0,0
CASH_IN,114011.22,C888047096,2108132.13,2222143.35,C745922172,264166.16,150154.95,0,0
PAYMENT,6987.85,C1026155811,120923.0,113935.15,M494825993,0.0,0.0,0,0
CASH_IN,126569.52,C1903513483,30081.0,156650.52,C386554824,3511809.26,3385239.74,0,0
CASH_IN,144687.83,C851550079,1826728.04,1971415.86,C2041424930,255126.12,110438.29,0,0
CASH_OUT,83822.22,C168619169,74701.0,0.0,C1701834117,0.0,83822.22,0,0
PAYMENT,4492.24,C1288443832,39268.0,34775.76,M2022601550,0.0,0.0,0,0
PAYMENT,2441.15,C104800366,0.0,0.0,M1567576958,0.0,0.0,0,0
CASH_IN,52208.85,C478440886,1619455.34,1671664.19,C187813218,612430.8,560221.95,0,0
PAYMENT,7214.19,C831105667,0.0,0.0,M930492399,0.0,0.0,0,0
CASH_OUT,79115.89,C1632946565,16131.0,0.0,C1180167577,0.0,79115.89,0,0
PAYMENT,5606.39,C1036848150,482731.0,477124.61,M1071240245,0.0,0.0,0,0
CASH_OUT,65427.15,C1748245794,27945.0,0.0,C1142821122,920024.65,985451.8,0,0
PAYMENT,10876.52,C945044708,0.0,0.0,M530154354,0.0,0.0,0,0
PAYMENT,18429.85,C276412429,380.0,0.0,M334746015,0.0,0.0,0,0
PAYMENT,51088.99,C1019313613,0.0,0.0,M530404897,0.0,0.0,0,0
PAYMENT,2185.23,C2119449316,153957.0,151771.77,M1599008456,0.0,0.0,0,0
CASH_OUT,152681.29,C2063328766,28130.0,0.0,C401166176,109084.28,261765.57,0,0
PAYMENT,379.08,C434210448,241213.41,240834.33,M1327075282,0.0,0.0,0,0
CASH_OUT,315681.87,C242656846,128100.0,0.0,C1598114824,0.0,315681.87,0,0
CASH_IN,223213.93,C1156359091,3178069.77,3401283.7,C2015486766,4447043.3,4223829.37,0,0
CASH_OUT,243786.17,C2113830905,0.0,0.0,C1532225650,1337393.34,1581179.51,0,0
TRANSFER,77072.07,C1036034853,94367.35,17295.28,C512478592,614720.81,691792.88,0,0
CASH_OUT,34772.35,C1631370239,0.0,0.0,C994449260,136549.6,171321.95,0,0
CASH_OUT,82529.38,C976939857,102805.0,20275.62,C1655509745,454938.54,537467.93,0,0
PAYMENT,22776.35,C1281635102,236337.97,213561.62,M501869067,0.0,0.0,0,0
CASH_IN,56978.66,C1644055449,9053849.78,9110828.44,C741819585,298973.47,241994.81,0,0
CASH_IN,115921.1,C844249614,80760.0,196681.1,C570509692,240740.99,124819.89,0,0
CASH_IN,196484.46,C1852960754,7203850.18,7400334.64,C2123678054,2382910.29,2186425.82,0,0
CASH_OUT,63898.04,C843482646,425.0,0.0,C1896552109,836393.16,900291.2,0,0
PAYMENT,2069.76,C1426451589,0.0,0.0,M1183048887,0.0,0.0,0,0
CASH_IN,75582.87,C605972963,8422.0,84004.87,C1025694734,1026877.68,951294.81,0,0
PAYMENT,27257.91,C1734383558,0.0,0.0,M1506120546,0.0,0.0,0,0
TRANSFER,20170408.19,C2052286488,0.0,0.0,C780950222,25473379.81,45643788.0,0,0
PAYMENT,4056.46,C1486735040,104164.0,100107.54,M1974412834,0.0,0.0,0,0
CASH_IN,88877.3,C1104813694,10714469.89,10803347.19,C266262804,857741.19,768863.89,0,0
PAYMENT,542.63,C113675838,31559.0,31016.37,M115737607,0.0,0.0,0,0
PAYMENT,10681.88,C365385710,0.0,0.0,M332000882,0.0,0.0,0,0
CASH_IN,137404.56,C1720557315,9615637.84,9753042.4,C341002557,671393.53,964763.72,0,0
CASH_OUT,104635.89,C33072795,0.0,0.0,C1576408634,6666947.72,6771583.61,0,0
PAYMENT,24.88,C330858043,0.0,0.0,M1516462546,0.0,0.0,0,0
PAYMENT,43312.76,C1253894693,2943.0,0.0,M2081771453,0.0,0.0,0,0
CASH_OUT,267918.02,C2119074046,47.0,0.0,C1496646960,0.0,267918.02,0,0
PAYMENT,1693.41,C1706913640,546462.35,544768.94,M2110127462,0.0,0.0,0,0
PAYMENT,2101.16,C1677981019,57693.19,55592.03,M338654293,0.0,0.0,0,0
CASH_IN,326636.41,C988413347,138868.39,465504.8,C1284108075,447034.8,120398.38,0,0
PAYMENT,12763.45,C1631665981,0.0,0.0,M1393795192,0.0,0.0,0,0
CASH_OUT,347653.67,C851019067,0.0,0.0,C1957564715,2289745.05,2637398.72,0,0
PAYMENT,97.93,C1660024881,209625.17,209527.24,M2037961287,0.0,0.0,0,0
PAYMENT,15882.02,C2133887772,3967.0,0.0,M1292150674,0.0,0.0,0,0
CASH_OUT,82432.98,C1500110677,25720.0,0.0,C205201161,0.0,82432.98,0,0
CASH_OUT,22416.74,C1168494912,0.0,0.0,C227425604,377583.57,400000.32,0,0
CASH_IN,255259.6,C1497863505,119.0,255378.6,C1610173,3720720.13,3465460.52,0,0
PAYMENT,29089.27,C529124437,258907.0,229817.73,M898595365,0.0,0.0,0,0
PAYMENT,18051.27,C2043705707,0.0,0.0,M1392744152,0.0,0.0,0,0
PAYMENT,9022.62,C2057673499,0.0,0.0,M529361087,0.0,0.0,0,0
CASH_OUT,156861.34,C1415824358,0.0,0.0,C1790324512,351483.49,508344.83,0,0
CASH_IN,288327.03,C336058219,504482.49,792809.52,C1125663160,660658.27,372331.24,0,0
CASH_OUT,118682.38,C1622130459,294.0,0.0,C175654098,0.0,118682.38,0,0
CASH_IN,241124.38,C809027576,223.0,241347.38,C313224884,315547.48,74423.1,0,0
PAYMENT,3405.68,C128362397,52718.0,49312.32,M1521094683,0.0,0.0,0,0
TRANSFER,1177038.98,C1546634722,11132.0,0.0,C702518841,0.0,1177038.98,0,0
PAYMENT,6186.92,C50447691,28551.0,22364.08,M987459057,0.0,0.0,0,0
CASH_IN,10352.63,C1937608104,1871275.4,1881628.03,C486089466,446606.47,436253.84,0,0
CASH_IN,274451.13,C1157567311,3843411.24,4117862.36,C752976394,1942924.87,1668473.74,0,0
CASH_IN,186181.33,C804344915,178.0,186359.33,C382462672,0.0,0.0,0,0
TRANSFER,824448.22,C2042748679,14984.0,0.0,C939746540,0.0,824448.22,0,0
TRANSFER,804238.31,C131760209,50318.0,0.0,C110247497,601491.37,1405729.68,0,0
CASH_OUT,600321.08,C754277157,310165.0,0.0,C1737593004,87287.14,687608.22,0,0
PAYMENT,10735.42,C1157539913,0.0,0.0,M651083453,0.0,0.0,0,0
TRANSFER,840441.35,C26199201,18170.0,0.0,C1781548235,5337691.36,6178132.71,0,0
CASH_OUT,480876.08,C436982792,227975.41,0.0,C2013091073,2693802.9,3174678.98,0,0
PAYMENT,1123.88,C1592705987,161457.89,160334.01,M171318627,0.0,0.0,0,0
TRANSFER,742471.88,C910723614,0.0,0.0,C1611021506,1956539.26,2699011.13,0,0
CASH_OUT,185512.77,C2120140648,0.0,0.0,C404466690,339552.5,525065.26,0,0
CASH_IN,386634.34,C124901304,2967789.43,3354423.77,C710990585,780410.99,393776.65,0,0
CASH_IN,513346.01,C2073912163,6247357.25,6760703.25,C108154042,813151.11,299805.1,0,0
PAYMENT,7255.32,C926673647,229.0,0.0,M955482189,0.0,0.0,0,0
CASH_OUT,93373.58,C1948052858,0.0,0.0,C538384996,196624.6,289998.18,0,0
CASH_OUT,81466.24,C1969685204,277661.14,196194.9,C1740764606,10246372.81,10327839.06,0,0
PAYMENT,46014.72,C2037803141,16229.0,0.0,M1521197053,0.0,0.0,0,0
CASH_IN,188990.37,C219267434,22652.0,211642.37,C1755192469,762053.25,573062.88,0,0
CASH_IN,69113.55,C1596121427,9697250.06,9766363.61,C1003815430,270319.85,201206.3,0,0
TRANSFER,9256461.52,C1771264015,105225.0,0.0,C1740739922,26279.86,9282741.37,0,0
CASH_IN,257816.68,C767674137,2671.0,260487.68,C1765616902,2685976.42,2428159.74,0,0
CASH_IN,12754.69,C628921816,5686612.63,5699367.32,C1033669434,72875.94,60121.25,0,0
CASH_IN,104910.21,C1442033777,256255.48,361165.69,C1340510647,70847.7,0.0,0,0
PAYMENT,6983.51,C460815549,0.0,0.0,M126456669,0.0,0.0,0,0
CASH_OUT,50671.56,C2109181546,0.0,0.0,C230366570,1100089.99,1150761.55,0,0
PAYMENT,412.71,C1951366878,0.0,0.0,M1077366104,0.0,0.0,0,0
CASH_IN,55523.42,C1653741286,1541658.56,1597181.98,C227193796,1149119.25,1093595.83,0,0
PAYMENT,11285.38,C1645088156,0.0,0.0,M1760262185,0.0,0.0,0,0
CASH_IN,142497.66,C1240919369,8568559.12,8711056.79,C374989569,170529.3,28031.64,0,0
PAYMENT,14803.01,C1681267545,48183.58,33380.57,M1417901945,0.0,0.0,0,0
CASH_OUT,59509.32,C1110968484,30698.0,0.0,C628918975,753656.78,813166.11,0,0
CASH_OUT,179478.64,C1088246155,0.0,0.0,C96222488,275733.9,191289.7,0,0
CASH_OUT,366896.03,C2113748548,366896.03,0.0,C2051326295,0.0,366896.03,1,0
PAYMENT,4941.05,C477436485,0.0,0.0,M1579941173,0.0,0.0,0,0
PAYMENT,2964.66,C206285858,0.0,0.0,M413428176,0.0,0.0,0,0
CASH_OUT,56042.47,C1199411425,486309.06,430266.59,C1289413220,240717.7,296760.17,0,0
CASH_IN,269735.51,C1437790304,5837186.33,6106921.83,C629495449,1964784.51,1695049.0,0,0
CASH_IN,89902.88,C1781243977,209036.99,298939.86,C839919065,39165539.48,39075636.6,0,0
CASH_OUT,216365.6,C1981123630,0.0,0.0,C911942002,387185.06,603550.66,0,0
CASH_IN,317743.58,C1032818929,112056.0,429799.58,C78297641,842134.33,524390.75,0,0
CASH_IN,169475.06,C1023575525,732192.0,901667.06,C1731130992,1324040.95,1154565.89,0,0
CASH_OUT,137007.8,C1213376330,0.0,0.0,C1003402991,517504.4,654512.19,0,0
CASH_OUT,184597.08,C697051790,49733.74,0.0,C573356638,213928.33,709255.4,0,0
PAYMENT,8184.36,C1157742550,0.0,0.0,M563796363,0.0,0.0,0,0
CASH_IN,117247.67,C195383175,27197.2,144444.87,C534017043,179189.14,61941.48,0,0
CASH_OUT,83384.27,C2026437231,0.0,0.0,C590908014,123044.42,208403.09,0,0
CASH_OUT,101306.62,C923949431,25089.03,0.0,C1691351305,0.0,101306.62,0,0
CASH_OUT,57399.1,C48225457,29775.0,0.0,C1434599972,0.0,57399.1,0,0
CASH_IN,193818.76,C1050351198,31613.0,225431.76,C1302707252,1059082.83,865264.06,0,0
PAYMENT,2301.47,C859960828,25036.0,22734.53,M588419510,0.0,0.0,0,0
CASH_OUT,344865.56,C2043489412,0.0,0.0,C1716667170,772217.86,1117083.42,0,0
PAYMENT,15730.86,C268593115,0.0,0.0,M857152681,0.0,0.0,0,0
PAYMENT,2031.44,C169834511,77916.0,75884.56,M1157362146,0.0,0.0,0,0
TRANSFER,489483.54,C1733458654,139789.0,0.0,C574582843,0.0,489483.54,0,0
PAYMENT,25803.84,C1198822140,489.0,0.0,M1081008853,0.0,0.0,0,0
CASH_IN,151680.02,C894654664,531197.85,682877.87,C1664276005,82125.29,33146.58,0,0
CASH_OUT,12092.91,C1022858936,766136.07,754043.16,C1681958288,70326.01,82418.93,0,0
PAYMENT,20349.95,C2084439905,52190.0,31840.05,M981861758,0.0,0.0,0,0
PAYMENT,2739.2,C1220225238,150657.0,147917.8,M1618617018,0.0,0.0,0,0
CASH_IN,112069.83,C1286335138,5021.0,117090.83,C1833162757,532680.48,420610.65,0,0
CASH_OUT,4599.75,C1216260309,15932.15,11332.41,C1378541082,901197.02,905796.77,0,0
CASH_IN,87151.25,C1630230730,52779.0,139930.25,C1827696797,137123.89,49972.65,0,0
PAYMENT,7279.34,C419622664,0.0,0.0,M59635019,0.0,0.0,0,0
PAYMENT,4937.22,C175119053,0.0,0.0,M697354474,0.0,0.0,0,0
CASH_OUT,125084.76,C637217043,0.0,0.0,C1260588783,346455.64,471540.4,0,0
PAYMENT,17832.11,C521375485,30304.0,12471.89,M1921757665,0.0,0.0,0,0
CASH_OUT,147708.75,C1374015838,17027.0,0.0,C1725436103,3211847.04,3359555.8,0,0
CASH_OUT,104827.64,C1085567048,49053.0,0.0,C1148623133,404.0,0.0,0,0
CASH_IN,125078.0,C706368209,49637.0,174715.0,C1055821997,0.0,0.0,0,0
PAYMENT,14309.89,C56150452,0.0,0.0,M1201634661,0.0,0.0,0,0
TRANSFER,1273842.74,C182183370,5188.0,0.0,C789999307,0.0,1273842.74,0,0
CASH_OUT,195504.38,C52732918,5033.0,0.0,C391947781,610187.96,805692.34,0,0
CASH_IN,1732.56,C1423854541,27213.0,28945.56,C1076047111,6650356.68,6648624.11,0,0
PAYMENT,14852.38,C866157380,0.0,0.0,M1386339164,0.0,0.0,0,0
PAYMENT,11298.5,C720557749,17909.0,6610.5,M1196258829,0.0,0.0,0,0
CASH_IN,168184.78,C597967480,4513792.08,4681976.86,C622609024,4628000.45,4459815.67,0,0
CASH_OUT,57743.75,C2037360684,0.0,0.0,C870288589,117231.29,174975.04,0,0
CASH_IN,241149.14,C228613896,1180.0,242329.14,C1607235887,0.0,0.0,0,0
CASH_OUT,380394.09,C2019232794,187978.0,0.0,C291600495,6459439.11,6839833.2,0,0
CASH_OUT,192518.3,C1792184462,0.0,0.0,C1450003551,1218833.27,1411351.56,0,0
CASH_IN,100823.75,C582228940,429231.0,530054.75,C606582013,247560.49,146736.74,0,0
CASH_IN,73357.58,C1935998939,5954.0,79311.58,C1717916279,0.0,0.0,0,0
CASH_OUT,219438.45,C875037299,87242.0,0.0,C1672729689,6680249.01,6899687.46,0,0
CASH_IN,71849.26,C419021715,106518.0,178367.26,C1786196393,626813.32,554964.06,0,0
CASH_OUT,158204.99,C705196383,46904.0,0.0,C121130137,522171.62,680376.61,0,0
CASH_IN,133580.24,C1022551584,5435.0,139015.24,C276363223,423807.97,290227.73,0,0
PAYMENT,9585.24,C1824482684,10403.0,817.76,M1297456969,0.0,0.0,0,0
PAYMENT,4462.84,C688011577,19416.0,14953.16,M707526245,0.0,0.0,0,0
PAYMENT,1839.85,C505869677,0.0,0.0,M1024589971,0.0,0.0,0,0
CASH_OUT,223768.18,C525358751,235118.0,11349.82,C768482956,0.0,223768.18,0,0
PAYMENT,2093.87,C1787053735,0.0,0.0,M2056254175,0.0,0.0,0,0
CASH_OUT,95356.29,C1825664312,0.0,0.0,C1859921617,869261.82,1049669.15,0,0
PAYMENT,27957.61,C824388979,0.0,0.0,M959455598,0.0,0.0,0,0
PAYMENT,3929.83,C1225165596,0.0,0.0,M2145061798,0.0,0.0,0,0
CASH_IN,194525.12,C483689918,6798735.89,6993261.01,C1580083132,352539.08,158013.96,0,0
PAYMENT,37490.8,C792362901,0.0,0.0,M1683299747,0.0,0.0,0,0
CASH_IN,50396.76,C268101978,4125666.01,4176062.77,C1632808676,173547.21,123150.45,0,0
CASH_IN,94927.51,C292420582,21867.0,116794.51,C1732319735,0.0,0.0,0,0
PAYMENT,9134.95,C1329853763,30295.0,21160.05,M1321550356,0.0,0.0,0,0
CASH_OUT,111143.28,C2065520765,0.0,0.0,C666390096,1825903.88,1937047.15,0,0
CASH_OUT,122712.87,C1083669809,6010.0,0.0,C1960787556,320747.51,443460.37,0,0
CASH_IN,163742.79,C1707161857,2413112.8,2576855.58,C1592564262,197975.53,34232.74,0,0
PAYMENT,44544.91,C1191928349,121823.0,77278.09,M429158521,0.0,0.0,0,0
TRANSFER,2038831.8,C1668328649,1553.53,0.0,C131837504,9967990.72,12676638.96,0,0
CASH_IN,14046.85,C1353815926,24995.0,39041.85,C333957336,111893.4,97846.55,0,0
CASH_IN,137639.89,C1495801604,11088780.99,11226420.88,C1212327277,1542442.38,1404802.48,0,0
CASH_OUT,307084.59,C334610311,0.0,0.0,C1634989162,3103121.84,3410206.42,0,0
PAYMENT,13279.45,C552653428,0.0,0.0,M210199046,0.0,0.0,0,0
CASH_IN,326444.68,C930846616,5456390.33,5782835.01,C1789417919,1396425.09,1069980.41,0,0
PAYMENT,5501.38,C600105184,47295.95,41794.57,M392919776,0.0,0.0,0,0
PAYMENT,3166.16,C196728267,31280.0,28113.84,M1283482110,0.0,0.0,0,0
CASH_IN,246083.33,C923762230,7298540.07,7544623.41,C531698367,814398.43,244935.38,0,0
PAYMENT,18602.77,C1751369704,0.0,0.0,M1116474921,0.0,0.0,0,0
CASH_IN,209641.44,C166081960,2467302.8,2676944.24,C1424691896,3526979.58,3317338.15,0,0
CASH_OUT,86472.82,C90895525,6386.0,0.0,C1508140186,0.0,86472.82,0,0
CASH_IN,64122.62,C1274353636,17688174.79,17752297.41,C433333737,88466.02,24343.4,0,0
CASH_OUT,46697.45,C1455458234,45675.0,0.0,C336018038,69809.17,116506.62,0,0
PAYMENT,14875.81,C608254837,0.0,0.0,M123764665,0.0,0.0,0,0
CASH_IN,287837.28,C343048428,269037.63,556874.9,C1926958271,51263.77,0.0,0,0
PAYMENT,3235.82,C38433940,11664.0,8428.18,M1793512017,0.0,0.0,0,0
PAYMENT,11818.08,C573126946,0.0,0.0,M1375174447,0.0,0.0,0,0
CASH_OUT,129850.26,C1627675294,105.0,0.0,C1273427947,421057.03,550907.29,0,0
TRANSFER,216351.05,C113536213,216351.05,0.0,C1976983084,0.0,0.0,1,0
CASH_OUT,590419.6,C1973314077,47730.0,0.0,C1223925869,809388.05,1399807.65,0,0
PAYMENT,43932.85,C1655095353,0.0,0.0,M311360381,0.0,0.0,0,0
CASH_IN,9943.0,C54241347,1310663.49,1320606.48,C1584207980,956621.25,946678.26,0,0
CASH_OUT,153197.44,C2088824940,0.0,0.0,C1162543084,635487.63,788685.07,0,0
CASH_OUT,458815.01,C995728823,103616.0,0.0,C1487155842,43504.5,502319.51,0,0
CASH_OUT,120215.49,C1199976577,20417.0,0.0,C1643871046,187405.45,307620.94,0,0
CASH_OUT,54353.44,C256380680,471642.51,417289.07,C2032389005,214295.72,111624.27,0,0
CASH_OUT,107825.87,C1625391374,42471.0,0.0,C1453158953,40596.07,148421.94,0,0
CASH_OUT,243778.39,C1675617077,9942.0,0.0,C611403403,277239.83,521018.22,0,0
PAYMENT,3810.96,C344359534,185.0,0.0,M1593343611,0.0,0.0,0,0
CASH_OUT,130812.22,C520216505,193121.0,62308.78,C1059243619,61995.28,192807.5,0,0
PAYMENT,7092.24,C996959852,149351.0,142258.76,M546389423,0.0,0.0,0,0
TRANSFER,772398.75,C395076195,0.0,0.0,C1612597167,3178997.85,3951396.6,0,0
CASH_OUT,31903.97,C1087306570,7064.0,0.0,C360188209,0.0,31903.97,0,0
CASH_IN,118502.69,C568738465,3006.0,121508.69,C421254676,420711.41,302208.72,0,0
TRANSFER,773661.76,C1073854885,0.0,0.0,C424954008,4775480.97,5549142.73,0,0
CASH_OUT,185677.66,C667249980,20103.0,0.0,C1533936166,1849461.65,2035139.32,0,0
CASH_OUT,274570.88,C1631327475,0.0,0.0,C290262973,9703787.64,9978358.52,0,0
PAYMENT,5295.58,C1222067274,55520.05,50224.47,M301423767,0.0,0.0,0,0
PAYMENT,1117.8,C277111360,39550.2,38432.39,M205974034,0.0,0.0,0,0
CASH_OUT,127285.1,C539707869,0.0,0.0,C952915167,399147.35,526432.46,0,0
TRANSFER,173077.01,C108896392,0.0,0.0,C595199306,1397203.98,2583992.68,0,0
CASH_IN,8137.14,C1276268738,40379.0,48516.14,C1674899618,20546470.93,20543657.81,0,0
CASH_IN,334728.56,C623214095,2275581.74,2610310.3,C1644843862,1407567.6,1072839.04,0,0
PAYMENT,4276.8,C33691827,124881.01,120604.21,M1454498053,0.0,0.0,0,0
CASH_IN,248007.68,C359782129,10203.0,258210.68,C1307584404,47795.43,0.0,0,0
TRANSFER,396140.18,C2000105213,0.0,0.0,C1053160861,13230600.12,13626740.3,0,0
CASH_IN,67299.92,C613700806,5595148.41,5662448.33,C1229020803,1492110.91,1618069.92,0,0
TRANSFER,56653.58,C803610303,0.0,0.0,C2107464159,8425921.63,8482575.21,0,0
CASH_OUT,50113.63,C1611981806,0.0,0.0,C2075822976,2867017.0,2917130.63,0,0
PAYMENT,10757.42,C1153124173,40745.53,29988.11,M251116330,0.0,0.0,0,0
PAYMENT,7760.57,C2113517998,52253.0,44492.43,M1233968254,0.0,0.0,0,0
PAYMENT,7108.01,C1230267632,25748.0,18639.99,M1318783714,0.0,0.0,0,0
CASH_OUT,112266.11,C2088559135,0.0,0.0,C405586859,899726.02,1011992.13,0,0
CASH_OUT,110184.47,C1604507778,31043.0,0.0,C1710675816,0.0,110184.47,0,0
PAYMENT,10604.76,C722326061,0.0,0.0,M318537611,0.0,0.0,0,0
TRANSFER,37966.48,C674152845,0.0,0.0,C1077807331,889147.9,715957.98,0,0
CASH_IN,203833.4,C106857481,5380464.95,5584298.35,C1831428003,1192084.73,988251.34,0,0
CASH_OUT,389896.43,C436665868,31841.0,0.0,C1940814518,0.0,389896.43,0,0
CASH_OUT,507216.96,C659755789,6485.0,0.0,C1949713930,112797.36,620014.33,0,0
PAYMENT,13988.19,C1776767505,5342.0,0.0,M2124272497,0.0,0.0,0,0
CASH_OUT,252310.65,C2113995885,0.0,0.0,C1462691496,2800451.33,3052761.98,0,0
CASH_OUT,75212.06,C1417473289,0.0,0.0,C1660090994,94009.37,169221.43,0,0
PAYMENT,25734.9,C9623498,15260.0,0.0,M466065365,0.0,0.0,0,0
CASH_IN,324707.57,C717231268,11770562.85,12095270.42,C1296229277,380079.58,55372.01,0,0
CASH_OUT,212050.97,C726229265,438.0,0.0,C1786340788,4179027.38,4391078.35,0,0
PAYMENT,7535.89,C1444232764,30148.0,22612.11,M1300051937,0.0,0.0,0,0
PAYMENT,10657.93,C715920929,127.0,0.0,M288762816,0.0,0.0,0,0
CASH_OUT,220544.35,C1530535227,23781.0,0.0,C1763568027,153805.07,374349.41,0,0
CASH_OUT,112105.06,C1028887048,0.0,0.0,C418682961,171383.72,283488.79,0,0
CASH_OUT,197086.6,C1049910744,0.0,0.0,C1046580913,4653494.24,4850580.84,0,0
CASH_OUT,82576.71,C1222543846,0.0,0.0,C1097334410,96989.44,179566.15,0,0
CASH_OUT,187734.9,C319435217,0.0,0.0,C1911645398,626758.61,814493.51,0,0
CASH_OUT,55480.54,C770725648,0.0,0.0,C978966074,185493.44,240973.97,0,0
TRANSFER,56683.78,C843086505,0.0,0.0,C1163519620,3241485.22,3298169.0,0,0
CASH_OUT,271516.47,C314787218,123.0,0.0,C1687525450,147527.68,419044.15,0,0
CASH_OUT,272745.76,C318120436,0.0,0.0,C1056171845,401390.89,674136.65,0,0
CASH_OUT,140194.53,C1361881849,0.0,0.0,C372419865,357160.29,497354.82,0,0
CASH_OUT,108505.96,C1260891788,0.0,0.0,C1769826566,811592.7,920098.66,0,0
CASH_OUT,341002.91,C2082613773,135382.63,0.0,C320863515,1181876.03,1547201.54,0,0
CASH_OUT,57317.56,C1134033516,0.0,0.0,C1997788938,124115.92,181433.47,0,0
CASH_OUT,478047.64,C1482804308,0.0,0.0,C766118558,1217590.52,1695638.16,0,0
CASH_OUT,143423.46,C1488899330,0.0,0.0,C907367827,62345.83,205769.3,0,0
PAYMENT,1442.6,C1932866806,19913.0,18470.4,M864898197,0.0,0.0,0,0
CASH_OUT,320798.75,C1750647498,0.0,0.0,C1802114475,1479863.85,1800662.6,0,0
TRANSFER,1335976.44,C366788982,0.0,0.0,C975121280,1569893.92,2905870.36,0,0
CASH_IN,337483.56,C188970563,1343.0,338826.56,C966261539,42230.29,0.0,0,0
CASH_IN,113133.33,C1069577092,5084.0,118217.33,C2053528255,2276618.19,2163484.86,0,0
CASH_IN,199479.34,C1816753472,778365.7,977845.04,C1622615876,1175972.36,976493.02,0,0
PAYMENT,17834.42,C2014620567,81876.0,64041.58,M2143906636,0.0,0.0,0,0
CASH_OUT,509223.21,C1663829096,0.0,0.0,C80088316,8028351.65,8537574.86,0,0
CASH_IN,197642.46,C1134123670,1261909.95,1459552.41,C977672628,440849.99,243207.53,0,0
CASH_OUT,39145.24,C1343794264,12711.0,0.0,C1935760969,134364.16,173509.39,0,0
CASH_OUT,110134.87,C891848908,0.0,0.0,C859309898,261779.15,386855.84,0,0
PAYMENT,26909.6,C1726397391,0.0,0.0,M2062024080,0.0,0.0,0,0
PAYMENT,1580.91,C865042207,353779.17,352198.26,M51617799,0.0,0.0,0,0
CASH_OUT,52928.98,C702668122,7729.0,0.0,C1837782901,19197.18,72126.16,0,0
CASH_IN,311427.37,C1620481107,69403.0,380830.37,C246098706,0.0,0.0,0,0
PAYMENT,8549.69,C352711685,0.0,0.0,M575783538,0.0,0.0,0,0
CASH_OUT,202812.35,C1886227853,0.0,0.0,C653722685,735657.67,938470.02,0,0
CASH_OUT,218792.46,C991785980,369.0,0.0,C1763850450,117848.99,336641.45,0,0
CASH_OUT,165965.49,C225611435,0.0,0.0,C1070538131,3509669.58,3675635.07,0,0
TRANSFER,2090547.27,C164020574,11729.0,0.0,C2117645192,0.0,2090547.27,0,0
CASH_OUT,190427.6,C930724475,0.0,0.0,C1714338020,625593.73,816021.32,0,0
CASH_IN,10561.27,C468366662,3993362.61,4003923.88,C409415698,1873867.88,1863306.61,0,0
TRANSFER,1018056.37,C1072002036,12.0,0.0,C274799450,0.0,1018056.37,0,0
PAYMENT,9615.08,C305126109,0.0,0.0,M238454429,0.0,0.0,0,0
CASH_OUT,111703.02,C468305013,90230.0,0.0,C1755822265,2087904.9,2199607.93,0,0
PAYMENT,4967.96,C205692142,25235.0,20267.04,M54699774,0.0,0.0,0,0
CASH_IN,727515.85,C1510829648,7747535.23,8475051.08,C790030594,784399.24,56883.39,0,0
CASH_OUT,112759.15,C227300076,0.0,0.0,C939103734,788839.62,901598.77,0,0
CASH_IN,60231.01,C1441337844,70374.0,130605.01,C1030979075,0.0,0.0,0,0
CASH_OUT,131537.86,C223159480,0.0,0.0,C2142836681,234734.75,366272.62,0,0
PAYMENT,7704.67,C1670486595,0.0,0.0,M1297812933,0.0,0.0,0,0
CASH_OUT,13133.06,C1734989017,0.0,0.0,C407334030,1148755.8,1161888.85,0,0
PAYMENT,893.18,C2133323582,91049.32,90156.14,M603771386,0.0,0.0,0,0
TRANSFER,539400.59,C416057509,0.0,0.0,C480481739,1549391.27,2088791.85,0,0
CASH_IN,379040.0,C1592465912,18633465.11,19012505.11,C1317036847,6517962.56,6138922.55,0,0
CASH_IN,158558.41,C1783300502,31215.0,189773.41,C1433007346,88037.09,0.0,0,0
CASH_IN,87682.08,C1032987357,12077.0,99759.08,C99139744,0.0,0.0,0,0
TRANSFER,1610701.25,C1771594319,300563.0,0.0,C380579492,149037.08,1759738.33,0,0
CASH_OUT,262041.47,C478407191,17923.0,0.0,C1008710718,459301.56,721343.03,0,0
TRANSFER,851143.77,C447619052,0.0,0.0,C790996718,1578978.54,2430122.31,0,0
CASH_OUT,246529.43,C468312206,0.0,0.0,C2140188670,2937959.01,3184488.43,0,0
CASH_IN,100835.92,C742043944,9913941.96,10014777.88,C10321843,1944310.3,1843474.38,0,0
CASH_OUT,60795.3,C1158153729,0.0,0.0,C1855004964,975577.85,1036373.15,0,0
PAYMENT,16643.13,C1686071274,5978.0,0.0,M761748732,0.0,0.0,0,0
PAYMENT,11060.25,C1087137464,0.0,0.0,M1789459832,0.0,0.0,0,0
CASH_IN,137834.61,C1019024705,101578.0,239412.61,C1750642726,25560.34,0.0,0,0
PAYMENT,10855.26,C55949379,44856.0,34000.74,M1819725157,0.0,0.0,0,0
PAYMENT,4961.93,C1295872255,0.0,0.0,M1569148596,0.0,0.0,0,0
CASH_OUT,156918.26,C2115021055,223.0,0.0,C354895849,0.0,156918.26,0,0
CASH_IN,4312.99,C1886754159,404077.0,408389.99,C877393512,389175.87,654653.1,0,0
CASH_IN,496890.04,C754650079,1716509.7,2213399.74,C290163460,2057508.72,1560618.68,0,0
CASH_IN,174482.36,C785984110,6507853.82,6682336.18,C1621572844,210869.06,36386.7,0,0
DEBIT,3357.52,C1231735346,20663.0,17305.48,C1772258223,824890.41,828247.93,0,0
CASH_OUT,184529.87,C1011823018,1177278.59,992748.72,C954098235,189448.35,373978.22,0,0
PAYMENT,14920.11,C1592223912,0.0,0.0,M917675416,0.0,0.0,0,0
CASH_IN,130890.72,C587496354,6573605.67,6704496.39,C484258212,930586.55,1165414.32,0,0
CASH_OUT,204377.74,C504971559,0.0,0.0,C1124767206,8808063.04,9012440.78,0,0
TRANSFER,50748.39,C996201963,0.0,0.0,C1940671570,460797.43,511545.81,0,0
CASH_IN,38025.32,C570862664,52636.0,90661.32,C1588957214,0.0,0.0,0,0
CASH_IN,296286.03,C1964606979,9919.0,306205.03,C1603943619,2372457.24,1967607.72,0,0
PAYMENT,28028.27,C1138096743,373411.01,345382.74,M1491143629,0.0,0.0,0,0
CASH_IN,109718.48,C1770533957,5287.0,115005.48,C1336898097,2470929.04,2361210.55,0,0
TRANSFER,307027.11,C335380385,0.0,0.0,C250807821,1816662.11,2123689.21,0,0
PAYMENT,8128.34,C1192588503,642.0,0.0,M1964689903,0.0,0.0,0,0
CASH_OUT,74290.84,C1258617687,0.0,0.0,C1356266838,1125117.83,1199408.66,0,0
TRANSFER,941288.46,C641602330,0.0,0.0,C1966002811,2939407.91,3880696.36,0,0
PAYMENT,10111.83,C1487939930,0.0,0.0,M1250503156,0.0,0.0,0,0
PAYMENT,12398.93,C354532103,5618.0,0.0,M1833247149,0.0,0.0,0,0
CASH_IN,175057.83,C918684866,1568168.32,1743226.15,C652329718,500254.86,325197.03,0,0
PAYMENT,18052.53,C781674540,55.0,0.0,M2095860347,0.0,0.0,0,0
CASH_IN,199908.23,C1824459082,4377183.23,4577091.45,C416189286,915160.22,715251.99,0,0
PAYMENT,21434.71,C876353573,107094.0,85659.29,M1303112216,0.0,0.0,0,0
CASH_OUT,289109.2,C1820971529,0.0,0.0,C2038304513,1170116.47,1459225.67,0,0
CASH_OUT,6036.57,C254076274,0.0,0.0,C646127870,565157.07,571193.63,0,0
CASH_IN,17997.28,C261306540,608400.48,626397.76,C514809373,165544.56,0.0,0,0
CASH_OUT,252482.29,C2060386234,0.0,0.0,C1101433727,264237.79,516720.08,0,0
CASH_IN,72402.21,C1395990855,5336.0,77738.21,C849233356,0.0,0.0,0,0
CASH_OUT,103168.92,C1886509487,0.0,0.0,C541264118,638458.91,741627.83,0,0
TRANSFER,4780.2,C915853557,0.0,0.0,C413013404,751448.13,756228.33,0,0
PAYMENT,6870.96,C213140751,1032.0,0.0,M221880367,0.0,0.0,0,0
CASH_OUT,18050.95,C1354159990,19959.0,1908.05,C259764192,1138377.77,1639351.78,0,0
PAYMENT,21642.03,C437239044,0.0,0.0,M684390052,0.0,0.0,0,0
CASH_IN,668896.69,C936662924,49221.0,718117.69,C1659543460,0.0,0.0,0,0
PAYMENT,2407.92,C1943139500,0.0,0.0,M1767454373,0.0,0.0,0,0
CASH_OUT,140615.67,C1453132271,20170.0,0.0,C496845476,21947.32,162562.99,0,0
CASH_OUT,57238.72,C1796182442,0.0,0.0,C766610525,192633.11,249871.83,0,0
PAYMENT,6022.73,C680612095,106923.0,100900.27,M218442196,0.0,0.0,0,0
CASH_IN,28041.18,C308579306,17227.0,45268.18,C894612510,672761.03,644719.85,0,0
CASH_OUT,327835.69,C871645408,1085.0,0.0,C1463605792,357954.77,685790.47,0,0
PAYMENT,6625.26,C493862659,211818.52,205193.26,M264045248,0.0,0.0,0,0
PAYMENT,19581.9,C175119035,0.0,0.0,M1971078397,0.0,0.0,0,0
PAYMENT,13870.57,C1345134526,150.0,0.0,M378067393,0.0,0.0,0,0
CASH_IN,144693.07,C561337445,1007417.1,1152110.17,C1767396359,337877.09,193184.02,0,0
CASH_IN,215692.26,C1925106094,6032104.38,6247796.64,C695516925,1738976.51,1523284.24,0,0
CASH_IN,91110.84,C1467640354,928031.83,1019142.67,C574781149,595345.23,504234.39,0,0
CASH_OUT,88593.02,C1627095877,0.0,0.0,C965548955,602749.06,691342.08,0,0
PAYMENT,10957.04,C2055306734,2284.0,0.0,M2031340398,0.0,0.0,0,0
CASH_OUT,130164.5,C1450812322,0.0,0.0,C594703537,870882.64,1001047.13,0,0
CASH_IN,230663.29,C2091806626,6179442.57,6410105.86,C370315851,837867.2,607203.91,0,0
TRANSFER,72043.09,C1105015734,42439.0,0.0,C1481540733,150910.94,222954.03,0,0
CASH_IN,235702.38,C64639974,3633789.25,3869491.63,C28777770,266815.71,31113.32,0,0
CASH_IN,270860.18,C784339931,6954553.25,7225413.43,C2077098348,654381.13,383520.95,0,0
CASH_OUT,113005.0,C2010401633,0.0,0.0,C1399942119,606842.69,719847.69,0,0
CASH_OUT,17959.52,C1009585270,641364.0,623404.48,C2024660991,10170.18,28129.7,0,0
CASH_OUT,132650.84,C1853535775,0.0,0.0,C57938337,6804742.26,6937393.1,0,0
PAYMENT,4398.46,C1000712057,100925.0,96526.54,M2122350169,0.0,0.0,0,0
PAYMENT,13692.72,C1519347417,0.0,0.0,M236995113,0.0,0.0,0,0
PAYMENT,3900.81,C416621497,1272.0,0.0,M1000841087,0.0,0.0,0,0
PAYMENT,4441.26,C1873307351,25658.0,21216.74,M1769036989,0.0,0.0,0,0
PAYMENT,1664.76,C2039541399,0.0,0.0,M274740271,0.0,0.0,0,0
TRANSFER,70133.31,C1220469900,22493.0,0.0,C1428888556,542113.93,612247.24,0,0
CASH_OUT,160666.73,C2126302319,0.0,0.0,C1717113876,861966.74,1022633.47,0,0
PAYMENT,9944.21,C1237271340,99889.0,89944.79,M1436223817,0.0,0.0,0,0
PAYMENT,16551.83,C707579151,12200.0,0.0,M1613574719,0.0,0.0,0,0
PAYMENT,7814.86,C616390672,111753.63,103938.77,M1180254677,0.0,0.0,0,0
TRANSFER,1638071.35,C1666240968,10525.0,0.0,C1876957976,253590.77,1891662.13,0,0
PAYMENT,2.41,C172011730,136.0,133.59,M1982796311,0.0,0.0,0,0
PAYMENT,1213.99,C1036140065,50928.0,49714.01,M1418740891,0.0,0.0,0,0
CASH_IN,396039.51,C867205698,2625342.93,3021382.44,C163690786,1446074.56,1050035.05,0,0
CASH_OUT,187590.61,C919261841,15502.0,0.0,C130746138,0.0,187590.61,0,0
CASH_OUT,94239.25,C1082551642,80309.15,0.0,C592310798,2860737.85,3140504.56,0,0
CASH_IN,192170.3,C868965241,32287.0,224457.3,C613446890,962350.72,770180.42,0,0
PAYMENT,12929.07,C2123001241,125102.0,112172.93,M44529767,0.0,0.0,0,0
CASH_OUT,137094.98,C728814161,15779.0,0.0,C89201535,75214.05,212309.03,0,0
CASH_OUT,13453.65,C137066845,0.0,0.0,C567875816,86519.93,99973.58,0,0
CASH_OUT,429727.48,C138634033,0.0,0.0,C1674089999,763720.55,1491892.17,0,0
CASH_IN,313987.31,C1916783933,45785.0,359772.31,C873681958,0.0,0.0,0,0
PAYMENT,6050.4,C538338840,0.0,0.0,M601747792,0.0,0.0,0,0
PAYMENT,2800.71,C1618777659,66212.0,63411.29,M1209718077,0.0,0.0,0,0
PAYMENT,23231.7,C558633245,228777.13,205545.43,M900780836,0.0,0.0,0,0
PAYMENT,35718.04,C1329590217,0.0,0.0,M345088545,0.0,0.0,0,0
PAYMENT,7125.78,C776822132,0.0,0.0,M1660860981,0.0,0.0,0,0
PAYMENT,13912.29,C912649995,0.0,0.0,M845799328,0.0,0.0,0,0
CASH_IN,194073.42,C1007151085,104373.0,298446.42,C1388108996,0.0,0.0,0,0
CASH_OUT,40730.1,C66563862,70174.0,29443.9,C669020033,1059440.86,1100170.96,0,0
CASH_IN,125825.12,C1238035872,4074134.01,4199959.13,C1211210135,1715781.09,1589955.97,0,0
CASH_OUT,98842.19,C1213500636,6059.0,0.0,C159445815,120095.44,218937.63,0,0
PAYMENT,40892.43,C1343197253,0.0,0.0,M1430803067,0.0,0.0,0,0
CASH_OUT,66137.58,C556658431,10735.0,0.0,C1977758207,1388289.02,1454426.6,0,0
PAYMENT,9792.28,C1350386550,1119.0,0.0,M869636019,0.0,0.0,0,0
CASH_IN,115097.71,C1871922649,2515302.48,2630400.2,C807758050,831547.39,716449.68,0,0
CASH_OUT,218254.04,C223939555,0.0,0.0,C1818389031,952826.64,1171080.68,0,0
CASH_OUT,305875.62,C1888128752,1233604.53,927728.91,C738214953,239434.0,519828.92,0,0
PAYMENT,25628.87,C454941828,0.0,0.0,M1183070050,0.0,0.0,0,0
PAYMENT,10457.7,C1026801279,0.0,0.0,M760684147,0.0,0.0,0,0
CASH_IN,402962.09,C1970073873,1474734.44,1877696.53,C1497335350,10611302.07,10208339.98,0,0
CASH_OUT,138535.95,C642148830,0.0,0.0,C1437217948,700992.21,839528.16,0,0
CASH_OUT,121331.32,C932702618,14541.0,0.0,C1312463106,1834613.85,1955945.18,0,0
CASH_OUT,34453.23,C1737115332,0.0,0.0,C1688758808,289741.37,324194.6,0,0
CASH_OUT,135829.31,C604119215,0.0,0.0,C1054017190,619803.37,755632.68,0,0
CASH_OUT,33058.5,C1205734292,0.0,0.0,C2118689464,612579.14,645637.64,0,0
CASH_OUT,301343.76,C740415355,0.0,0.0,C1281630913,2971076.66,3272420.43,0,0
CASH_OUT,83153.95,C1448892848,312770.0,229616.05,C414720787,24555.55,107709.49,0,0
PAYMENT,5090.02,C1331903858,38584.75,33494.73,M973557597,0.0,0.0,0,0
PAYMENT,47620.37,C1986902670,30571.0,0.0,M1320239624,0.0,0.0,0,0
CASH_OUT,55841.84,C653354047,0.0,0.0,C2082734778,214325.26,270167.1,0,0
CASH_OUT,118170.03,C1399839981,7098.0,0.0,C1109823261,0.0,118170.03,0,0
CASH_OUT,66631.8,C904701401,0.0,0.0,C1851914880,5270167.5,5336799.3,0,0
TRANSFER,180226.1,C622629714,631966.0,451739.9,C1960381118,0.0,180226.1,0,0
CASH_IN,138790.25,C1763055591,286217.21,425007.46,C1233454027,1773931.76,1635141.51,0,0
PAYMENT,4750.65,C431127763,30409.42,25658.77,M1617278469,0.0,0.0,0,0
CASH_OUT,114396.77,C51501500,0.0,0.0,C208533441,171693.55,286090.32,0,0
CASH_IN,501373.73,C434190285,2176969.23,2678342.96,C658423405,2953968.57,2452594.84,0,0
PAYMENT,12307.1,C945553094,14965.0,2657.9,M510925850,0.0,0.0,0,0
PAYMENT,18099.21,C578580838,11416.0,0.0,M858460149,0.0,0.0,0,0
PAYMENT,7392.6,C1768581558,0.0,0.0,M1572009031,0.0,0.0,0,0
CASH_OUT,12709.28,C2140496288,0.0,0.0,C1033020506,15229.36,27938.64,0,0
PAYMENT,1083.53,C183575288,73930.93,72847.4,M1112690964,0.0,0.0,0,0
PAYMENT,6425.73,C610093174,20485.9,14060.16,M1865560937,0.0,0.0,0,0
PAYMENT,22140.34,C733723890,14511.0,0.0,M1390348038,0.0,0.0,0,0
CASH_IN,256688.05,C1040169190,3.0,256691.05,C530502404,0.0,0.0,0,0
PAYMENT,26503.61,C1373100147,0.0,0.0,M273281397,0.0,0.0,0,0
CASH_IN,112675.43,C1173045399,1409281.16,1521956.59,C1963461735,2566900.92,2454225.49,0,0
CASH_OUT,85482.75,C2066561549,14112.3,0.0,C1094406889,112060.13,197542.88,0,0
CASH_IN,85100.11,C1583946962,100321.0,185421.11,C281657613,0.0,0.0,0,0
PAYMENT,13025.97,C1671898524,14366.09,1340.12,M841126224,0.0,0.0,0,0
CASH_OUT,22108.24,C623451749,20144.0,0.0,C1107263693,0.0,22108.24,0,0
CASH_IN,272476.51,C293050472,40993.0,313469.51,C1665632123,560664.45,288187.94,0,0
CASH_OUT,213430.72,C1437755745,294417.35,80986.64,C1439326162,779242.14,992672.85,0,0
CASH_OUT,189886.41,C2036014653,124562.0,0.0,C290442752,14788.83,204675.24,0,0
CASH_OUT,86715.5,C1523713201,0.0,0.0,C4992759,297441.17,384156.67,0,0
PAYMENT,643.2,C1761062300,0.0,0.0,M414378771,0.0,0.0,0,0
PAYMENT,2625.79,C510332292,0.0,0.0,M1956276867,0.0,0.0,0,0
CASH_OUT,59996.12,C690114477,59996.12,0.0,C543599134,0.0,59996.12,1,0
PAYMENT,15298.06,C363330291,38421.0,23122.94,M1895141415,0.0,0.0,0,0
PAYMENT,25620.38,C1980614846,797.0,0.0,M241519901,0.0,0.0,0,0
PAYMENT,3297.13,C396115516,100287.0,96989.87,M227200066,0.0,0.0,0,0
DEBIT,20135.46,C862314199,16995.0,0.0,C362965017,48969.9,69105.37,0,0
CASH_OUT,440107.77,C883633320,144524.7,0.0,C1786633792,1960696.6,2400804.37,0,0
CASH_OUT,1122.93,C1845722963,106513.0,105390.07,C1257170526,0.0,1122.93,0,0
CASH_IN,436572.69,C225456185,2856197.21,3292769.9,C684345996,567985.92,131413.23,0,0
CASH_OUT,116354.07,C1156339107,72794.59,0.0,C1308466824,281291.41,397645.48,0,0
TRANSFER,379501.26,C1663572135,0.0,0.0,C1150575867,4475806.38,4855307.64,0,0
PAYMENT,5757.41,C99951544,5165.0,0.0,M1185415813,0.0,0.0,0,0
PAYMENT,19995.27,C399739114,87.03,0.0,M624066368,0.0,0.0,0,0
CASH_OUT,10506.89,C1643668064,6671.0,0.0,C1728387012,0.0,10506.89,0,0
CASH_OUT,168862.46,C1772038145,243565.0,74702.54,C28787341,0.0,168862.46,0,0
PAYMENT,2956.06,C1167400394,242466.0,239509.94,M1627663860,0.0,0.0,0,0
CASH_OUT,21041.59,C1780084578,22447.0,1405.41,C1501487929,307893.32,328934.91,0,0
PAYMENT,4672.49,C2033982969,0.0,0.0,M598693250,0.0,0.0,0,0
CASH_OUT,128072.49,C310092393,5698.27,0.0,C1583492485,856620.22,0.0,0,0
PAYMENT,10722.47,C1017222307,93278.0,82555.53,M1873905315,0.0,0.0,0,0
CASH_IN,117158.93,C1781971508,26900.0,144058.93,C897862292,0.0,0.0,0,0
PAYMENT,14260.15,C1700643251,13604.0,0.0,M1711836139,0.0,0.0,0,0
CASH_OUT,73538.07,C854523229,0.0,0.0,C903407934,190280.63,263818.7,0,0
CASH_IN,114378.58,C977606258,18157713.93,18272092.51,C143791945,483688.59,369310.01,0,0
PAYMENT,14697.82,C1775987231,3078.0,0.0,M2025091048,0.0,0.0,0,0
PAYMENT,47028.94,C1119105317,0.0,0.0,M1561560919,0.0,0.0,0,0
TRANSFER,1493211.55,C685600253,10120.0,0.0,C539558183,1462088.58,3182380.39,0,0
PAYMENT,19132.5,C2104847208,0.0,0.0,M1639509060,0.0,0.0,0,0
PAYMENT,14757.71,C1969177847,0.0,0.0,M1145646042,0.0,0.0,0,0
CASH_IN,183613.27,C341272881,68835.0,252448.27,C1130996980,0.0,0.0,0,0
PAYMENT,2902.54,C1194844458,0.0,0.0,M21586094,0.0,0.0,0,0
PAYMENT,10109.77,C1123067542,121788.0,111678.23,M39991261,0.0,0.0,0,0
CASH_OUT,365373.62,C677430076,0.0,0.0,C401645983,1265004.72,1630378.34,0,0
PAYMENT,9978.52,C1939116699,88903.54,78925.02,M1410829722,0.0,0.0,0,0
CASH_OUT,34980.47,C184353128,0.0,0.0,C382448122,455738.68,490719.15,0,0
CASH_IN,81777.48,C562694063,26557785.63,26639563.11,C1246929314,1119958.25,1038180.77,0,0
CASH_OUT,54181.33,C1363425303,0.0,0.0,C581609353,188911.74,243093.07,0,0
CASH_IN,165254.67,C1613068233,7134651.21,7299905.88,C454557983,1185966.72,1020712.05,0,0
CASH_IN,64695.96,C307142608,9709555.36,9774251.31,C631944068,9788017.75,9723321.8,0,0
PAYMENT,2422.38,C1019547752,18026.0,15603.62,M1028666744,0.0,0.0,0,0
CASH_IN,49889.88,C1934632146,2701120.76,2751010.64,C1997792667,802662.42,752772.54,0,0
CASH_OUT,177594.52,C477984751,12887.0,0.0,C7497906,0.0,177594.52,0,0
PAYMENT,1085.79,C452885456,10389.0,9303.21,M991174547,0.0,0.0,0,0
CASH_IN,28659.36,C2015291722,5594169.33,5622828.69,C2024316083,382592.12,353932.76,0,0
CASH_OUT,171132.3,C530875567,0.0,0.0,C1602719582,694183.4,865315.7,0,0
PAYMENT,32.45,C156960583,2541.0,2508.55,M933441792,0.0,0.0,0,0
PAYMENT,49171.48,C765292332,255012.0,205840.52,M28979642,0.0,0.0,0,0
CASH_OUT,151170.04,C75173674,13096.0,0.0,C1111420720,1057871.43,1209041.47,0,0
CASH_OUT,91839.1,C1029575237,0.0,0.0,C1528864065,315430.17,407269.27,0,0
CASH_IN,84548.76,C2060973008,18544405.05,18628953.81,C1520050208,391965.04,307416.28,0,0
CASH_OUT,156665.71,C298811233,21541.0,0.0,C151146868,1523971.44,1680637.15,0,0
CASH_IN,300599.19,C1849984449,2452421.63,2753020.81,C1946986858,2055317.36,2197861.95,0,0
PAYMENT,8518.97,C913752979,71645.0,63126.03,M968771286,0.0,0.0,0,0
PAYMENT,8323.95,C410135997,0.0,0.0,M1356135616,0.0,0.0,0,0
PAYMENT,712.73,C1371554498,701.0,0.0,M576288873,0.0,0.0,0,0
PAYMENT,11044.48,C1564958278,0.0,0.0,M863453310,0.0,0.0,0,0
PAYMENT,7684.97,C63201673,73.0,0.0,M377246794,0.0,0.0,0,0
CASH_IN,88179.31,C1031072737,155.0,88334.31,C947357815,2320265.64,2232086.32,0,0
PAYMENT,19998.03,C1018372762,50846.0,30847.97,M1779001938,0.0,0.0,0,0
CASH_OUT,20928.54,C220840668,0.0,0.0,C853519403,427832.31,448760.84,0,0
PAYMENT,24158.07,C1926037339,27087.35,2929.28,M2119266527,0.0,0.0,0,0
CASH_OUT,54156.09,C1723562288,0.0,0.0,C608538647,1588329.66,1642485.75,0,0
CASH_OUT,242820.99,C119884391,24138.0,0.0,C1637903017,12650923.37,12893744.36,0,0
CASH_OUT,79529.16,C503651857,483362.57,403833.41,C803435378,462253.98,541783.14,0,0
CASH_IN,163978.71,C62990815,10943.0,174921.71,C780640244,0.0,0.0,0,0
CASH_OUT,8772.69,C1620206112,0.0,0.0,C1141520992,467205.04,475977.73,0,0
TRANSFER,359268.27,C58178883,20179.0,0.0,C1629404221,2367513.24,2726781.51,0,0
PAYMENT,19905.92,C1928522147,104441.0,84535.08,M265744479,0.0,0.0,0,0
CASH_OUT,100424.83,C1009463669,11238.0,0.0,C713961699,3875561.17,3975986.0,0,0
CASH_IN,246347.33,C504328838,1217229.84,1463577.17,C1859040539,727140.02,480792.7,0,0
CASH_OUT,228715.41,C598913006,143006.0,0.0,C2104374471,155630.16,384345.57,0,0
PAYMENT,781.33,C1577973284,0.0,0.0,M1552733744,0.0,0.0,0,0
CASH_IN,4501.21,C669293082,4014567.09,4019068.3,C598168876,254422.29,249921.09,0,0
CASH_IN,115841.97,C1304002869,2339707.85,2455549.82,C32173861,1344251.79,1228409.82,0,0
CASH_OUT,153002.23,C1470979253,52153.0,0.0,C1146327115,21873591.75,24152280.47,0,0
CASH_OUT,703941.43,C427504627,4651.0,0.0,C1269621619,0.0,556342.92,0,0
CASH_IN,41093.6,C1597632815,767613.62,808707.22,C1547763945,443173.37,402079.78,0,0
PAYMENT,7540.78,C1900650236,0.0,0.0,M2059504719,0.0,0.0,0,0
PAYMENT,19075.52,C1142121365,156083.0,137007.48,M1692021348,0.0,0.0,0,0
CASH_OUT,7209.09,C420082292,0.0,0.0,C240203404,1329777.06,1336986.14,0,0
PAYMENT,7813.46,C1448510487,5522.0,0.0,M1529446532,0.0,0.0,0,0
CASH_IN,208667.63,C1899720900,3876320.4,4084988.03,C1389380526,344990.74,136323.11,0,0
CASH_OUT,5880.64,C564084674,93805.0,87924.36,C370063826,11548483.46,11554364.09,0,0
CASH_OUT,323081.31,C677220350,0.0,0.0,C293757785,432224.56,755305.86,0,0
TRANSFER,585457.01,C183090466,0.0,0.0,C1394176921,676356.75,1261813.76,0,0
PAYMENT,24964.13,C1576894449,450264.0,425299.87,M971744562,0.0,0.0,0,0
CASH_IN,132150.21,C846290544,2356110.88,2488261.09,C1981090853,798593.16,666442.95,0,0
CASH_IN,312908.39,C2042942440,1054.0,313962.39,C416519915,111505.46,0.0,0,0
CASH_OUT,163163.58,C111819468,0.0,0.0,C419859643,728814.41,891977.98,0,0
CASH_OUT,488669.41,C401480566,0.0,0.0,C1971696831,766192.43,1254861.84,0,0
CASH_OUT,95892.67,C24826351,30998.0,0.0,C1321112358,1517037.74,1612930.42,0,0
PAYMENT,7547.72,C141928504,0.0,0.0,M6055963,0.0,0.0,0,0
TRANSFER,1181205.75,C797702988,0.0,0.0,C1683867520,1465189.26,2646395.0,0,0
TRANSFER,717754.29,C2008969366,94970.51,0.0,C962897379,57282.2,775036.49,0,0
CASH_OUT,293048.47,C1721631498,28.0,0.0,C1483073673,41779.0,0.0,0,0
PAYMENT,5484.95,C199987435,0.0,0.0,M1792291810,0.0,0.0,0,0
CASH_OUT,15089.03,C1395647178,0.0,0.0,C351320687,591538.16,606627.19,0,0
CASH_OUT,246917.38,C1798333319,0.0,0.0,C1765568803,386497.63,633415.0,0,0
CASH_OUT,192548.23,C586279995,0.0,0.0,C692071718,1707817.47,1900365.7,0,0
PAYMENT,262.39,C430579714,0.0,0.0,M1282032165,0.0,0.0,0,0
PAYMENT,1241.2,C1776800670,0.0,0.0,M1710548511,0.0,0.0,0,0
PAYMENT,1920.79,C1868608521,0.0,0.0,M2091529554,0.0,0.0,0,0
PAYMENT,9245.17,C2068677635,63145.3,53900.12,M95106845,0.0,0.0,0,0
TRANSFER,1787759.73,C1235401991,106762.0,0.0,C1010518893,1148177.34,2935937.07,0,0
CASH_OUT,410830.06,C803529709,0.0,0.0,C1096524110,12676820.37,13638102.78,0,0
CASH_OUT,160242.53,C775714846,0.0,0.0,C989272003,391038.32,551280.86,0,0
CASH_OUT,286288.35,C1685162320,0.0,0.0,C1695272801,480536.67,766825.02,0,0
PAYMENT,13504.02,C68014293,11217.0,0.0,M333017381,0.0,0.0,0,0
CASH_OUT,56553.84,C1865299172,63113.68,6559.83,C1072460450,13433.0,36531.71,0,0
CASH_OUT,198684.58,C526113604,1031.0,0.0,C1645534747,0.0,198684.58,0,0
PAYMENT,18016.12,C123656132,181303.58,163287.46,M1604862471,0.0,0.0,0,0
CASH_OUT,67739.52,C1945489005,21411.0,0.0,C859494906,778729.13,846468.65,0,0
CASH_OUT,12556.86,C339736362,815688.0,803131.14,C1048428534,36005.44,48562.3,0,0
CASH_OUT,270640.2,C168136758,42006.0,0.0,C1751810371,96663.35,367303.54,0,0
CASH_IN,21168.02,C1155474889,2563819.81,2584987.83,C848766894,458335.53,437167.51,0,0
PAYMENT,2184.65,C1062591644,0.0,0.0,M106176556,0.0,0.0,0,0
CASH_OUT,120128.71,C1379158690,10225.0,0.0,C943810209,244617.12,364745.83,0,0
PAYMENT,1310.19,C921370592,34307.0,32996.81,M1700107768,0.0,0.0,0,0
CASH_IN,231148.46,C1893054794,1183010.62,1414159.07,C702248561,1547839.65,1747856.56,0,0
CASH_IN,65161.71,C311761208,3173232.15,3238393.87,C1688598536,844132.82,778971.11,0,0
CASH_IN,185693.01,C60770863,1908985.8,2094678.81,C218993173,843317.73,657624.72,0,0
PAYMENT,31446.98,C567379180,100354.0,68907.02,M798449290,0.0,0.0,0,0
CASH_OUT,261407.5,C667523539,20724.0,0.0,C667000078,525536.4,786943.9,0,0
PAYMENT,25843.08,C1279087567,51820.5,25977.42,M573051795,0.0,0.0,0,0
CASH_OUT,255932.09,C40440171,38900.0,0.0,C1323380717,0.0,255932.09,0,0
CASH_OUT,29157.51,C13967472,174723.0,145565.49,C1153257046,203388.84,232546.35,0,0
CASH_OUT,15112.01,C951838659,0.0,0.0,C1895534619,1307971.94,1373112.31,0,0
CASH_IN,83695.91,C2051755941,34541.0,118236.91,C2011499195,583183.44,499487.54,0,0
PAYMENT,261.82,C1204936237,879098.3,878836.47,M788845349,0.0,0.0,0,0
PAYMENT,4713.82,C1783667877,0.0,0.0,M1366746195,0.0,0.0,0,0
PAYMENT,4736.41,C2060005207,0.0,0.0,M2000659036,0.0,0.0,0,0
CASH_IN,390954.93,C1984931536,9740937.52,10131892.46,C1484055055,3871348.21,3480393.28,0,0
CASH_IN,51537.4,C1345896511,7933636.51,7985173.91,C1022953005,651061.78,599524.38,0,0
CASH_OUT,95752.75,C1403309948,0.0,0.0,C1504894184,7213542.93,7309295.68,0,0
CASH_IN,543568.19,C640700434,147606.98,691175.17,C505363735,734600.08,191031.88,0,0
CASH_IN,10300.2,C1755133299,22537.0,32837.2,C315847809,10062.8,0.0,0,0
CASH_OUT,75766.3,C113816486,0.0,0.0,C2022815256,87553.2,163319.5,0,0
PAYMENT,58990.01,C1326035539,0.0,0.0,M922608097,0.0,0.0,0,0
PAYMENT,20644.03,C727766512,172141.27,151497.23,M1900600380,0.0,0.0,0,0
CASH_OUT,25861.67,C1144698777,0.0,0.0,C1740894910,1031381.63,1057243.29,0,0
CASH_IN,143503.2,C704215112,5549515.32,5693018.51,C1684776894,11986069.49,11842566.3,0,0
CASH_OUT,106260.06,C368045055,6262.19,0.0,C1640801617,153215.33,259475.39,0,0
PAYMENT,3851.49,C523505489,10715.0,6863.51,M1505650237,0.0,0.0,0,0
PAYMENT,8378.29,C1677983529,267931.0,259552.71,M224716523,0.0,0.0,0,0
CASH_OUT,30648.78,C308075791,0.0,0.0,C1596289722,8446232.85,8476881.63,0,0
PAYMENT,6602.73,C1510768952,0.0,0.0,M1709629739,0.0,0.0,0,0
PAYMENT,7777.49,C1803009857,1027.0,0.0,M103148587,0.0,0.0,0,0
CASH_OUT,147032.09,C264187908,0.0,0.0,C691570334,2090154.83,1940823.68,0,0
CASH_IN,177148.07,C1759462644,2170.0,179318.07,C1050418144,1794961.52,1617813.45,0,0
CASH_IN,281842.81,C1555591570,111604.0,393446.81,C313702863,0.0,0.0,0,0
CASH_IN,128714.41,C249047506,1794488.57,1923202.98,C2130327269,871753.89,743039.47,0,0
CASH_IN,77082.24,C1404148722,9330839.31,9407921.55,C964530004,103385.46,26303.22,0,0
PAYMENT,5155.47,C745447475,0.0,0.0,M267428974,0.0,0.0,0,0
PAYMENT,29477.12,C1220002875,30791.0,1313.88,M80333931,0.0,0.0,0,0
CASH_IN,71596.48,C1993144413,6629092.78,6700689.26,C1407597898,1520103.34,1448506.86,0,0
CASH_OUT,65327.01,C156271498,0.0,0.0,C1136050999,2592860.57,2658187.59,0,0
CASH_IN,13128.94,C900637823,8280673.81,8293802.75,C194820855,2835227.7,2822098.76,0,0
CASH_IN,67774.51,C1008542644,3473998.23,3541772.74,C1567972334,871475.36,803700.85,0,0
CASH_OUT,217766.33,C1233825406,22174.0,0.0,C199715702,0.0,217766.33,0,0
CASH_OUT,21092.05,C935872320,104361.01,83268.96,C452697964,2732684.87,2753776.91,0,0
CASH_IN,88561.63,C1819664657,14718739.36,14807300.99,C1184606617,153722.27,65160.64,0,0
CASH_IN,44915.72,C409306451,16475.0,61390.72,C668640218,351701.34,306785.61,0,0
CASH_OUT,19492.27,C251419900,0.0,0.0,C86103354,1487799.4,1507291.68,0,0
PAYMENT,29009.95,C756566265,30078.0,1068.05,M1094978150,0.0,0.0,0,0
CASH_IN,206994.39,C155676915,101936.0,308930.39,C764332013,203152.78,0.0,0,0
CASH_OUT,4001.53,C2081580258,0.0,0.0,C835551256,3029815.98,3033817.51,0,0
PAYMENT,7945.05,C536017885,35071.77,27126.73,M1475473136,0.0,0.0,0,0
CASH_IN,107604.33,C1601481132,22555678.71,22663283.04,C55775731,1135397.43,1027793.1,0,0
PAYMENT,488.97,C364910332,158350.48,157861.51,M1454319926,0.0,0.0,0,0
CASH_OUT,361300.43,C280896366,0.0,0.0,C1432803904,779532.95,1140833.38,0,0
PAYMENT,12427.52,C1955555289,0.0,0.0,M375066275,0.0,0.0,0,0
PAYMENT,16598.06,C735529267,11307.0,0.0,M162075485,0.0,0.0,0,0
CASH_OUT,351358.58,C297127816,108.0,0.0,C2114821737,0.0,351358.58,0,0
CASH_OUT,163334.59,C326462357,0.0,0.0,C644179948,1041718.09,1205052.68,0,0
CASH_OUT,255643.61,C886849446,329.0,0.0,C932902408,0.0,255643.61,0,0
CASH_IN,149297.61,C1798005471,33726.0,183023.61,C311568359,0.0,0.0,0,0
CASH_OUT,153255.3,C1553797716,447.0,0.0,C1170821941,0.0,153255.3,0,0
TRANSFER,362852.32,C34442501,0.0,0.0,C1837467640,678367.16,1041219.48,0,0
CASH_IN,214275.7,C1844278729,20886.0,235161.7,C419241838,40983.96,0.0,0,0
CASH_OUT,56471.74,C1044583544,0.0,0.0,C1888799716,1332919.02,1389390.77,0,0
CASH_OUT,131846.02,C1664286662,1657.0,0.0,C187094254,588589.93,720435.95,0,0
CASH_IN,7903.3,C1168041630,8478865.63,8486768.93,C1854275891,19823024.86,19815121.56,0,0
CASH_IN,130640.26,C1993082229,67860.0,198500.26,C976578789,1385675.14,1255034.87,0,0
CASH_OUT,241729.18,C33524751,0.0,0.0,C1937962514,5711660.06,5953389.24,0,0
PAYMENT,16798.91,C1757543303,0.0,0.0,M1571169513,0.0,0.0,0,0
CASH_IN,97162.94,C43248234,2059223.87,2156386.8,C1226372269,7534685.39,8181104.01,0,0
PAYMENT,8939.19,C453136374,269122.13,260182.93,M26337238,0.0,0.0,0,0
CASH_OUT,150897.59,C457870466,73.0,0.0,C1179095824,0.0,150897.59,0,0
PAYMENT,2541.81,C1891317137,0.0,0.0,M454475606,0.0,0.0,0,0
CASH_IN,150109.52,C178126739,4302292.35,4452401.87,C456543917,674640.28,524530.76,0,0
CASH_OUT,82908.28,C96959243,38178.0,0.0,C824458483,0.0,82908.28,0,0
CASH_OUT,194093.54,C849819941,0.0,0.0,C909208243,277802.31,471895.85,0,0
TRANSFER,925834.92,C355097966,21562.0,0.0,C1919178439,0.0,925834.92,0,0
CASH_OUT,429740.8,C812286443,0.0,0.0,C2013321104,537186.15,966926.95,0,0
CASH_OUT,11665.09,C418220148,0.0,0.0,C2046384502,205621.87,176074.58,0,0
PAYMENT,11098.88,C1399251148,116296.0,105197.12,M2145191776,0.0,0.0,0,0
PAYMENT,1284.99,C146697029,25086.62,23801.63,M119032276,0.0,0.0,0,0
CASH_OUT,1822.08,C949673994,0.0,0.0,C2035156803,3339.73,5161.81,0,0
TRANSFER,452427.75,C64932730,0.0,0.0,C683561403,988131.27,1440559.01,0,0
CASH_OUT,106517.8,C1945005307,1168075.79,1061557.99,C56539997,1053737.96,1160255.76,0,0
CASH_OUT,77993.19,C441892998,0.0,0.0,C1686809296,1269192.57,1347185.77,0,0
TRANSFER,1770174.03,C1549395213,0.0,0.0,C1987416199,2723253.74,4493427.77,0,0
TRANSFER,15119.82,C1382373155,0.0,0.0,C933007268,98862.94,113982.76,0,0
TRANSFER,206042.96,C419608121,0.0,0.0,C87562830,280187.14,486230.1,0,0
CASH_OUT,210797.5,C1290527442,5049.0,0.0,C858212237,1107349.49,1242194.55,0,0
CASH_OUT,36561.07,C204542116,0.0,0.0,C1816964878,1071181.71,1107742.78,0,0
PAYMENT,9217.07,C1293631400,10630.0,1412.93,M1547365491,0.0,0.0,0,0
CASH_OUT,231496.09,C272564894,0.0,0.0,C30217657,711539.84,943035.92,0,0
TRANSFER,161984.53,C2027874343,893.0,0.0,C1891062388,0.0,161984.53,0,0
CASH_IN,30028.39,C945030819,11144622.48,11174650.87,C1311624172,1615591.62,1585563.23,0,0
CASH_OUT,146250.67,C318683472,445.0,0.0,C147556349,0.0,146250.67,0,0
PAYMENT,26084.62,C2110803582,20012.0,0.0,M262980940,0.0,0.0,0,0
TRANSFER,456926.87,C1172506236,51462.0,0.0,C964976263,0.0,456926.87,0,0
CASH_OUT,181198.89,C1410573638,1246.0,0.0,C1782334244,162034.03,343232.92,0,0
CASH_IN,55147.35,C497491350,10707818.35,10762965.7,C1611320471,2304598.61,2249451.26,0,0
TRANSFER,898132.57,C1466505544,59537.0,0.0,C51463425,89118.0,987250.58,0,0
CASH_IN,116023.44,C1870731047,9412996.93,9529020.37,C587644456,3460276.29,3344252.85,0,0
CASH_OUT,187896.06,C156131503,0.0,0.0,C2077651689,1651922.59,1839818.65,0,0
PAYMENT,1599.08,C1208733936,30256.6,28657.51,M1162980024,0.0,0.0,0,0
PAYMENT,47100.12,C361347519,0.0,0.0,M257721322,0.0,0.0,0,0
CASH_IN,346986.43,C1610049154,2409406.17,2756392.6,C804656108,2719094.12,2372107.69,0,0
CASH_IN,244490.91,C351310077,1909274.82,2153765.73,C920901794,605954.68,361463.77,0,0
CASH_OUT,351654.89,C1643323760,121.0,0.0,C1913756698,96186.8,447841.69,0,0
CASH_OUT,206130.07,C69746279,0.0,0.0,C277510102,4215736.76,4421866.83,0,0
CASH_OUT,21637.35,C1493891450,0.0,0.0,C531681038,117055.29,138692.64,0,0
CASH_IN,823340.82,C424551329,3280298.98,4103639.81,C53292211,2641950.7,1617332.91,0,0
CASH_IN,165676.07,C427005801,25201.0,190877.07,C575077708,0.0,0.0,0,0
PAYMENT,11465.64,C675499715,279823.0,268357.36,M1792457218,0.0,0.0,0,0
CASH_IN,123964.36,C2123921601,0.0,123964.36,C1857852787,5521685.42,6581162.0,0,0
PAYMENT,22425.91,C146807211,40338.77,17912.86,M2089309688,0.0,0.0,0,0
PAYMENT,1229.81,C1680882658,0.0,0.0,M963770650,0.0,0.0,0,0
CASH_IN,52323.31,C400133992,5073903.42,5126226.72,C1144362732,575500.84,523177.53,0,0
PAYMENT,7240.0,C1563705780,0.0,0.0,M1624693584,0.0,0.0,0,0
CASH_OUT,335674.99,C1234735822,20166.0,0.0,C1226032931,0.0,335674.99,0,0
PAYMENT,18297.44,C1114691388,432233.92,413936.48,M17210731,0.0,0.0,0,0
PAYMENT,54055.34,C414405293,5721.93,0.0,M1070367873,0.0,0.0,0,0
CASH_IN,122871.16,C1253762345,24710.0,147581.16,C2088705572,89391.05,0.0,0,0
CASH_OUT,103490.08,C1288383765,19176.0,0.0,C2111187435,254491.44,357981.52,0,0
DEBIT,3804.83,C897215707,26008.0,22203.17,C1614590460,668514.35,672319.18,0,0
PAYMENT,14019.31,C1910063223,116.0,0.0,M1437345793,0.0,0.0,0,0
PAYMENT,10217.68,C1736388761,908.0,0.0,M1087631200,0.0,0.0,0,0
CASH_OUT,52839.47,C210463974,172.0,0.0,C212972899,0.0,52839.47,0,0
DEBIT,687.28,C1579306100,39896.0,39208.72,C537611787,2026372.79,2027060.07,0,0
CASH_OUT,324263.36,C61529831,570708.0,246444.64,C1071779310,0.0,324263.36,0,0
CASH_IN,223679.25,C1100355147,2036.0,225715.25,C1329235420,1265610.4,1041931.15,0,0
CASH_OUT,16481.76,C530707862,127852.0,111370.24,C1655954689,0.0,16481.76,0,0
PAYMENT,5391.37,C112803664,14279.0,8887.63,M200552678,0.0,0.0,0,0
PAYMENT,22990.39,C1400068767,11663.0,0.0,M94320987,0.0,0.0,0,0
PAYMENT,3768.5,C1369483894,58091.0,54322.5,M2074163244,0.0,0.0,0,0
TRANSFER,126657.8,C153096782,19797.0,0.0,C1752934328,0.0,126657.8,0,0
CASH_IN,172187.7,C2096368616,305653.35,477841.06,C1952929545,2303202.52,2131014.81,0,0
CASH_OUT,289225.59,C1256170146,309044.55,19818.97,C1618625984,471562.17,760787.76,0,0
CASH_OUT,260589.28,C717473075,0.0,0.0,C39558866,1814586.85,2042632.03,0,0
PAYMENT,5389.39,C1590841426,0.0,0.0,M1011755297,0.0,0.0,0,0
PAYMENT,4128.88,C700775220,69923.0,65794.12,M1436899138,0.0,0.0,0,0
CASH_OUT,41289.69,C560505003,0.0,0.0,C1657982396,12394027.32,12435317.01,0,0
PAYMENT,7607.1,C1664210033,544896.0,537288.9,M61957345,0.0,0.0,0,0
CASH_IN,109054.05,C834629974,2790021.42,2899075.48,C1824136756,2403516.53,2294462.48,0,0
CASH_IN,87969.08,C1029799890,5497836.77,5585805.85,C736037583,1966696.46,1878727.38,0,0
TRANSFER,2513967.31,C1723633061,0.0,0.0,C887174335,3429411.04,5943378.36,0,0
PAYMENT,2861.67,C800330779,70757.0,67895.33,M1491253052,0.0,0.0,0,0
PAYMENT,28044.68,C1666167562,164679.42,136634.74,M626893622,0.0,0.0,0,0
PAYMENT,18322.83,C755860102,0.0,0.0,M1567608580,0.0,0.0,0,0
CASH_IN,160102.24,C1961826752,20367.0,180469.24,C621028232,280854.05,120751.81,0,0
TRANSFER,1084267.76,C208720142,0.0,0.0,C83121461,3609807.82,4694075.59,0,0
PAYMENT,15315.77,C1055346174,0.0,0.0,M1435669408,0.0,0.0,0,0
CASH_OUT,127044.84,C540659191,0.0,0.0,C1932399029,2561395.57,2688440.41,0,0
PAYMENT,22478.87,C519300386,0.0,0.0,M1249269626,0.0,0.0,0,0
PAYMENT,15913.11,C1542469443,18782.0,2868.89,M1026951931,0.0,0.0,0,0
PAYMENT,14644.3,C1792868811,110667.0,96022.7,M998452141,0.0,0.0,0,0
PAYMENT,3822.37,C1586815830,99543.0,95720.63,M795218384,0.0,0.0,0,0
CASH_OUT,249040.34,C680996181,0.0,0.0,C423468445,940719.71,934274.28,0,0
CASH_IN,17611.99,C1150541615,993.0,18604.99,C1046479687,239484.11,221872.12,0,0
TRANSFER,1587717.48,C131806839,20480.0,0.0,C1402906284,166424.21,1754141.69,0,0
CASH_OUT,181744.82,C926516649,30704.0,0.0,C410314274,355848.43,655526.49,0,0
PAYMENT,10282.16,C285551262,603042.39,592760.23,M397444915,0.0,0.0,0,0
CASH_IN,24650.48,C1084293625,3684486.21,3709136.7,C1044470726,36683198.45,36658547.96,0,0
PAYMENT,4153.5,C170473564,127687.0,123533.5,M1769205519,0.0,0.0,0,0
CASH_OUT,413613.46,C176237658,0.0,0.0,C1412095226,730766.49,1144379.96,0,0
PAYMENT,13059.11,C379052244,0.0,0.0,M845612565,0.0,0.0,0,0
PAYMENT,19885.41,C12043349,19848.0,0.0,M1462226498,0.0,0.0,0,0
CASH_OUT,6412.13,C1793565742,277872.33,271460.2,C1973770251,479385.15,485797.27,0,0
CASH_IN,249654.65,C1020701397,140.0,249794.65,C2085283232,718637.23,468982.58,0,0
CASH_OUT,219825.69,C984632080,0.0,0.0,C712050011,284552.21,504377.9,0,0
CASH_IN,163620.59,C1648249153,970697.96,1134318.55,C1978739724,1716831.44,1553210.85,0,0
CASH_OUT,92873.71,C1853276507,21470.0,0.0,C1914918292,1135713.49,1228587.19,0,0
CASH_OUT,320722.31,C1664659945,0.0,0.0,C817405398,5423831.86,5744554.17,0,0
CASH_IN,95707.13,C1436800221,9312587.21,9408294.34,C1138255594,221477.18,125770.05,0,0
CASH_OUT,78699.21,C1779119496,68254.48,0.0,C1418000964,574208.23,652907.44,0,0
CASH_OUT,61714.47,C2119988465,0.0,0.0,C2072053179,157002.37,590320.97,0,0
CASH_IN,182382.56,C452193616,15888775.41,16071157.97,C1023535667,14826081.43,14643698.87,0,0
CASH_OUT,178393.07,C18997564,0.0,0.0,C941624064,384664.77,563057.84,0,0
CASH_IN,238216.2,C1574453231,6912.0,245128.2,C1426495082,131098.91,0.0,0,0
PAYMENT,8835.71,C877077466,126512.94,117677.23,M1878401712,0.0,0.0,0,0
CASH_OUT,173484.85,C532738962,40261.0,0.0,C647786886,357943.67,211575.51,0,0
PAYMENT,3695.56,C1706938244,190228.0,186532.44,M2004596526,0.0,0.0,0,0
PAYMENT,23055.4,C1448234958,59380.88,36325.48,M414945789,0.0,0.0,0,0
PAYMENT,8981.18,C1168327665,30181.0,21199.82,M1435511801,0.0,0.0,0,0
CASH_IN,72238.0,C88934451,6487328.39,6559566.39,C2116302485,2787036.42,2714798.42,0,0
PAYMENT,11130.35,C1380065694,0.0,0.0,M2093637669,0.0,0.0,0,0
PAYMENT,5559.7,C1625447761,0.0,0.0,M192897328,0.0,0.0,0,0
TRANSFER,68629.97,C1500221538,10589.0,0.0,C1566461531,185610.19,254240.16,0,0
TRANSFER,152654.47,C1888438742,22904.0,0.0,C218944378,636707.34,789361.81,0,0
PAYMENT,14797.1,C1385793376,49136.0,34338.9,M960554680,0.0,0.0,0,0
PAYMENT,19583.52,C2076614736,0.0,0.0,M654834988,0.0,0.0,0,0
CASH_IN,242444.85,C1943250535,12019.0,254463.85,C1260651126,4676290.94,4433846.09,0,0
TRANSFER,705191.26,C920484145,0.0,0.0,C963151585,972214.92,1677406.17,0,0
CASH_OUT,305934.37,C584173422,316348.0,10413.63,C74946384,66000.53,371934.9,0,0
CASH_OUT,59656.81,C563282491,45362.0,0.0,C1737295191,42042.63,101699.45,0,0
CASH_IN,192719.69,C682894894,19025529.32,19218249.01,C448485935,283471.35,90751.66,0,0
PAYMENT,27790.87,C1460143193,0.0,0.0,M108478810,0.0,0.0,0,0
CASH_OUT,31559.81,C995339605,0.0,0.0,C678292105,520368.45,551928.26,0,0
CASH_OUT,229922.15,C913020464,0.0,0.0,C2063725299,644806.2,874728.35,0,0
CASH_OUT,94270.99,C473084216,0.0,0.0,C1130422007,392411.08,486682.07,0,0
CASH_IN,259136.92,C29750939,130401.0,389537.92,C1397451865,0.0,0.0,0,0
PAYMENT,17620.2,C1324972411,106213.0,88592.8,M570668321,0.0,0.0,0,0
CASH_OUT,46043.47,C1597819709,21274.0,0.0,C1534496878,0.0,46043.47,0,0
CASH_OUT,154369.89,C1097878618,0.0,0.0,C1339683894,285207.31,439577.2,0,0
CASH_OUT,337515.89,C1499794148,0.0,0.0,C1272884349,392134.4,729650.3,0,0
CASH_OUT,68706.61,C1553169590,30277.0,0.0,C105905784,83687.98,152394.59,0,0
CASH_IN,101002.22,C1071144208,49595.0,150597.22,C329918689,0.0,0.0,0,0
CASH_IN,37978.11,C1032558419,7464160.73,7502138.84,C2099980455,310030.35,272052.24,0,0
CASH_OUT,19032.46,C322095107,205868.0,186835.54,C587975219,86063.1,105095.55,0,0
CASH_OUT,246775.19,C250995139,0.0,0.0,C1116548514,498676.7,745451.89,0,0
CASH_OUT,481906.91,C491793524,59653.0,0.0,C1074906396,2862628.32,3344535.24,0,0
CASH_OUT,370309.92,C835728429,80510.0,0.0,C870723856,0.0,370309.92,0,0
CASH_IN,202624.6,C1143707658,155.0,202779.6,C343201038,0.0,0.0,0,0
TRANSFER,677160.97,C1621495150,62080.0,0.0,C1520366382,0.0,1181881.76,0,0
CASH_OUT,10145.71,C362695897,11311.0,1165.29,C1706318371,0.0,10145.71,0,0
CASH_OUT,96664.89,C481423935,0.0,0.0,C2046106799,3387440.59,3484105.48,0,0
PAYMENT,1603.21,C624386773,15146.0,13542.79,M1732773322,0.0,0.0,0,0
TRANSFER,30083.18,C1590209616,156268.0,126184.82,C1105725957,484537.07,514620.25,0,0
CASH_OUT,239252.06,C1844278791,0.0,0.0,C1856431161,494990.37,734242.44,0,0
PAYMENT,23932.1,C1042838173,2139.35,0.0,M1576528392,0.0,0.0,0,0
PAYMENT,8603.02,C1443789517,0.0,0.0,M1265362070,0.0,0.0,0,0
PAYMENT,1865.54,C988937178,0.0,0.0,M1701109710,0.0,0.0,0,0
TRANSFER,306580.49,C14914864,0.0,0.0,C836423289,1679807.83,1986388.32,0,0
CASH_OUT,145209.71,C40502901,14855.0,0.0,C799547925,0.0,145209.71,0,0
CASH_IN,176834.59,C674761188,280754.0,457588.59,C1482721179,644245.23,467410.64,0,0
CASH_IN,263486.52,C1746959114,887602.47,1151088.99,C175168015,2180336.15,1916849.63,0,0
CASH_OUT,567787.72,C16535923,0.0,0.0,C1235896212,890998.2,1458785.93,0,0
CASH_IN,57600.84,C838084560,7050540.22,7108141.06,C885443803,263348.57,205747.73,0,0
PAYMENT,4106.66,C132046271,62517.0,58410.34,M2001654698,0.0,0.0,0,0
PAYMENT,12449.42,C585618433,129.0,0.0,M782306603,0.0,0.0,0,0
CASH_IN,236969.87,C561024827,104582.0,341551.87,C342773146,1243315.12,1006345.25,0,0
PAYMENT,12065.86,C2048346853,0.0,0.0,M242143176,0.0,0.0,0,0
CASH_OUT,10764.98,C1476817106,0.0,0.0,C1821298073,21157.3,31922.28,0,0
CASH_IN,179775.84,C1250214368,24331.0,204106.84,C1172207089,833163.5,653387.66,0,0
CASH_OUT,171685.91,C1600788807,23530.0,0.0,C1250955399,627134.48,798820.39,0,0
PAYMENT,36175.0,C505328792,1149.0,0.0,M668515830,0.0,0.0,0,0
PAYMENT,15635.25,C1294781863,23678.0,8042.75,M2084530847,0.0,0.0,0,0
CASH_IN,188383.73,C856428980,16078014.01,16266397.74,C171083546,1868268.39,1679884.66,0,0
CASH_IN,189311.96,C928436756,222422.0,411733.95,C233071636,21483.21,0.0,0,0
CASH_IN,41287.27,C1560973574,11486.0,52773.27,C2102315492,0.0,0.0,0,0
CASH_OUT,19881.95,C256503852,0.0,0.0,C2063115099,1103777.31,1123659.26,0,0
CASH_OUT,219473.08,C937342261,31245.0,0.0,C43692071,0.0,418347.52,0,0
PAYMENT,4540.27,C1083641541,0.0,0.0,M81149528,0.0,0.0,0,0
CASH_IN,75204.12,C842590610,75568.0,150772.12,C1741857200,0.0,0.0,0,0
CASH_IN,370608.78,C1501618552,8071630.01,8442238.78,C17515385,773333.53,803807.8,0,0
PAYMENT,10930.48,C787682487,0.0,0.0,M703994019,0.0,0.0,0,0
PAYMENT,2770.85,C1564532077,0.0,0.0,M2102748942,0.0,0.0,0,0
CASH_IN,32565.94,C663736261,53629.0,86194.94,C1287645040,625605.48,593039.54,0,0
PAYMENT,23254.19,C339954663,0.0,0.0,M2003783290,0.0,0.0,0,0
CASH_OUT,219920.24,C892606795,18426.0,0.0,C1512170124,0.0,219920.24,0,0
PAYMENT,8240.76,C2136540811,0.0,0.0,M1354832415,0.0,0.0,0,0
CASH_OUT,251950.93,C1061531745,0.0,0.0,C877878184,7769504.39,8021455.32,0,0
PAYMENT,48500.77,C546968549,64657.0,16156.23,M963495549,0.0,0.0,0,0
TRANSFER,2307072.79,C1694209432,0.0,0.0,C1375637906,7289068.61,9596141.41,0,0
CASH_OUT,170985.27,C1215246310,0.0,0.0,C70526528,286945.33,457930.61,0,0
CASH_OUT,43330.83,C1859191696,0.0,0.0,C1002867448,1710025.67,1753356.5,0,0
CASH_IN,206867.26,C422584194,2046958.21,2253825.46,C196454091,326691.09,119823.83,0,0
CASH_OUT,297595.86,C1391353421,40116.0,0.0,C1197450284,758169.64,1055765.51,0,0
TRANSFER,476580.56,C689227998,227.0,0.0,C976074140,0.0,476580.56,0,0
CASH_OUT,44409.7,C1907170085,105811.38,61401.67,C352605277,1351807.52,1396217.22,0,0
PAYMENT,43920.04,C1103623959,27829.87,0.0,M1769728828,0.0,0.0,0,0
TRANSFER,697620.91,C1617638974,0.0,0.0,C1344114231,1575521.7,2273142.6,0,0
PAYMENT,3837.68,C1621299566,253984.25,250146.57,M69055706,0.0,0.0,0,0
PAYMENT,38391.2,C382160318,0.0,0.0,M1316082333,0.0,0.0,0,0
CASH_OUT,166007.84,C1533840917,491.0,0.0,C1002419312,0.0,166007.84,0,0
CASH_OUT,156751.43,C683265100,358573.0,201821.57,C957722307,52569.06,209320.49,0,0
CASH_OUT,75482.17,C1703443524,10824.0,0.0,C1426348567,170362.08,245844.25,0,0
PAYMENT,24729.35,C1933109975,15511.0,0.0,M1311080311,0.0,0.0,0,0
CASH_OUT,245970.4,C833669224,0.0,0.0,C1961789785,926199.89,1172170.29,0,0
PAYMENT,24159.54,C1518723243,0.0,0.0,M1873320262,0.0,0.0,0,0
CASH_IN,40340.22,C765238041,34659.0,74999.22,C1242379975,682251.2,641910.98,0,0
PAYMENT,47494.63,C1852989850,0.0,0.0,M32576756,0.0,0.0,0,0
PAYMENT,10927.98,C286604189,134.0,0.0,M1606667501,0.0,0.0,0,0
PAYMENT,11182.92,C1444655033,20214.0,9031.08,M90231207,0.0,0.0,0,0
CASH_OUT,30332.92,C460287218,172286.0,141953.08,C227793386,0.0,30332.92,0,0
CASH_OUT,37109.61,C1802885515,20444.0,0.0,C1736064195,1825315.56,1862425.17,0,0
PAYMENT,24841.13,C1657799813,198602.0,173760.87,M647202373,0.0,0.0,0,0
TRANSFER,197118.92,C759132707,6021.0,0.0,C1912424736,0.0,262201.27,0,0
PAYMENT,145.84,C2014549065,5983.36,5837.52,M66094234,0.0,0.0,0,0
CASH_OUT,23420.93,C480043116,15998.0,0.0,C1242379232,1101919.58,1125340.51,0,0
CASH_OUT,97260.68,C1488618897,0.0,0.0,C75747859,217760.3,315020.99,0,0
PAYMENT,7203.06,C195760873,183.0,0.0,M131323910,0.0,0.0,0,0
CASH_OUT,83981.51,C850936501,0.0,0.0,C565038506,1379741.64,1463723.14,0,0
CASH_OUT,121464.79,C708050355,271.0,0.0,C644272807,86755.09,208219.88,0,0
TRANSFER,117354.74,C420847064,9309.0,0.0,C1303914083,1308491.54,1425846.28,0,0
CASH_OUT,127372.67,C162123188,0.0,0.0,C1166654566,3179934.38,3307307.06,0,0
TRANSFER,234749.27,C2140419523,0.0,0.0,C1069193361,236601.58,471350.86,0,0
CASH_OUT,54399.76,C737461285,16.0,0.0,C424121894,748199.38,802599.14,0,0
CASH_IN,988.32,C725918325,4914653.6,4915641.92,C2081294182,166969.9,613297.43,0,0
CASH_IN,154463.83,C1312382483,3548811.89,3703275.72,C349792034,162496.77,8032.94,0,0
CASH_OUT,147885.18,C185302835,10213.73,0.0,C227267125,287321.72,435206.9,0,0
CASH_IN,77597.21,C1184020280,70444.0,148041.21,C721301346,1503631.71,1426034.51,0,0
PAYMENT,5290.44,C1182314260,466523.0,461232.56,M11228829,0.0,0.0,0,0
CASH_IN,116988.38,C52792237,4024350.0,4141338.37,C751376418,617704.76,585225.99,0,0
PAYMENT,44312.22,C678036665,23254.0,0.0,M2129335306,0.0,0.0,0,0
CASH_OUT,109690.83,C1446598604,146438.36,36747.53,C101598950,1073005.11,1182695.94,0,0
CASH_OUT,458420.44,C735847844,0.0,0.0,C1980501279,3619132.06,4077552.49,0,0
CASH_OUT,44943.44,C1477814062,0.0,0.0,C391196004,418461.21,463404.65,0,0
PAYMENT,10154.69,C1584121232,9032.0,0.0,M474880692,0.0,0.0,0,0
PAYMENT,441.21,C934373737,0.0,0.0,M928976998,0.0,0.0,0,0
PAYMENT,27130.59,C355884419,7703.0,0.0,M913838413,0.0,0.0,0,0
CASH_IN,191438.48,C1953066386,5596.0,197034.48,C1878925059,0.0,0.0,0,0
CASH_IN,214591.61,C1686638657,7349378.7,7563970.31,C1746807050,1240269.95,1025678.34,0,0
TRANSFER,582624.37,C1275335070,0.0,0.0,C2044449133,2033901.03,2616525.4,0,0
CASH_IN,8125.91,C747987157,10780.0,18905.91,C1181122839,75142.58,67016.67,0,0
CASH_IN,66093.33,C1970896194,186582.27,252675.6,C834366311,4837052.59,4770959.25,0,0
PAYMENT,2320.76,C199735909,0.0,0.0,M935423681,0.0,0.0,0,0
CASH_OUT,135344.48,C1657571000,1401.0,0.0,C589398557,12578969.69,12714314.17,0,0
CASH_OUT,174956.68,C1563032315,90118.0,0.0,C1737640425,39728.25,214684.92,0,0
PAYMENT,20754.28,C599523728,63063.0,42308.72,M1468230080,0.0,0.0,0,0
CASH_OUT,139981.25,C640489350,0.0,0.0,C2003409645,140064.05,280045.3,0,0
CASH_IN,542146.61,C1389246674,16475079.54,17017226.15,C199710349,1461649.62,919503.01,0,0
CASH_IN,18016.43,C1205189513,145397.0,163413.43,C1063740056,330661.48,312645.05,0,0
CASH_OUT,257075.77,C86868884,134436.0,0.0,C1732028665,0.0,257075.77,0,0
PAYMENT,1280.33,C998824137,18904.69,17624.36,M1285670343,0.0,0.0,0,0
PAYMENT,22893.68,C1908367857,122385.45,99491.77,M1798256466,0.0,0.0,0,0
CASH_OUT,364887.8,C482854991,15313.0,0.0,C2017171744,50721.21,415609.01,0,0
CASH_OUT,475949.01,C224597269,184676.0,0.0,C278884990,0.0,313277.18,0,0
CASH_IN,87777.53,C933727949,16922.0,104699.53,C1934837196,0.0,0.0,0,0
CASH_OUT,145647.21,C2122046370,0.0,0.0,C134141486,950050.45,1095697.66,0,0
CASH_OUT,106039.72,C683782532,0.0,0.0,C1389124467,289645.62,395685.34,0,0
TRANSFER,248372.82,C810136257,0.0,0.0,C865647009,864011.25,1112384.07,0,0
PAYMENT,477.1,C832268364,0.0,0.0,M505865295,0.0,0.0,0,0
PAYMENT,1810.17,C1186409643,252311.0,250500.83,M257399049,0.0,0.0,0,0
CASH_OUT,234356.89,C1553477611,9183.0,0.0,C636020606,4430314.23,4664671.12,0,0
TRANSFER,39571.91,C1556187519,0.0,0.0,C768116571,788248.75,827820.66,0,0
PAYMENT,6175.11,C787128079,142.0,0.0,M1004262331,0.0,0.0,0,0
CASH_OUT,51689.17,C1493501598,0.0,0.0,C356953951,7073398.96,7125088.14,0,0
CASH_IN,175223.48,C1027018290,5849910.54,6025134.02,C1449676572,1226378.55,1051155.07,0,0
CASH_OUT,15534.88,C1765401569,0.0,0.0,C153727102,2037258.51,2052793.39,0,0
CASH_IN,50031.71,C110751075,150.0,50181.71,C1427210284,0.0,0.0,0,0
CASH_OUT,16133.93,C1595350273,0.0,0.0,C1646193748,487488.66,503622.59,0,0
PAYMENT,23020.56,C1530872961,0.0,0.0,M2032077878,0.0,0.0,0,0
CASH_OUT,472073.16,C906350341,51659.0,0.0,C1056396940,478780.9,950854.06,0,0
PAYMENT,5599.95,C1239007490,83538.0,77938.05,M599961512,0.0,0.0,0,0
TRANSFER,228621.51,C156313015,49886.75,0.0,C849460192,529140.51,757762.02,0,0
CASH_OUT,95665.3,C1884888610,0.0,0.0,C1628894200,312205.06,0.0,0,0
CASH_IN,6490.77,C1321082636,3177.0,9667.77,C1269594897,0.0,0.0,0,0
CASH_IN,137870.34,C1401651936,8236993.02,8374863.35,C917447424,523986.53,485304.87,0,0
CASH_OUT,132053.59,C1239333666,2393.0,0.0,C1698371518,9658215.38,9790268.97,0,0
CASH_OUT,49419.86,C304162996,210018.0,160598.14,C976190509,0.0,49419.86,0,0
PAYMENT,10005.56,C1916802002,0.0,0.0,M377554995,0.0,0.0,0,0
CASH_OUT,317386.03,C1229712132,213.0,0.0,C1498634529,11280.91,0.0,0,0
TRANSFER,672760.93,C169059612,0.0,0.0,C1886942808,1182730.4,1607434.29,0,0
PAYMENT,10819.82,C956957309,127333.0,116513.18,M562188128,0.0,0.0,0,0
CASH_IN,206456.33,C1996690117,14034692.12,14241148.45,C1387750261,8073612.9,7867156.57,0,0
PAYMENT,2777.4,C1797757452,0.0,0.0,M332754178,0.0,0.0,0,0
TRANSFER,586648.99,C1266197494,10145.0,0.0,C365350249,190019.82,369732.3,0,0
CASH_IN,139332.53,C955843858,9659714.74,9799047.26,C1533222283,199272.77,59940.24,0,0
CASH_IN,462308.94,C756614858,4415305.05,4877614.0,C1679939068,3396058.38,2797223.44,0,0
TRANSFER,164996.94,C1452577835,0.0,0.0,C576758907,1026743.3,1191740.24,0,0
CASH_OUT,134985.51,C50128,0.0,0.0,C1631760583,292873.71,427859.22,0,0
CASH_OUT,235883.38,C592519362,30710.0,0.0,C1399287376,5071317.42,5307200.8,0,0
PAYMENT,9869.43,C900345388,16729.0,6859.57,M145619393,0.0,0.0,0,0
CASH_IN,168631.16,C914778714,3548700.59,3717331.75,C1773476169,891555.84,722924.67,0,0
PAYMENT,12344.15,C791857268,43472.0,31127.85,M749291524,0.0,0.0,0,0
PAYMENT,2405.21,C330758157,53479.0,51073.79,M831792991,0.0,0.0,0,0
PAYMENT,9348.59,C673393282,70849.0,61500.41,M2108629133,0.0,0.0,0,0
CASH_IN,371004.69,C627756776,2121730.47,2492735.16,C1356375639,416058.51,45053.82,0,0
PAYMENT,1016.83,C1413188904,36941.0,35924.17,M787093315,0.0,0.0,0,0
CASH_OUT,179621.04,C1107395482,0.0,0.0,C1921931302,248558.1,428179.14,0,0
CASH_IN,218874.92,C1458865724,9577918.95,9796793.87,C1684007839,507748.02,288873.1,0,0
TRANSFER,301655.24,C1973953788,0.0,0.0,C17303546,752385.78,1054041.01,0,0
TRANSFER,2451445.91,C883378731,42200.0,0.0,C81959866,2545953.06,4997398.97,0,0
CASH_OUT,442900.0,C1758373636,3012.0,0.0,C2070626006,5977767.98,6420667.98,0,0
PAYMENT,38843.51,C1081419125,14200.0,0.0,M509879912,0.0,0.0,0,0
CASH_OUT,392974.92,C1156025632,168014.2,0.0,C1673688244,7557253.75,7950228.66,0,0
CASH_IN,55093.62,C219170168,1209816.6,1264910.22,C991221307,235878.86,533633.09,0,0
PAYMENT,1533.12,C1855804811,1492.0,0.0,M2022389681,0.0,0.0,0,0
PAYMENT,52746.23,C563964835,106856.0,54109.77,M1746715537,0.0,0.0,0,0
TRANSFER,132015.69,C257260786,109265.0,0.0,C565426589,602780.12,734795.81,0,0
CASH_OUT,8056.32,C2024080770,26982.36,18926.04,C470906925,59859.37,67915.69,0,0
CASH_IN,167587.65,C706127207,10170.0,177757.65,C59775538,9439.08,0.0,0,0
CASH_IN,94518.79,C1922077371,4303311.29,4397830.08,C1372853042,1275121.11,1180602.33,0,0
CASH_IN,65779.56,C1683494496,120325.0,186104.56,C543687924,374099.49,308319.93,0,0
TRANSFER,931315.79,C1329359797,3048.0,0.0,C1897049400,327997.49,1259313.28,0,0
CASH_OUT,161006.66,C1317011258,0.0,0.0,C1615824249,514266.14,675272.8,0,0
CASH_OUT,82879.86,C139469055,85718.0,2838.14,C1962397821,3035499.48,3118379.34,0,0
PAYMENT,5657.29,C391055010,0.0,0.0,M674072726,0.0,0.0,0,0
PAYMENT,5235.46,C1539472947,36871.44,31635.98,M720749645,0.0,0.0,0,0
PAYMENT,1058.26,C157503387,248160.93,247102.66,M1087819244,0.0,0.0,0,0
CASH_IN,187116.68,C780434204,71175.0,258291.68,C1320388711,0.0,0.0,0,0
DEBIT,3205.3,C1941573095,52538.0,49332.7,C1958832732,2220537.2,2223742.51,0,0
CASH_IN,2655.1,C1598128224,0.0,2655.1,C377139811,168449.75,165794.65,0,0
CASH_OUT,233857.42,C1729438841,0.0,0.0,C830232264,376510.38,610367.8,0,0
PAYMENT,18570.64,C475103313,54436.0,35865.36,M1713449680,0.0,0.0,0,0
CASH_OUT,207373.52,C479873992,0.0,0.0,C647675234,1145486.91,821885.36,0,0
CASH_OUT,48540.9,C48342950,0.0,0.0,C508957485,58071.52,106612.42,0,0
CASH_OUT,90122.22,C860756043,42202.0,0.0,C31835472,253160.65,343282.87,0,0
CASH_IN,119209.22,C328355289,41189.0,160398.22,C1536767496,58465.55,0.0,0,0
PAYMENT,3975.91,C1597813033,167248.93,163273.01,M690046414,0.0,0.0,0,0
CASH_OUT,243390.75,C194994242,0.0,0.0,C629732058,1258757.1,1502147.84,0,0
CASH_OUT,273142.35,C1621794753,21338.0,0.0,C393225298,51630.48,324772.82,0,0
CASH_OUT,102494.34,C1253865538,100937.0,0.0,C2080639663,746731.85,849226.19,0,0
PAYMENT,3614.38,C1644245306,22022.0,18407.62,M1642532509,0.0,0.0,0,0
CASH_OUT,190033.24,C16321185,0.0,0.0,C698904170,775750.94,965784.19,0,0
CASH_OUT,129547.75,C1890144068,0.0,0.0,C1744464695,248643.07,378190.82,0,0
CASH_OUT,473498.03,C343760421,0.0,0.0,C1323560191,6547577.21,7021075.24,0,0
CASH_OUT,12346.14,C711802764,0.0,0.0,C53596809,370032.3,382378.44,0,0
PAYMENT,9966.72,C316427808,0.0,0.0,M842720808,0.0,0.0,0,0
PAYMENT,2898.15,C1088434413,70522.59,67624.43,M828889693,0.0,0.0,0,0
CASH_IN,47799.01,C1292380948,31438.0,79237.01,C1338170090,35341.12,0.0,0,0
CASH_OUT,60840.78,C2066336986,0.0,0.0,C85352088,1148315.85,1209156.63,0,0
CASH_OUT,281368.31,C201701318,0.0,0.0,C929266212,7148664.76,7430033.07,0,0
PAYMENT,5917.23,C2124747563,725.0,0.0,M356287216,0.0,0.0,0,0
PAYMENT,9191.83,C913628911,0.0,0.0,M938514839,0.0,0.0,0,0
CASH_IN,129948.54,C1255809075,11608.0,141556.54,C1912001545,134359.14,4410.6,0,0
PAYMENT,8111.18,C584874923,27796.72,19685.55,M1679274383,0.0,0.0,0,0
PAYMENT,21138.03,C1359805375,102065.45,80927.43,M778745341,0.0,0.0,0,0
CASH_IN,148893.82,C109349095,53165.0,202058.82,C1831986910,630020.75,481126.92,0,0
PAYMENT,2999.19,C36765644,330380.34,327381.16,M1661333902,0.0,0.0,0,0
PAYMENT,21126.54,C588407656,155618.0,134491.46,M733115494,0.0,0.0,0,0
CASH_OUT,74120.66,C197494071,0.0,0.0,C637176617,2830606.16,2904726.82,0,0
CASH_OUT,158062.6,C938630375,291.0,0.0,C1978515789,2255710.9,2413773.5,0,0
PAYMENT,3740.59,C560290300,10044.0,6303.41,M1725931205,0.0,0.0,0,0
CASH_OUT,163083.9,C819033639,52095.0,0.0,C1570097857,0.0,163083.9,0,0
CASH_OUT,321619.28,C1517075677,0.0,0.0,C1476794077,855637.05,1177256.32,0,0
TRANSFER,270360.1,C232686389,828.0,0.0,C762470900,0.0,265938.23,0,0
PAYMENT,5447.41,C1501376475,0.0,0.0,M276840120,0.0,0.0,0,0
CASH_OUT,102298.46,C1552067281,0.0,0.0,C748854563,555406.32,657704.78,0,0
CASH_OUT,15056.36,C643015145,0.0,0.0,C914226248,3407678.05,3422734.41,0,0
CASH_OUT,234909.47,C1353684521,16665.24,0.0,C563467852,278039.95,512949.42,0,0
TRANSFER,217979.82,C1654352114,0.0,0.0,C1650851342,1172281.86,1390261.68,0,0
PAYMENT,1115.17,C1764123125,0.0,0.0,M1123391102,0.0,0.0,0,0
PAYMENT,8309.52,C156199931,252542.6,244233.08,M878991463,0.0,0.0,0,0
CASH_OUT,239894.13,C1594743346,30164.0,0.0,C789784120,308535.78,548429.92,0,0
PAYMENT,25288.45,C1620765241,0.0,0.0,M1725403503,0.0,0.0,0,0
PAYMENT,4375.24,C457073730,0.0,0.0,M442961148,0.0,0.0,0,0
CASH_OUT,10787.21,C1889669760,40939.0,30151.79,C1139972603,0.0,10787.21,0,0
TRANSFER,5598368.79,C1094929059,289548.0,0.0,C1547385890,6372615.62,11970984.41,0,0
PAYMENT,11236.57,C1804589888,21162.0,9925.43,M1815610408,0.0,0.0,0,0
PAYMENT,4702.18,C773994206,36954.0,32251.82,M1586326942,0.0,0.0,0,0
CASH_OUT,104763.9,C638895954,15885.0,0.0,C498550679,0.0,104763.9,0,0
PAYMENT,7414.13,C1353981786,202583.33,195169.2,M1157489563,0.0,0.0,0,0
CASH_IN,138884.19,C2083067522,912466.63,1051350.82,C441386503,317096.79,178212.6,0,0
CASH_IN,33489.81,C719707324,25060973.62,25094463.42,C2005344266,72462.19,38972.39,0,0
CASH_IN,540719.29,C223211119,4164043.76,4704763.05,C1764212527,740401.35,199682.06,0,0
PAYMENT,14458.51,C466333169,11457.0,0.0,M1557778517,0.0,0.0,0,0
PAYMENT,3302.96,C31051284,12591.0,9288.04,M961966746,0.0,0.0,0,0
CASH_OUT,245311.99,C1009148404,1003910.0,758598.01,C587197696,517320.34,762632.33,0,0
CASH_OUT,343531.0,C513118113,0.0,0.0,C1658240669,1607418.42,1950949.42,0,0
PAYMENT,6092.71,C817963304,317375.7,311283.0,M1285098974,0.0,0.0,0,0
CASH_OUT,153013.95,C1081284965,0.0,0.0,C244059867,153135.91,306149.87,0,0
CASH_OUT,41290.0,C610390518,169626.0,128336.0,C1927456943,730035.15,771325.15,0,0
CASH_OUT,182222.47,C528524244,117.0,0.0,C921693886,0.0,182222.47,0,0
PAYMENT,19004.93,C2090528002,31334.0,12329.07,M245186361,0.0,0.0,0,0
CASH_OUT,241348.6,C2106800679,0.0,0.0,C955278206,298968.38,540316.98,0,0
PAYMENT,23827.81,C544653860,59008.0,35180.19,M1227689207,0.0,0.0,0,0
CASH_IN,62521.86,C2037793375,7085604.26,7148126.12,C2056853661,635918.43,573396.57,0,0
TRANSFER,1954350.98,C1022967460,111304.0,0.0,C435011494,2566411.8,4520762.78,0,0
CASH_OUT,155811.08,C2057316941,0.0,0.0,C948125864,284073.58,439884.66,0,0
CASH_IN,352628.33,C1891790155,9871756.69,10224385.03,C2049104648,424433.81,71805.48,0,0
CASH_IN,143123.16,C937689141,26360094.58,26503217.74,C1705469614,220100.07,76976.91,0,0
TRANSFER,769442.72,C12430923,295082.0,0.0,C739134113,0.0,769442.72,0,0
CASH_OUT,85849.61,C1316770484,365884.0,280034.39,C575611536,412883.0,498732.61,0,0
CASH_OUT,76933.45,C1285180372,0.0,0.0,C1044100176,7729083.2,7806016.65,0,0
TRANSFER,83722.26,C2024057962,0.0,0.0,C805260733,10307470.33,10391192.59,0,0
TRANSFER,360147.42,C997625735,0.0,0.0,C589737394,975472.3,1335619.73,0,0
PAYMENT,23241.12,C969061572,0.0,0.0,M1341653423,0.0,0.0,0,0
CASH_IN,121758.4,C1956083758,5926830.56,6048588.96,C403820205,1790393.0,1668634.61,0,0
CASH_OUT,39011.9,C563295712,52.0,0.0,C796796033,0.0,162015.98,0,0
PAYMENT,7692.14,C705976456,0.0,0.0,M484219030,0.0,0.0,0,0
CASH_OUT,27410.66,C786903708,970.0,0.0,C1223777194,1169009.45,1196420.11,0,0
CASH_OUT,69351.43,C425136812,21486.0,0.0,C1710631582,1274499.21,1343850.64,0,0
CASH_IN,399525.91,C41716225,2169037.65,2568563.56,C1576355311,766565.35,367039.44,0,0
CASH_IN,258936.78,C247203190,99918.0,358854.78,C851491557,727592.18,468655.41,0,0
PAYMENT,1918.64,C188166826,223188.97,221270.33,M1040475600,0.0,0.0,0,0
CASH_OUT,140585.8,C830516631,7438.0,0.0,C220642872,0.0,140585.8,0,0
CASH_OUT,71508.01,C691511453,0.0,0.0,C1963862935,3074669.13,3146177.14,0,0
CASH_OUT,328208.44,C897560083,28671.45,0.0,C1690898271,411802.94,740011.38,0,0
PAYMENT,9413.01,C969010899,435696.32,426283.31,M1078470164,0.0,0.0,0,0
PAYMENT,41257.32,C674136228,0.0,0.0,M619078159,0.0,0.0,0,0
TRANSFER,110530.72,C863968253,104225.0,0.0,C310249090,858371.46,968902.19,0,0
PAYMENT,18333.91,C493614761,0.0,0.0,M1306680026,0.0,0.0,0,0
CASH_OUT,227883.13,C241932473,49930.22,0.0,C478122684,3864685.88,4092569.01,0,0
CASH_OUT,398941.0,C1559361893,21293.0,0.0,C1515824002,0.0,398941.0,0,0
CASH_IN,185049.04,C1229066306,5324770.17,5509819.22,C1476324134,201695.13,16646.09,0,0
PAYMENT,919.8,C2015971444,410872.0,409952.2,M544670654,0.0,0.0,0,0
CASH_IN,105755.6,C451628530,2554463.27,2660218.87,C1952384599,1596732.79,1490977.19,0,0
CASH_IN,189906.38,C1388262260,3471398.32,3661304.7,C990222291,529128.23,339221.85,0,0
CASH_IN,42143.71,C527382456,21347.0,63490.71,C999815209,118910.16,76766.45,0,0
CASH_OUT,452054.25,C441295418,249585.19,0.0,C1442851861,7118920.65,7570974.89,0,0
CASH_OUT,123662.04,C1798094886,30834.0,0.0,C82075926,0.0,123662.04,0,0
CASH_IN,129888.57,C858707990,10016.0,139904.57,C1151559235,0.0,0.0,0,0
CASH_OUT,198349.99,C192602815,0.0,0.0,C1889393056,389660.37,588010.37,0,0
TRANSFER,96688.23,C420061990,8533.0,0.0,C125800666,263438.54,360126.76,0,0
PAYMENT,22047.25,C527701229,71755.0,49707.75,M1061358923,0.0,0.0,0,0
CASH_IN,126373.97,C383088881,29312532.39,29438906.36,C2137695234,307458.99,181085.02,0,0
PAYMENT,15958.46,C1828538841,19871.0,3912.54,M171737689,0.0,0.0,0,0
CASH_OUT,237186.14,C1018177737,0.0,0.0,C268441953,742756.99,979943.13,0,0
PAYMENT,5608.25,C773989459,11459.0,5850.75,M827561432,0.0,0.0,0,0
PAYMENT,2900.95,C870643271,34235.64,31334.7,M697513492,0.0,0.0,0,0
CASH_OUT,134140.1,C1151514974,20196.0,0.0,C1998977546,0.0,134140.1,0,0
CASH_IN,98937.27,C947541206,2573221.25,2672158.51,C2135948178,3920951.44,3822014.18,0,0
PAYMENT,9064.58,C125128270,0.0,0.0,M1706518263,0.0,0.0,0,0
CASH_OUT,389163.81,C362117858,0.0,0.0,C1293386771,612346.7,1001510.51,0,0
CASH_OUT,262185.47,C439357386,0.0,0.0,C738046191,265376.27,527561.74,0,0
CASH_OUT,244751.63,C847004121,0.0,0.0,C252760149,4765112.68,5009864.31,0,0
CASH_OUT,139891.87,C552869357,0.0,0.0,C180008525,1644779.23,1784671.11,0,0
CASH_IN,169485.49,C1125703461,190779.0,360264.49,C2063836203,242702.18,73216.69,0,0
TRANSFER,1247247.88,C1064556968,63283.91,0.0,C870098425,1419021.54,2666269.42,0,0
PAYMENT,1350.58,C18177265,9082.82,7732.24,M2103235579,0.0,0.0,0,0
PAYMENT,8119.84,C594856338,0.0,0.0,M1901690122,0.0,0.0,0,0
CASH_OUT,242258.2,C538377233,0.0,0.0,C1565334436,380632.46,622890.66,0,0
PAYMENT,3402.2,C234740051,27522.0,24119.8,M702215330,0.0,0.0,0,0
CASH_OUT,436699.99,C803670904,0.0,0.0,C1586482202,467714.52,904414.51,0,0
CASH_OUT,317518.36,C686083076,0.0,0.0,C11967243,376258.0,693776.37,0,0
PAYMENT,4722.67,C1214061225,0.0,0.0,M1582995065,0.0,0.0,0,0
CASH_OUT,92504.76,C1074136870,0.0,0.0,C1855697797,1751721.82,1844226.58,0,0
TRANSFER,231344.4,C1702543598,0.0,0.0,C1722143474,2754685.77,2986030.16,0,0
CASH_OUT,136438.39,C2146085994,49762.0,0.0,C2007434174,169470.52,305908.91,0,0
PAYMENT,3091.46,C1368779964,60199.0,57107.54,M520794551,0.0,0.0,0,0
CASH_OUT,81874.88,C813996422,0.0,0.0,C79002675,174567.62,256442.5,0,0
PAYMENT,8778.18,C1354653869,0.0,0.0,M1884452846,0.0,0.0,0,0
PAYMENT,10199.04,C367826764,0.0,0.0,M1503396673,0.0,0.0,0,0
CASH_IN,77223.57,C624382224,838.0,78061.57,C1438993545,0.0,0.0,0,0
PAYMENT,32164.69,C1316247245,129425.38,97260.69,M2080180019,0.0,0.0,0,0
TRANSFER,354413.21,C669363037,0.0,0.0,C326176500,4194362.81,4548776.01,0,0
CASH_IN,79725.33,C1950655249,5764213.82,5843939.15,C210397122,501496.53,421771.2,0,0
TRANSFER,355197.01,C1716147295,0.0,0.0,C661204196,1251825.3,1607022.31,0,0
CASH_OUT,40274.93,C499643730,0.0,0.0,C1433123115,236713.64,276988.57,0,0
CASH_IN,435830.95,C1160285440,24875.0,460705.95,C1495232387,48788.5,0.0,0,0
CASH_IN,179176.3,C1645165584,30307.32,209483.62,C13669154,656972.04,477795.74,0,0
TRANSFER,338095.28,C184563169,0.0,0.0,C1201202189,1417657.46,1755752.75,0,0
PAYMENT,14786.62,C750084498,10077.0,0.0,M1965667324,0.0,0.0,0,0
TRANSFER,390101.37,C2145783325,0.0,0.0,C2052678346,929134.97,1319236.35,0,0
PAYMENT,6535.28,C210513131,0.0,0.0,M254024369,0.0,0.0,0,0
CASH_OUT,29882.35,C963572072,273246.42,243364.06,C1042681042,1111061.8,1140944.15,0,0
CASH_IN,320188.6,C18323571,86122.0,406310.6,C1680114418,5277467.28,4957278.68,0,0
CASH_IN,291236.21,C159624835,141.0,291377.21,C2025969589,195217.47,0.0,0,0
PAYMENT,4883.12,C1566628822,105954.0,101070.88,M438268404,0.0,0.0,0,0
CASH_OUT,267865.9,C1189733760,0.0,0.0,C30985978,1134108.98,1401974.88,0,0
CASH_IN,291003.56,C1153985082,83.0,291086.56,C745763186,40797.1,0.0,0,0
PAYMENT,5363.73,C384168148,31391.0,26027.27,M2111903845,0.0,0.0,0,0
CASH_OUT,306890.51,C816333514,11244.02,0.0,C332158730,451764.74,758655.25,0,0
CASH_IN,14746.68,C67063561,2946431.48,2961178.16,C177589295,108083.13,93336.46,0,0
PAYMENT,24235.79,C533102193,0.0,0.0,M1382911634,0.0,0.0,0,0
CASH_OUT,113307.15,C588160766,0.0,0.0,C618653262,2176648.63,2289955.78,0,0
PAYMENT,2996.83,C1335669290,0.0,0.0,M663221179,0.0,0.0,0,0
PAYMENT,1632.96,C2137226538,0.0,0.0,M435466141,0.0,0.0,0,0
CASH_OUT,106147.43,C630889600,0.0,0.0,C222449497,1694962.13,1801109.56,0,0
PAYMENT,29215.71,C1938551626,55181.0,25965.29,M519374527,0.0,0.0,0,0
CASH_OUT,53198.13,C134662154,0.0,0.0,C1641631481,80308.57,133506.71,0,0
PAYMENT,33137.6,C2016786978,182573.0,149435.4,M2037457961,0.0,0.0,0,0
CASH_IN,219211.82,C1067747309,18485.0,237696.82,C641900456,0.0,0.0,0,0
CASH_IN,99371.37,C262098331,1347748.98,1447120.34,C266912553,11406276.72,11306905.36,0,0
CASH_IN,12157.08,C1459657946,92964.0,105121.08,C20587119,2674070.17,2661913.08,0,0
PAYMENT,13160.33,C1241638335,349541.73,336381.4,M81505266,0.0,0.0,0,0
CASH_IN,143421.11,C1237866606,42189.0,185610.11,C1757598361,0.0,0.0,0,0
CASH_IN,50232.24,C753400179,2800082.33,2850314.57,C2108655579,1916135.53,1865903.3,0,0
CASH_IN,166396.71,C1191641729,20416.0,186812.71,C377207092,42648.43,0.0,0,0
PAYMENT,8842.47,C1749778848,31650.0,22807.53,M1182332746,0.0,0.0,0,0
PAYMENT,9714.26,C813149892,0.0,0.0,M1724466897,0.0,0.0,0,0
CASH_OUT,17089.31,C761205989,11403.0,0.0,C19043822,0.0,17089.31,0,0
PAYMENT,6658.29,C1647150657,0.0,0.0,M625437947,0.0,0.0,0,0
PAYMENT,19017.6,C798750369,349808.33,330790.72,M298822457,0.0,0.0,0,0
CASH_IN,200550.18,C1270742141,3650209.2,3850759.39,C1732747989,215582.58,15032.39,0,0
PAYMENT,16797.27,C1519579736,28632.96,11835.69,M1621551194,0.0,0.0,0,0
DEBIT,7498.57,C721119850,312.0,0.0,C304525728,3178107.72,3185606.29,0,0
CASH_IN,277094.25,C812528882,7703971.47,7981065.72,C901338773,766190.18,489095.93,0,0
PAYMENT,38088.7,C481718063,235250.55,197161.85,M1095624496,0.0,0.0,0,0
CASH_OUT,389322.92,C236387158,0.0,0.0,C772612782,4744496.47,5133819.39,0,0
TRANSFER,214672.61,C499269364,0.0,0.0,C208490535,2776805.7,2991478.31,0,0
CASH_IN,332454.45,C1723591383,69305.0,401759.45,C2143693189,5815178.5,5482724.05,0,0
CASH_OUT,582615.17,C1534402219,0.0,0.0,C1967975832,626624.96,1209240.13,0,0
CASH_IN,70282.22,C693662030,10099.0,80381.22,C281185816,14747.44,0.0,0,0
PAYMENT,11800.1,C1784394794,358372.93,346572.82,M1535497501,0.0,0.0,0,0
CASH_IN,171761.07,C864669351,9331681.38,9503442.45,C1245609030,2232836.48,2051852.69,0,0
CASH_OUT,254099.99,C1313563366,10169.0,0.0,C244767361,2368570.37,2875059.59,0,0
PAYMENT,2004.62,C2033022049,242902.93,240898.31,M500919393,0.0,0.0,0,0
TRANSFER,386731.18,C1092375039,51477.0,0.0,C453452152,82006.49,374173.53,0,0
CASH_OUT,230566.67,C1446496473,0.0,0.0,C1495567837,969771.21,1200337.88,0,0
PAYMENT,18799.42,C1876086342,274832.78,256033.36,M2103065930,0.0,0.0,0,0
CASH_OUT,217892.1,C1362176524,0.0,0.0,C1362169663,517548.26,735440.37,0,0
PAYMENT,39596.77,C618838191,0.0,0.0,M938620340,0.0,0.0,0,0
PAYMENT,24408.48,C829470945,90574.14,66165.65,M1460289460,0.0,0.0,0,0
CASH_IN,29011.48,C67248193,101310.0,130321.48,C1963017398,0.0,0.0,0,0
CASH_OUT,81147.1,C373719635,50915.95,0.0,C227318024,7692849.27,7773996.37,0,0
PAYMENT,29580.51,C170713741,319078.57,289498.06,M690006517,0.0,0.0,0,0
CASH_OUT,707690.41,C1476729185,74744.0,0.0,C1529305999,54801.01,762491.42,0,0
CASH_OUT,78739.58,C1578676017,100815.0,22075.42,C441089104,6233431.76,6312171.34,0,0
PAYMENT,4765.53,C1835195671,120043.53,115277.99,M299409360,0.0,0.0,0,0
CASH_OUT,184156.0,C1115047737,51165.0,0.0,C2090418824,1032159.46,1048726.54,0,0
PAYMENT,30968.82,C1661252437,0.0,0.0,M977265792,0.0,0.0,0,0
PAYMENT,10159.94,C86075568,140638.08,130478.14,M2046520510,0.0,0.0,0,0
PAYMENT,3434.65,C1506120865,491547.0,488112.35,M1901653485,0.0,0.0,0,0
CASH_OUT,374817.5,C1834106066,46401.0,0.0,C1195647993,0.0,374817.5,0,0
PAYMENT,7858.55,C1782150240,9930.0,2071.45,M1818217561,0.0,0.0,0,0
PAYMENT,6076.74,C1062667260,0.0,0.0,M91973122,0.0,0.0,0,0
CASH_IN,237368.75,C1075332094,11473862.44,11711231.19,C1084807800,9691051.64,9453682.89,0,0
CASH_IN,71513.51,C1220677439,579507.85,651021.37,C1128797666,373077.37,301563.86,0,0
CASH_OUT,220681.45,C1842781381,70129.0,0.0,C1619574897,0.0,220681.45,0,0
CASH_OUT,412352.82,C315869896,0.0,0.0,C940838020,637809.87,1050162.69,0,0
PAYMENT,4015.38,C1516362155,44704.0,40688.62,M2116766583,0.0,0.0,0,0
PAYMENT,8559.76,C1461222797,10277.0,1717.24,M1451883314,0.0,0.0,0,0
CASH_IN,210131.7,C2137631702,10345929.65,10556061.36,C1721944295,2943268.59,2733136.89,0,0
PAYMENT,15524.01,C1182746581,0.0,0.0,M634927540,0.0,0.0,0,0
CASH_IN,79516.69,C319823719,5006.0,84522.69,C756275677,0.0,0.0,0,0
CASH_OUT,343809.13,C1120599818,82493.0,0.0,C490037190,831285.87,1175095.0,0,0
CASH_OUT,130005.09,C343920858,0.0,0.0,C13058207,1002452.89,1132457.98,0,0
PAYMENT,32482.02,C2058392155,60688.0,28205.98,M1574441312,0.0,0.0,0,0
CASH_IN,49751.75,C269887755,202514.0,252265.75,C644824748,10738178.19,10688426.44,0,0
CASH_OUT,395925.24,C1535247294,0.0,0.0,C1629352582,2531884.48,2927809.71,0,0
CASH_IN,257105.98,C407199161,59986.0,317091.98,C1068373003,0.0,0.0,0,0
CASH_OUT,81228.34,C706192629,11623.0,0.0,C1946881915,0.0,81228.34,0,0
DEBIT,1356.51,C980872275,8017.0,6660.49,C1505118780,2302498.9,2303855.41,0,0
CASH_OUT,24887.99,C155468289,30024.0,5136.01,C1044280129,2147703.78,2172591.76,0,0
CASH_OUT,232328.05,C1951417503,528216.0,295887.95,C1326975777,197.0,327914.79,0,0
CASH_IN,155368.37,C558822417,26449.0,181817.37,C135017972,595428.99,440060.62,0,0
CASH_OUT,94052.86,C954422432,6339.0,0.0,C1855948496,1254200.71,1348253.57,0,0
PAYMENT,13309.74,C923233848,30668.0,17358.26,M2031666256,0.0,0.0,0,0
CASH_OUT,40946.15,C1248403294,333796.38,292850.23,C1690488772,1240232.27,1281178.42,0,0
CASH_IN,57447.23,C980853975,3091205.5,3148652.73,C243773282,241597.64,184150.4,0,0
PAYMENT,3831.76,C1725360075,0.0,0.0,M137730109,0.0,0.0,0,0
PAYMENT,17042.1,C773135010,10297.0,0.0,M694532301,0.0,0.0,0,0
CASH_IN,255164.35,C1572291471,1184224.26,1439388.61,C913068137,4350773.08,4095608.73,0,0
CASH_OUT,53703.07,C590536441,28628.0,0.0,C2094369943,4700295.34,4753998.41,0,0
PAYMENT,4070.28,C1335545657,216507.23,212436.95,M254980998,0.0,0.0,0,0
CASH_IN,196197.35,C767329979,15024.0,211221.35,C1921347711,216568.63,20371.27,0,0
PAYMENT,18461.85,C1195614745,0.0,0.0,M1063302727,0.0,0.0,0,0
CASH_OUT,234510.94,C1643764161,163119.0,0.0,C2133622733,156317.34,390828.28,0,0
PAYMENT,7758.94,C524735220,95440.0,87681.06,M220413523,0.0,0.0,0,0
CASH_OUT,791028.15,C1154942447,2003.0,0.0,C2106661273,764526.67,1555554.82,0,0
PAYMENT,4760.59,C1498039710,0.0,0.0,M392894140,0.0,0.0,0,0
CASH_OUT,206010.5,C1253410038,21187.0,0.0,C1008477789,85344.41,291354.91,0,0
CASH_OUT,251518.24,C2008630928,6015.0,0.0,C1607077439,227954.0,479472.24,0,0
PAYMENT,10909.59,C1847339448,0.0,0.0,M537328267,0.0,0.0,0,0
PAYMENT,22042.88,C341430172,7582.0,0.0,M2118599504,0.0,0.0,0,0
PAYMENT,0.5,C883593792,12774.0,12773.5,M439552290,0.0,0.0,0,0
CASH_OUT,42927.46,C1388236904,99564.0,56636.54,C482245366,0.0,42927.46,0,0
CASH_OUT,93954.01,C846579091,17076.0,0.0,C2101931043,5088761.27,5182715.28,0,0
CASH_OUT,136262.35,C347531192,11063.0,0.0,C1973828244,0.0,136262.35,0,0
CASH_IN,10847.48,C1286738545,1192.0,12039.48,C1982233588,115799.77,104952.29,0,0
CASH_OUT,328320.9,C1986839207,89098.0,0.0,C60701344,179765.93,508086.82,0,0
CASH_OUT,304642.9,C1159356074,0.0,0.0,C1638372110,1915168.32,2219811.22,0,0
PAYMENT,1811.59,C635798721,0.0,0.0,M682596500,0.0,0.0,0,0
PAYMENT,9161.29,C1962886046,14922.0,5760.71,M1320442877,0.0,0.0,0,0
CASH_OUT,152306.46,C282880342,10413.0,0.0,C806667375,1377754.33,1219559.71,0,0
TRANSFER,53622.58,C1393659182,11078.0,0.0,C535425584,450880.17,504502.75,0,0
PAYMENT,23484.75,C1670938330,0.0,0.0,M1365948482,0.0,0.0,0,0
TRANSFER,639610.04,C1723838070,31184.0,0.0,C1316283290,2022589.8,2662199.84,0,0
PAYMENT,17951.02,C1902539871,594.0,0.0,M1795952922,0.0,0.0,0,0
CASH_OUT,113454.77,C1667812431,2019.0,0.0,C1899347254,4847794.02,4961248.79,0,0
TRANSFER,1137598.33,C714300303,323986.0,0.0,C791342998,3931934.67,5069533.0,0,0
CASH_OUT,193664.28,C280896469,0.0,0.0,C927239048,2676666.44,2870330.72,0,0
CASH_OUT,240635.75,C1931316579,158749.0,0.0,C1967722026,1346143.57,1971034.75,0,0
PAYMENT,17365.84,C1916386740,11779.0,0.0,M1383992064,0.0,0.0,0,0
CASH_IN,126468.97,C2048995795,200913.0,327381.97,C1902452144,2129848.77,2003379.79,0,0
CASH_IN,12208.07,C391094178,7774262.28,7786470.35,C515576271,3236735.44,3224527.38,0,0
CASH_OUT,287487.83,C618903133,0.0,0.0,C455051099,559780.36,847268.19,0,0
PAYMENT,13322.13,C1094814287,172505.39,159183.26,M293624528,0.0,0.0,0,0
CASH_IN,36600.71,C575684767,11980627.54,12017228.25,C538203812,590055.11,553454.39,0,0
CASH_OUT,92086.75,C1784282458,0.0,0.0,C1330106945,95875.05,187961.8,0,0
CASH_IN,79937.77,C204608299,67446.0,147383.77,C1225987719,158189.55,78251.78,0,0
CASH_OUT,151102.1,C1499283076,215.0,0.0,C169756478,536329.97,687432.07,0,0
CASH_IN,171626.84,C1883818675,12461.0,184087.84,C1898288372,2494756.14,2323129.3,0,0
CASH_IN,400451.96,C1214566271,6634901.41,7035353.36,C2027870630,774010.14,373558.18,0,0
TRANSFER,1038101.91,C2056114055,985268.0,0.0,C1477023993,73475.78,1111577.69,0,0
CASH_OUT,244050.1,C408954450,11655.0,0.0,C638692323,545672.58,789722.67,0,0
CASH_IN,105525.54,C112008302,19044527.95,19150053.49,C720253946,123842.31,18316.78,0,0
CASH_OUT,155529.61,C509895054,0.0,0.0,C531125842,1386268.99,1397497.52,0,0
PAYMENT,13978.75,C1810221251,0.0,0.0,M1775448540,0.0,0.0,0,0
PAYMENT,7678.37,C162552854,232718.05,225039.68,M1001738974,0.0,0.0,0,0
PAYMENT,5643.04,C1880233873,10832.0,5188.96,M4564985,0.0,0.0,0,0
CASH_OUT,179600.17,C962950262,0.0,0.0,C458782694,195782.19,132324.91,0,0
CASH_OUT,374562.89,C1472256688,37301.0,0.0,C1697217302,578314.49,952877.38,0,0
CASH_OUT,404345.68,C1278670784,0.0,0.0,C11718351,3435332.35,3839678.04,0,0
CASH_IN,47938.05,C285737939,2412033.45,2459971.5,C1458561771,2461938.62,2414000.58,0,0
CASH_OUT,60193.77,C836916773,105188.0,44994.23,C777465664,0.0,60193.77,0,0
PAYMENT,3163.06,C1074767505,40136.0,36972.94,M1479239529,0.0,0.0,0,0
CASH_OUT,339649.58,C1634869234,854677.0,515027.42,C1181957761,34701.05,374350.64,0,0
CASH_OUT,185828.5,C396254152,0.0,0.0,C2025874011,383421.7,569250.2,0,0
PAYMENT,1518.84,C738878163,63251.0,61732.16,M509052372,0.0,0.0,0,0
CASH_OUT,197329.25,C950650322,18959.0,0.0,C1758020730,3122514.56,3319843.81,0,0
PAYMENT,44486.29,C1725181552,0.0,0.0,M1998610142,0.0,0.0,0,0
CASH_IN,116226.8,C1738185541,19997.0,136223.8,C2003549246,91609.59,0.0,0,0
CASH_IN,43169.8,C642022204,34203.0,77372.8,C387100527,166623.55,123453.75,0,0
CASH_OUT,583117.89,C1793599411,30113.0,0.0,C1693590453,35610.3,618728.19,0,0
CASH_IN,19060.94,C1475950588,142033.43,161094.37,C881603046,201549.55,182488.61,0,0
PAYMENT,1019.77,C2078652609,98640.57,97620.8,M1579263798,0.0,0.0,0,0
CASH_OUT,94477.48,C1797747994,142.0,0.0,C2523193,35795.43,130272.9,0,0
PAYMENT,17742.88,C1187468111,244807.09,227064.22,M530594972,0.0,0.0,0,0
PAYMENT,20238.52,C1615609678,5631.0,0.0,M33744900,0.0,0.0,0,0
CASH_OUT,124763.77,C1351283180,0.0,0.0,C952610115,278135.86,419116.75,0,0
CASH_OUT,153550.96,C16121426,0.0,0.0,C374325105,673728.39,827279.35,0,0
PAYMENT,11727.74,C1665937467,0.0,0.0,M1544480725,0.0,0.0,0,0
PAYMENT,9979.26,C1171104651,74869.0,64889.74,M1562992938,0.0,0.0,0,0
CASH_OUT,384791.46,C807239290,0.0,0.0,C966101598,757429.98,1142221.44,0,0
PAYMENT,19295.67,C2033544697,357290.04,337994.37,M1629335135,0.0,0.0,0,0
CASH_OUT,258798.44,C1667114143,68340.0,0.0,C1725698531,202839.5,401874.63,0,0
CASH_OUT,123398.22,C1549894655,0.0,0.0,C508488713,8376682.07,8500080.28,0,0
CASH_OUT,46212.91,C1015779749,0.0,0.0,C1414152328,574216.88,620429.79,0,0
CASH_IN,53536.97,C2072880670,7910250.8,7963787.77,C1926552076,354621.0,301084.03,0,0
CASH_IN,118297.12,C171870197,477221.35,595518.46,C997656391,0.0,0.0,0,0
CASH_OUT,144548.28,C156288074,146762.0,2213.72,C135989989,1231.6,145779.88,0,0
CASH_OUT,93034.37,C1355923269,457.0,0.0,C1249724694,0.0,93034.37,0,0
PAYMENT,17978.73,C1603544890,0.0,0.0,M658400008,0.0,0.0,0,0
TRANSFER,218561.92,C46342277,0.0,0.0,C1117888429,3701615.63,4012207.18,0,0
CASH_IN,267231.21,C1697232155,845077.46,1112308.67,C821788049,3414034.26,3146803.05,0,0
CASH_OUT,122185.19,C511030463,0.0,0.0,C418218565,201028.04,323213.23,0,0
CASH_IN,64458.35,C1445525621,3187279.63,3251737.98,C958573937,305481.36,241023.0,0,0
CASH_IN,245729.72,C83072902,3589653.63,3835383.34,C1674077443,673651.21,427921.49,0,0
CASH_OUT,77078.53,C1917765737,0.0,0.0,C1904896101,395593.89,472672.42,0,0
CASH_IN,192670.08,C1517968510,51631.0,244301.08,C1992950379,292779.9,100109.82,0,0
CASH_OUT,177955.12,C1699853485,31085.0,0.0,C261540787,0.0,177955.12,0,0
CASH_OUT,19244.35,C1852510242,0.0,0.0,C1269170267,172448.15,191692.51,0,0
PAYMENT,14385.19,C894524630,0.0,0.0,M1841307141,0.0,0.0,0,0
CASH_IN,18132.51,C1208864883,1309761.67,1327894.18,C1530831790,782352.18,764219.66,0,0
PAYMENT,1849.91,C722905509,0.0,0.0,M198123632,0.0,0.0,0,0
CASH_IN,15066.88,C73307081,50349.0,65415.88,C576371103,2038769.64,2023702.75,0,0
CASH_IN,264155.82,C612424152,57601.88,321757.7,C1491162648,362168.43,98012.62,0,0
PAYMENT,5.27,C462890750,124242.26,124236.99,M1424215571,0.0,0.0,0,0
PAYMENT,1951.67,C1053734433,0.0,0.0,M1437902896,0.0,0.0,0,0
CASH_OUT,331010.31,C1031085866,38105.0,0.0,C875910765,5007868.3,5338878.6,0,0
PAYMENT,55291.17,C1214174980,0.0,0.0,M842968145,0.0,0.0,0,0
CASH_OUT,44036.03,C1832813878,0.0,0.0,C1695837754,9370137.26,9414173.29,0,0
CASH_OUT,11791.51,C1044165664,0.0,0.0,C340234750,573346.69,585138.2,0,0
PAYMENT,22463.98,C1039009816,0.0,0.0,M637346378,0.0,0.0,0,0
CASH_IN,57866.34,C1224870454,170695.28,228561.62,C1131441961,1121725.73,1063859.39,0,0
CASH_OUT,55401.67,C609902151,0.0,0.0,C40116796,247448.52,302850.19,0,0
PAYMENT,6723.87,C2031316004,100843.81,94119.94,M2026794754,0.0,0.0,0,0
CASH_IN,352758.46,C1430502583,143291.96,496050.42,C2117924870,6802760.71,6450002.25,0,0
PAYMENT,2004.1,C475608325,177786.51,175782.42,M552493196,0.0,0.0,0,0
PAYMENT,7788.13,C1712240271,99868.0,92079.87,M1877272607,0.0,0.0,0,0
CASH_OUT,19326.95,C1443906726,24017.0,4690.05,C645853213,97490.77,116817.72,0,0
CASH_IN,131003.38,C1862916376,35163.0,166166.38,C2120768228,152698.12,21694.75,0,0
CASH_IN,170044.94,C1884666458,12568.0,182612.94,C383839277,14893748.05,14723703.1,0,0
TRANSFER,944875.79,C469041450,0.0,0.0,C582380761,2006797.84,2951673.63,0,0
PAYMENT,2285.13,C2002182082,15805.83,13520.7,M364772035,0.0,0.0,0,0
CASH_IN,46480.19,C71719436,6017.0,52497.19,C1329345784,0.0,0.0,0,0
CASH_OUT,167202.54,C1763274122,175164.0,7961.46,C2140450868,39953.83,207156.38,0,0
PAYMENT,33235.9,C1683418414,0.0,0.0,M1678964997,0.0,0.0,0,0
CASH_IN,400721.25,C495415828,3160321.49,3561042.74,C838352386,2824696.36,2423975.11,0,0
PAYMENT,18120.99,C1508486119,0.0,0.0,M952827309,0.0,0.0,0,0
CASH_IN,380007.51,C60528798,3780.0,383787.51,C542891263,1998338.73,1618331.23,0,0
CASH_IN,210973.3,C1789982270,1273561.24,1484534.54,C1105287314,10561878.53,10350905.22,0,0
CASH_OUT,59272.27,C149427005,0.0,0.0,C808388278,2299487.75,2358760.03,0,0
PAYMENT,4820.82,C1712557127,0.0,0.0,M961827743,0.0,0.0,0,0
CASH_IN,234386.74,C1449516880,3623511.01,3857897.76,C1640153538,486883.67,252496.93,0,0
PAYMENT,7076.12,C1648338485,6127.0,0.0,M1400593066,0.0,0.0,0,0
CASH_IN,58751.92,C2078300412,72054.0,130805.92,C1154103164,4854173.09,4795421.17,0,0
TRANSFER,388799.07,C1752166150,0.0,0.0,C1619490345,4370881.86,4629228.46,0,0
CASH_IN,123424.12,C1557763352,79687.0,203111.12,C932398101,342984.05,219559.94,0,0
PAYMENT,20294.2,C285214798,0.0,0.0,M1615078381,0.0,0.0,0,0
PAYMENT,9433.66,C1836968410,50726.0,41292.34,M762460845,0.0,0.0,0,0
CASH_IN,285949.95,C594489624,1832547.18,2118497.12,C1060102382,1348852.48,1062902.53,0,0
TRANSFER,367798.71,C696887404,12067.05,0.0,C2035268158,521963.16,889761.88,0,0
PAYMENT,3701.81,C745816543,0.0,0.0,M1964954049,0.0,0.0,0,0
PAYMENT,35065.88,C931466797,138578.54,103512.66,M97350037,0.0,0.0,0,0
CASH_IN,568248.7,C696143110,1178093.57,1746342.27,C109697503,263280.32,0.0,0,0
CASH_IN,120032.74,C555015630,10611.0,130643.74,C1292848225,1048082.6,928049.86,0,0
CASH_OUT,100197.44,C1988661389,0.0,0.0,C132417426,223308.13,180820.35,0,0
PAYMENT,60.53,C1425283446,34797.21,34736.69,M796959394,0.0,0.0,0,0
CASH_OUT,216191.61,C697273726,0.0,0.0,C1837701214,3094452.19,3310643.8,0,0
PAYMENT,28795.09,C1621662978,41750.0,12954.91,M475516206,0.0,0.0,0,0
CASH_IN,94878.78,C1010183670,134044.0,228922.78,C917254164,59868.8,0.0,0,0
CASH_OUT,84742.8,C427928135,138371.0,53628.2,C536127678,2254243.45,2338986.26,0,0
PAYMENT,8168.29,C363668184,31550.0,23381.71,M1226300958,0.0,0.0,0,0
CASH_IN,79242.07,C255042149,99043.0,178285.07,C166609302,1181456.19,1102214.12,0,0
CASH_OUT,50404.61,C256106868,0.0,0.0,C185955401,179680.42,230085.03,0,0
CASH_IN,8075.45,C603326622,2147119.6,2155195.05,C2067935362,5793854.1,5785778.65,0,0
CASH_OUT,139605.57,C983638868,26090.0,0.0,C1674786280,1637101.09,1904931.68,0,0
CASH_OUT,204070.66,C132702913,501696.0,297625.34,C1884234824,0.0,204070.66,0,0
CASH_IN,239932.11,C1223780905,3920596.06,4160528.16,C648381699,439549.07,199616.96,0,0
CASH_IN,431022.59,C1599557117,11985776.8,12416799.39,C1885500809,1453076.6,1022054.01,0,0
PAYMENT,32908.21,C711030221,0.0,0.0,M1743039585,0.0,0.0,0,0
CASH_OUT,79672.22,C1115036534,51779.0,0.0,C2043913497,0.0,79672.22,0,0
CASH_OUT,42348.73,C55887380,11579.0,0.0,C1072269511,0.0,42348.73,0,0
PAYMENT,3640.89,C1346375495,0.0,0.0,M1227204447,0.0,0.0,0,0
CASH_OUT,193859.51,C1173068487,0.0,0.0,C1037974553,533860.83,727720.35,0,0
CASH_IN,112994.77,C1501422717,2815185.05,2928179.83,C971094101,574629.43,461634.66,0,0
PAYMENT,32989.32,C671831618,10542.0,0.0,M878158599,0.0,0.0,0,0
CASH_IN,216743.88,C1971721275,8543733.52,8760477.4,C768427295,2823346.5,2606602.62,0,0
PAYMENT,9237.26,C1678389807,0.0,0.0,M417107438,0.0,0.0,0,0
TRANSFER,580166.83,C958850740,65207.0,0.0,C309074470,581305.29,1161472.12,0,0
CASH_OUT,114825.86,C1931613996,79710.0,0.0,C1914134600,312868.71,427694.57,0,0
CASH_OUT,35462.67,C1063382000,97837.0,62374.33,C278841282,0.0,0.0,0,0
CASH_IN,125628.98,C829748782,5659393.39,5785022.37,C340034911,459046.56,333417.58,0,0
CASH_IN,118116.2,C1803142247,3188798.33,3306914.53,C564985952,2185897.47,2067781.27,0,0
CASH_IN,124627.8,C1171437297,127.0,124754.8,C200647914,0.0,0.0,0,0
CASH_OUT,164965.83,C463170843,3133.0,0.0,C234206107,359007.07,523972.9,0,0
CASH_IN,241210.14,C1295527440,20314039.9,20555250.04,C939139570,358229.26,117019.12,0,0
PAYMENT,8966.24,C1100733431,27240.0,18273.76,M1921333776,0.0,0.0,0,0
PAYMENT,5874.6,C1410634544,21530.0,15655.4,M104467610,0.0,0.0,0,0
CASH_OUT,74637.54,C617771790,0.0,0.0,C766804591,9475982.28,9550619.82,0,0
PAYMENT,3469.48,C562522364,0.0,0.0,M1517903075,0.0,0.0,0,0
TRANSFER,280553.37,C1183641208,0.0,0.0,C773557938,827036.49,1107589.85,0,0
CASH_OUT,94181.48,C548248657,0.0,0.0,C971258171,351464.18,445645.67,0,0
CASH_IN,48722.38,C1637312893,14124859.39,14173581.77,C289465131,211628.38,162906.0,0,0
PAYMENT,31512.98,C1164989116,0.0,0.0,M1090998583,0.0,0.0,0,0
TRANSFER,2725131.89,C1357947016,414251.26,0.0,C938589007,0.0,2725131.89,0,0
CASH_OUT,109903.8,C1018205737,51660.0,0.0,C936179217,0.0,109903.8,0,0
CASH_OUT,4457.98,C783768290,0.0,0.0,C1302803707,10605870.72,10610328.7,0,0
PAYMENT,13203.26,C2128584298,136.42,0.0,M25625750,0.0,0.0,0,0
CASH_OUT,235416.4,C1671994551,0.0,0.0,C1572541179,60747.1,296163.51,0,0
PAYMENT,6967.82,C820820513,18161.0,11193.18,M1281922917,0.0,0.0,0,0
CASH_OUT,74871.24,C156851866,6070.0,0.0,C1889953824,121454.09,195377.78,0,0
CASH_OUT,42038.6,C707525956,0.0,0.0,C1699932730,1333161.42,1375200.03,0,0
CASH_OUT,1934.69,C1797709113,0.0,0.0,C1188520506,590775.17,361904.19,0,0
CASH_OUT,206299.84,C563194305,0.0,0.0,C1762099168,557104.49,763404.32,0,0
TRANSFER,1771143.38,C289235751,52519.0,0.0,C1122907248,234434.47,2005577.85,0,0
CASH_OUT,417521.42,C721208999,0.0,0.0,C712956349,517987.07,1586820.55,0,0
CASH_OUT,143504.09,C636948044,4249.0,0.0,C1698803694,0.0,143504.09,0,0
CASH_IN,300857.65,C115751991,3208140.31,3508997.97,C967590839,6633782.55,6332924.9,0,0
PAYMENT,9747.78,C152244457,12369.0,2621.22,M829818920,0.0,0.0,0,0
CASH_OUT,73934.92,C1261731432,163264.0,89329.08,C99058282,0.0,73934.92,0,0
PAYMENT,13005.17,C822632064,20646.0,7640.83,M1915582169,0.0,0.0,0,0
PAYMENT,7049.93,C1137407748,0.0,0.0,M204228938,0.0,0.0,0,0
CASH_OUT,153513.79,C852046172,21448.0,0.0,C1546638337,0.0,153513.79,0,0
CASH_IN,218207.22,C245164925,3475084.32,3693291.54,C706804135,1252075.71,1033868.48,0,0
CASH_OUT,291375.25,C79567649,58194.07,0.0,C142661653,601728.29,1209034.74,0,0
CASH_OUT,265606.03,C1759603536,45829.0,0.0,C1389403664,263812.94,529418.97,0,0
CASH_IN,117646.02,C882815792,19895.0,137541.02,C107218995,0.0,0.0,0,0
CASH_IN,206367.42,C1174330328,111224.0,317591.42,C1962328207,2014.0,0.0,0,0
PAYMENT,23697.03,C1184570101,0.0,0.0,M2104747521,0.0,0.0,0,0
CASH_OUT,178779.44,C1682391735,10390.0,0.0,C623717997,0.0,303817.3,0,0
PAYMENT,8235.88,C1242684614,5117.0,0.0,M2048415878,0.0,0.0,0,0
TRANSFER,1668597.49,C1043936352,206733.0,0.0,C948296590,495782.74,2164380.24,0,0
CASH_IN,252805.68,C125180427,28588492.34,28841298.03,C1649054487,397222.78,144417.09,0,0
CASH_OUT,146702.46,C149844412,5704.0,0.0,C386764849,96400.7,243103.16,0,0
CASH_IN,105208.89,C881309226,1302264.04,1407472.93,C948354603,752316.56,647107.67,0,0
CASH_IN,12147.15,C1516788147,3311341.48,3323488.63,C592593207,3634330.24,3461919.43,0,0
PAYMENT,11074.25,C1797815491,583.0,0.0,M1993013633,0.0,0.0,0,0
CASH_IN,184415.65,C791696911,21094738.56,21279154.22,C1648892764,345459.58,161043.93,0,0
PAYMENT,8858.73,C366696879,30.0,0.0,M1412045904,0.0,0.0,0,0
TRANSFER,550416.65,C84093407,30335.0,0.0,C37443850,0.0,550416.65,0,0
CASH_OUT,197332.91,C104130030,228.0,0.0,C1023145075,172102.05,369434.96,0,0
CASH_OUT,135387.89,C687690861,49713.0,0.0,C1335559156,0.0,135387.89,0,0
CASH_OUT,283158.28,C506428829,0.0,0.0,C1908595889,1199933.41,1483091.69,0,0
PAYMENT,17211.7,C555722498,11637.0,0.0,M1207761365,0.0,0.0,0,0
PAYMENT,21276.13,C1992362936,2045.0,0.0,M1946016450,0.0,0.0,0,0
CASH_OUT,47928.61,C13981305,102286.0,54357.39,C1546716958,408001.62,455930.23,0,0
CASH_OUT,43529.11,C1720132689,0.0,0.0,C1022805175,853424.47,896953.58,0,0
CASH_IN,113715.76,C1994483666,2218493.83,2332209.59,C840360992,123048.81,9333.05,0,0
CASH_IN,338737.15,C462268563,32131.0,370868.15,C909560482,85109.28,0.0,0,0
CASH_IN,355819.52,C1815543667,4874453.09,5230272.61,C1293789504,3272091.22,2916271.7,0,0
PAYMENT,10452.98,C324714059,68050.0,57597.02,M1704628380,0.0,0.0,0,0
TRANSFER,735995.44,C1118329008,0.0,0.0,C361171648,3456439.31,4192434.75,0,0
CASH_IN,192112.66,C2060173486,7331737.91,7523850.57,C134203156,551648.15,359535.49,0,0
PAYMENT,5984.55,C99893676,52710.0,46725.45,M1367113453,0.0,0.0,0,0
CASH_IN,268049.86,C697048944,721116.39,989166.25,C73026236,2458690.75,2190640.88,0,0
CASH_OUT,128171.27,C1758274536,0.0,0.0,C1610506434,259495.22,387666.49,0,0
CASH_IN,200901.32,C457431236,51128.0,252029.32,C1742797457,0.0,0.0,0,0
CASH_OUT,259692.77,C452486499,172328.97,0.0,C1356712696,3276461.78,3536154.56,0,0
PAYMENT,1795.78,C1521651638,151046.31,149250.52,M371903590,0.0,0.0,0,0
CASH_OUT,68865.68,C758174939,0.0,0.0,C1340465257,6153187.53,6222053.21,0,0
CASH_IN,118835.34,C1109646627,10010.0,128845.34,C1576521261,95244.71,0.0,0,0
CASH_OUT,232809.18,C1384109509,63725.0,0.0,C552716525,0.0,232809.18,0,0
PAYMENT,209.51,C1753303967,0.0,0.0,M2086810429,0.0,0.0,0,0
CASH_IN,41644.34,C416399519,16406588.75,16448233.09,C1268946735,56535.93,14891.59,0,0
CASH_OUT,259873.85,C7975013,227148.0,0.0,C24596231,4962.67,264836.52,0,0
CASH_OUT,44356.76,C687646692,52109.0,7752.24,C1782088671,616627.05,660983.81,0,0
CASH_IN,57086.46,C976919016,381556.72,438643.18,C842661541,137425.05,80338.59,0,0
TRANSFER,604832.54,C548471195,0.0,0.0,C169798908,2887658.15,3492490.69,0,0
CASH_OUT,344272.93,C1154294310,5027.0,0.0,C68996642,0.0,344272.93,0,0
CASH_OUT,38182.62,C1695446102,81320.0,43137.38,C1113391032,12882629.5,12920812.12,0,0
PAYMENT,14492.6,C1850464271,0.0,0.0,M53673645,0.0,0.0,0,0
CASH_IN,175809.82,C143827117,10198667.19,10374477.02,C1481299714,587588.93,411779.11,0,0
CASH_OUT,133874.13,C497149302,0.0,0.0,C1856492436,227331.23,361205.36,0,0
CASH_OUT,348499.83,C1260150428,269.0,0.0,C375230033,0.0,348499.83,0,0
CASH_OUT,157000.07,C702945739,0.0,0.0,C976189423,5172762.42,5329762.49,0,0
CASH_IN,236980.85,C1015960088,915276.57,1152257.41,C1640383759,5782042.01,5545061.16,0,0
CASH_IN,459560.31,C1615068178,23077.0,482637.31,C13860424,1487011.83,1027451.53,0,0
CASH_IN,21359.71,C424575861,4622621.92,4643981.63,C180279038,28631.03,7271.32,0,0
TRANSFER,452855.95,C352320863,100715.0,0.0,C96246017,428165.91,881021.86,0,0
PAYMENT,19169.82,C518029145,0.0,0.0,M976194049,0.0,0.0,0,0
CASH_OUT,107808.54,C2090756224,10313.0,0.0,C190521527,336437.16,444245.69,0,0
DEBIT,5443.85,C1555119999,0.0,0.0,C1212452936,29046.41,34490.25,0,0
PAYMENT,11241.91,C1505944133,0.0,0.0,M305884811,0.0,0.0,0,0
PAYMENT,17091.5,C967598318,253974.05,236882.55,M1711305713,0.0,0.0,0,0
PAYMENT,12729.8,C562577510,34579.0,21849.2,M653271224,0.0,0.0,0,0
PAYMENT,7539.68,C1518637775,0.0,0.0,M2121376614,0.0,0.0,0,0
CASH_OUT,33706.91,C520158976,567904.92,534198.01,C1639123409,776277.74,809984.65,0,0
PAYMENT,9689.12,C770536336,21046.0,11356.88,M1123141410,0.0,0.0,0,0
CASH_OUT,65155.59,C1651113204,23154.0,0.0,C75217213,384614.73,449770.32,0,0
PAYMENT,7452.35,C1532577621,0.0,0.0,M1702332827,0.0,0.0,0,0
CASH_IN,370380.9,C1167566039,6356880.48,6727261.38,C1191364717,3257387.97,2887007.07,0,0
CASH_OUT,283945.85,C1512769042,16357.32,0.0,C269238470,759029.53,1042975.38,0,0
CASH_OUT,289560.79,C67712966,0.0,0.0,C1984552523,2047919.23,2475271.49,0,0
PAYMENT,25580.56,C230884815,465.0,0.0,M624809707,0.0,0.0,0,0
CASH_OUT,127922.03,C972237922,142724.0,14801.97,C1049317200,1445675.4,1573597.42,0,0
CASH_OUT,13206.06,C995031588,318.0,0.0,C1488506556,711757.51,724963.57,0,0
CASH_OUT,322822.78,C432490567,108270.0,0.0,C1729361238,112318.04,435140.82,0,0
TRANSFER,404373.29,C1147427915,0.0,0.0,C771941671,446917.39,851290.68,0,0
PAYMENT,8666.37,C555673944,0.0,0.0,M1808492290,0.0,0.0,0,0
CASH_IN,35130.24,C1925225797,3260386.72,3295516.96,C1958218390,1085990.0,1050859.76,0,0
CASH_IN,56028.82,C1899047336,10559744.36,10615773.18,C1874746787,148559.27,92530.45,0,0
TRANSFER,2692187.22,C355481036,1281.0,0.0,C119731804,2717926.73,5410113.95,0,0
CASH_IN,176244.09,C1974961866,21141.0,197385.09,C263066589,0.0,0.0,0,0
CASH_OUT,619703.96,C432646033,135183.46,0.0,C813337546,1257886.66,1877590.62,0,0
CASH_OUT,182283.46,C2014629581,1144.0,0.0,C777721277,302238.14,484521.6,0,0
CASH_IN,212561.03,C603069549,2000895.17,2213456.21,C2006422130,2169434.84,1956873.81,0,0
PAYMENT,5798.72,C643794381,105181.0,99382.28,M758709120,0.0,0.0,0,0
CASH_OUT,281789.95,C1362557724,35742.0,0.0,C1665672276,2060314.05,2342104.0,0,0
PAYMENT,27847.29,C1437909325,26577.0,0.0,M200039404,0.0,0.0,0,0
PAYMENT,45316.53,C1391909849,0.0,0.0,M614664503,0.0,0.0,0,0
PAYMENT,26064.91,C1134557844,162033.5,135968.59,M1403677271,0.0,0.0,0,0
CASH_OUT,72917.92,C1640730995,0.0,0.0,C1579670246,484226.44,557144.36,0,0
CASH_IN,84558.64,C1762031410,2728066.21,2812624.85,C131278968,544527.54,459968.9,0,0
PAYMENT,12122.6,C2002683422,12891.0,768.4,M406510634,0.0,0.0,0,0
PAYMENT,32724.46,C772416036,25380.25,0.0,M1022119495,0.0,0.0,0,0
CASH_OUT,92874.53,C789372094,11846.0,0.0,C541878215,372918.01,465792.54,0,0
TRANSFER,794240.79,C1161246119,5049.0,0.0,C1055264897,691734.79,1485975.58,0,0
CASH_IN,200192.2,C1995725242,193.0,200385.2,C1563604269,2713646.36,2513454.16,0,0
CASH_OUT,99960.28,C393561219,369276.46,269316.18,C1194771548,1647385.88,1747346.16,0,0
PAYMENT,5047.44,C930837774,1111953.03,1106905.6,M2004742699,0.0,0.0,0,0
TRANSFER,143329.93,C1746002502,11596.0,0.0,C2137465521,665486.24,808816.17,0,0
PAYMENT,46208.45,C343859578,0.0,0.0,M1195157921,0.0,0.0,0,0
CASH_OUT,20678.75,C834828835,0.0,0.0,C1627378030,564008.14,584686.89,0,0
TRANSFER,361554.92,C1135423789,9921.0,0.0,C802383544,0.0,361554.92,0,0
CASH_IN,244455.34,C799569905,30516.0,274971.34,C17996962,62268.0,54012.07,0,0
PAYMENT,7776.03,C1296771285,1803.0,0.0,M490470230,0.0,0.0,0,0
TRANSFER,139593.77,C1349868802,0.0,0.0,C1611124417,330190.35,469784.12,0,0
CASH_OUT,37273.35,C187308772,33429.0,0.0,C1361994654,0.0,37273.35,0,0
PAYMENT,21819.74,C1841488198,0.0,0.0,M138665281,0.0,0.0,0,0
PAYMENT,907.59,C1017037860,0.0,0.0,M93190699,0.0,0.0,0,0
PAYMENT,5984.15,C253652331,4494.0,0.0,M116157641,0.0,0.0,0,0
PAYMENT,8584.45,C394804227,102735.0,94150.55,M1920129127,0.0,0.0,0,0
PAYMENT,33354.24,C1477794212,6805.24,0.0,M289490905,0.0,0.0,0,0
CASH_IN,49847.58,C923410952,424709.14,474556.73,C730459972,402038.0,352190.42,0,0
CASH_OUT,146157.16,C1797794671,0.0,0.0,C685325315,4691376.82,4837533.98,0,0
PAYMENT,2208.11,C1536578038,30973.0,28764.89,M1979710843,0.0,0.0,0,0
CASH_OUT,135482.15,C1264133376,10513.0,0.0,C125525857,0.0,135482.15,0,0
CASH_OUT,88579.95,C1008000360,14850.0,0.0,C125109680,0.0,88579.95,0,0
CASH_OUT,67042.2,C2004678656,25307.0,0.0,C834490586,0.0,67042.2,0,0
CASH_OUT,490996.22,C904748004,273.0,0.0,C702627850,221615.22,712611.43,0,0
PAYMENT,6424.19,C1429460220,36319.14,29894.96,M64360388,0.0,0.0,0,0
CASH_IN,125192.15,C745458199,170696.0,295888.15,C1773326555,27695.8,0.0,0,0
CASH_IN,645916.9,C1438261340,4976849.28,5622766.18,C1200093970,2025571.33,1379654.43,0,0
PAYMENT,4282.97,C339223279,0.0,0.0,M1010190409,0.0,0.0,0,0
PAYMENT,3107.53,C176735757,0.0,0.0,M77902676,0.0,0.0,0,0
CASH_OUT,134437.14,C1884885250,11509.0,0.0,C44764522,76033.56,210470.69,0,0
TRANSFER,19229.0,C375172975,275.0,0.0,C559736469,57348.57,76577.56,0,0
PAYMENT,16578.5,C2061042044,123975.76,107397.26,M1985142383,0.0,0.0,0,0
CASH_OUT,164394.63,C791140437,45860.0,0.0,C779289835,109459.04,273853.67,0,0
CASH_IN,120758.46,C325745732,21932.0,142690.46,C754026170,989679.77,868921.32,0,0
CASH_OUT,496487.6,C287460320,74101.0,0.0,C1220536537,195217.34,691704.94,0,0
PAYMENT,1829.53,C833213481,159868.66,158039.14,M1813281095,0.0,0.0,0,0
TRANSFER,459400.86,C1519653706,111248.34,0.0,C1611270877,3084234.83,3313702.88,0,0
CASH_IN,86560.41,C13615949,6759846.78,6846407.19,C1320208635,780872.69,694312.28,0,0
PAYMENT,4413.68,C1880059076,20336.0,15922.32,M1396187003,0.0,0.0,0,0
CASH_OUT,565601.33,C741755517,155563.0,0.0,C1583559098,2257304.87,2822906.2,0,0
CASH_OUT,45486.12,C1916872193,16718.0,0.0,C1162618919,4940884.85,4986370.97,0,0
CASH_OUT,79474.94,C508829111,35025.0,0.0,C429287414,445846.2,525321.14,0,0
PAYMENT,7452.83,C1966667265,8772.14,1319.31,M1827135035,0.0,0.0,0,0
TRANSFER,98808.69,C222397829,16847.0,0.0,C2067371644,1168837.15,1267645.83,0,0
PAYMENT,474.55,C405430444,135.0,0.0,M770015025,0.0,0.0,0,0
CASH_IN,204845.76,C651561090,90013.0,294858.76,C798190960,9686568.67,9481722.91,0,0
CASH_OUT,202687.88,C1310614006,0.0,0.0,C1683008353,291796.89,494484.77,0,0
CASH_OUT,197836.47,C472053912,10628.0,0.0,C1838363683,126657.89,324494.36,0,0
CASH_OUT,35010.31,C1587076258,0.0,0.0,C309509835,6783454.57,6818464.88,0,0
CASH_OUT,46275.35,C1985304380,71176.0,24900.65,C2035352829,762732.45,809007.8,0,0
CASH_IN,241529.45,C307822073,181.0,241710.45,C1124468578,102983.62,0.0,0,0
CASH_OUT,263985.43,C1898389060,0.0,0.0,C1748035915,1111716.15,1375701.59,0,0
PAYMENT,7351.1,C164269110,9969.0,2617.9,M710884700,0.0,0.0,0,0
CASH_IN,58577.62,C543670111,157.0,58734.62,C1458634073,818444.5,759866.88,0,0
PAYMENT,13277.64,C693278143,293513.0,280235.36,M2115603494,0.0,0.0,0,0
CASH_IN,277517.37,C1329570958,203609.0,481126.37,C1811840022,1682809.88,1405292.51,0,0
CASH_IN,206405.39,C1597852193,5228016.7,5434422.1,C1803276230,1768114.14,1561708.75,0,0
CASH_OUT,365512.84,C544630073,0.0,0.0,C551217115,2817676.8,3183189.65,0,0
PAYMENT,3709.4,C1128142566,22995.0,19285.6,M1761142497,0.0,0.0,0,0
PAYMENT,2929.77,C236747716,0.0,0.0,M2065820110,0.0,0.0,0,0
PAYMENT,4283.64,C565360420,89205.65,84922.01,M958089268,0.0,0.0,0,0
CASH_OUT,251471.58,C66840973,0.0,0.0,C197781624,2891074.2,3142545.78,0,0
CASH_OUT,256912.18,C1315611843,0.0,0.0,C691722922,730170.65,987082.83,0,0
CASH_IN,147637.57,C371195852,3997702.33,4145339.9,C2144597437,2428110.49,2280472.91,0,0
TRANSFER,259937.65,C773465721,0.0,0.0,C303767958,3310599.37,3570537.01,0,0
PAYMENT,4626.88,C561278750,86711.0,82084.12,M1227445923,0.0,0.0,0,0
TRANSFER,1029244.25,C1367915629,0.0,0.0,C1383235514,4513375.06,5542619.31,0,0
CASH_OUT,253131.26,C1994965854,188.0,0.0,C1966478238,24177.57,277308.83,0,0
TRANSFER,602931.18,C1704579069,0.0,0.0,C82626893,838324.89,1441256.07,0,0
CASH_OUT,126043.68,C121223034,118923.0,0.0,C557683888,213899.73,339943.42,0,0
CASH_OUT,227181.43,C677799637,45085.0,0.0,C718603843,0.0,227181.43,0,0
CASH_OUT,62178.12,C316667080,23460.0,0.0,C23563693,0.0,478478.46,0,0
CASH_OUT,289210.74,C3172244,10360.0,0.0,C1454203079,341171.39,630382.13,0,0
CASH_OUT,202842.94,C1125638820,0.0,0.0,C131664000,810295.61,1013138.55,0,0
DEBIT,258.02,C2101465347,9922.83,9664.81,C1565405414,644799.81,645057.83,0,0
TRANSFER,1167466.77,C1344365870,0.0,0.0,C1541192384,3227658.97,4395125.74,0,0
PAYMENT,12870.08,C1824435742,0.0,0.0,M951067314,0.0,0.0,0,0
CASH_IN,125684.44,C2066796222,866303.9,991988.34,C887333294,6967583.73,6841899.29,0,0
TRANSFER,310167.34,C1046232989,0.0,0.0,C1351401567,771960.26,842115.05,0,0
CASH_IN,165932.96,C854470557,6536738.0,6702670.96,C1036755957,252298.56,86365.6,0,0
DEBIT,37043.98,C1239872626,20523.0,0.0,C1155490551,127311.25,164355.23,0,0
PAYMENT,11446.63,C1863619810,21219.0,9772.37,M1297572319,0.0,0.0,0,0
CASH_OUT,178728.11,C391602586,0.0,0.0,C1058921154,2588370.17,2767098.28,0,0
CASH_OUT,164128.43,C798200628,0.0,0.0,C2033245981,494695.87,658824.31,0,0
CASH_OUT,288015.78,C2096087021,0.0,0.0,C137662923,337517.04,625532.82,0,0
CASH_OUT,323447.59,C175583574,0.0,0.0,C2059962142,5716080.03,6039527.62,0,0
PAYMENT,12750.21,C1766938515,0.0,0.0,M343239412,0.0,0.0,0,0
CASH_OUT,1614.93,C823948918,98608.0,96993.07,C1390303409,157272.73,158887.65,0,0
CASH_OUT,37605.78,C1970920747,11490.0,0.0,C852520643,713922.29,993322.37,0,0
CASH_IN,243848.47,C249339327,104960.0,348808.47,C1941852520,2573502.21,2329653.74,0,0
PAYMENT,4641.11,C1719734143,19156.72,14515.61,M1368885262,0.0,0.0,0,0
CASH_IN,117030.45,C1391071939,623403.79,740434.24,C1591480301,1858421.64,1741391.19,0,0
CASH_IN,135061.16,C961912938,378348.96,513410.11,C1386504530,317259.49,182198.34,0,0
CASH_OUT,390139.6,C222199345,473432.0,83292.4,C172798660,2469868.66,2860008.26,0,0
CASH_IN,413340.71,C689079241,5017705.54,5431046.25,C1570090451,6581444.92,6168104.21,0,0
CASH_IN,98911.22,C1415357206,29082.0,127993.22,C1807071649,80614.26,0.0,0,0
TRANSFER,175118.0,C1948007204,55131.0,0.0,C2126539447,231481.03,406599.03,0,0
TRANSFER,542030.4,C322645754,0.0,0.0,C897385553,2334163.33,2876193.74,0,0
CASH_IN,218900.56,C979465145,264158.56,483059.12,C1178388156,5649488.98,5430588.42,0,0
CASH_IN,182255.03,C784990734,304294.0,486549.03,C1009096314,40160.49,0.0,0,0
CASH_IN,272794.72,C1463543894,31487.0,304281.72,C310737318,9450816.09,9178021.36,0,0
CASH_IN,29744.12,C1780674111,441982.14,471726.27,C1547763945,456274.44,426530.32,0,0
TRANSFER,165535.51,C1059917170,10518.0,0.0,C2078719816,1768079.38,1933614.89,0,0
CASH_IN,65639.2,C4414916,3340989.75,3406628.94,C1267421749,280532.38,214893.19,0,0
PAYMENT,12612.31,C673252439,0.0,0.0,M1000205173,0.0,0.0,0,0
PAYMENT,15923.8,C2086224377,31438.0,15514.2,M895508772,0.0,0.0,0,0
PAYMENT,10781.04,C242613745,0.0,0.0,M860214243,0.0,0.0,0,0
PAYMENT,9162.39,C1495667305,107.0,0.0,M915341967,0.0,0.0,0,0
CASH_OUT,110636.84,C1671659816,5368.93,0.0,C1221955802,496639.79,607276.63,0,0
CASH_IN,47671.22,C1069202172,20718.0,68389.22,C570174880,0.0,0.0,0,0
CASH_OUT,200531.11,C1554951363,0.0,0.0,C1960786025,630637.62,831168.73,0,0
CASH_OUT,145134.64,C641821854,13370.0,0.0,C878440089,159108.16,304242.8,0,0
TRANSFER,181286.27,C1791001309,49956.0,0.0,C1707883486,34145.55,215431.83,0,0
CASH_IN,14187.26,C788388261,1247022.91,1261210.17,C1517831516,390830.69,376643.43,0,0
PAYMENT,12013.7,C1724152975,0.0,0.0,M1878304564,0.0,0.0,0,0
PAYMENT,1040.16,C1515585381,0.0,0.0,M1175824527,0.0,0.0,0,0
CASH_OUT,378284.75,C586424600,394175.15,15890.41,C1817279199,677826.02,1056110.77,0,0
TRANSFER,62856.75,C1620631368,50108.0,0.0,C227982305,502547.23,565403.98,0,0
CASH_IN,163595.07,C1482776515,2007493.55,2171088.62,C1193921525,180542.48,0.0,0,0
PAYMENT,24719.49,C33335561,101043.0,76323.51,M512335030,0.0,0.0,0,0
CASH_OUT,262178.53,C1605270433,30703.0,0.0,C1250871475,1265735.78,1527914.31,0,0
CASH_OUT,114877.45,C1061762082,0.0,0.0,C1289347116,284387.95,399265.4,0,0
TRANSFER,317186.97,C462854034,0.0,0.0,C807070067,868215.8,1185402.77,0,0
PAYMENT,1197.9,C2035144847,0.0,0.0,M865929875,0.0,0.0,0,0
PAYMENT,6763.81,C1944336073,0.0,0.0,M1876780014,0.0,0.0,0,0
CASH_OUT,427643.41,C1075243421,0.0,0.0,C411970008,2096032.95,2523676.36,0,0
PAYMENT,21498.14,C1228906870,19343.0,0.0,M2092136092,0.0,0.0,0,0
CASH_IN,195663.61,C334322632,189.0,195852.61,C1228012657,119503.44,0.0,0,0
PAYMENT,2640.5,C819740983,169419.48,166778.98,M1839386599,0.0,0.0,0,0
CASH_IN,141750.93,C1142255048,105106.0,246856.93,C135722698,0.0,0.0,0,0
CASH_OUT,102507.57,C1958701005,0.0,0.0,C1961679728,393165.31,495672.88,0,0
PAYMENT,6148.66,C872016301,159984.99,153836.33,M907665038,0.0,0.0,0,0
CASH_OUT,56270.28,C648478586,0.0,0.0,C985660684,490688.25,546958.53,0,0
CASH_OUT,142544.49,C486703527,0.0,0.0,C1797479765,1095003.71,1237548.21,0,0
PAYMENT,3194.31,C1983533912,15641.0,12446.69,M1375387567,0.0,0.0,0,0
CASH_IN,175040.0,C1227920799,2445743.81,2620783.81,C38384484,209419.09,34379.09,0,0
PAYMENT,32.64,C842636434,142574.24,142541.6,M2036005724,0.0,0.0,0,0
CASH_OUT,28969.72,C1844951701,13567.0,0.0,C202033571,1098811.96,1127781.68,0,0
PAYMENT,15599.59,C1000652478,0.0,0.0,M158206401,0.0,0.0,0,0
CASH_OUT,310227.15,C1924997388,145696.0,0.0,C2034029843,0.0,310227.15,0,0
CASH_IN,162183.14,C1702481339,5165684.15,5327867.28,C1286084959,1540753.5,1378570.36,0,0
CASH_OUT,177203.3,C1696694304,0.0,0.0,C1045241382,1918682.91,2095886.2,0,0
CASH_IN,592.1,C660823739,1384756.77,1385348.87,C696504534,1029767.57,1029175.47,0,0
CASH_OUT,100687.97,C1914506790,10002.0,0.0,C21481493,479122.95,753164.58,0,0
CASH_OUT,12437.0,C843939292,0.0,0.0,C190547509,121045.67,133482.67,0,0
CASH_IN,171349.59,C1671761603,11500.0,182849.59,C1755949650,93535.74,0.0,0,0
CASH_OUT,76457.5,C2054020279,0.0,0.0,C1880698813,349583.14,426040.64,0,0
CASH_IN,143075.42,C1188990992,3612328.91,3755404.33,C316569672,655075.33,511999.91,0,0
CASH_IN,273766.87,C1961811378,16084188.69,16357955.56,C932351706,5292727.46,4810564.59,0,0
TRANSFER,10000000.0,C1626789347,186.0,0.0,C1578801625,48542.89,15179600.55,0,0
PAYMENT,14559.62,C1374036637,21817.0,7257.38,M743243469,0.0,0.0,0,0
CASH_OUT,80110.07,C621269322,0.0,0.0,C1953000316,101791.74,181901.82,0,0
CASH_OUT,220770.16,C56182978,0.0,0.0,C1972336949,1860367.64,2081137.79,0,0
CASH_OUT,36717.84,C1310662145,0.0,0.0,C909712865,4757451.66,4794169.51,0,0
PAYMENT,12592.0,C1884690447,11531.59,0.0,M712541717,0.0,0.0,0,0
CASH_IN,35407.68,C126773613,620815.87,656223.54,C1362872060,84012.36,48604.68,0,0
CASH_IN,92184.05,C1237268263,45822.0,138006.05,C1892507185,206202.38,114018.33,0,0
CASH_OUT,55221.65,C1883662661,0.0,0.0,C1600651070,6553812.73,6609034.38,0,0
CASH_IN,141941.3,C1306203860,137144.1,279085.4,C1609684325,399718.13,257776.83,0,0
CASH_OUT,138822.63,C622786099,0.0,0.0,C683730785,806329.79,945152.42,0,0
CASH_OUT,126748.61,C652615668,11649.0,0.0,C1430172050,5775281.3,5902029.91,0,0
CASH_OUT,189112.38,C231249975,0.0,0.0,C1876725312,328256.82,684618.64,0,0
CASH_OUT,78244.66,C1109628873,117443.0,39198.34,C750769606,1371471.15,1449715.82,0,0
CASH_OUT,30251.59,C1601234774,0.0,0.0,C344824878,35548.28,65799.87,0,0
PAYMENT,19497.6,C929576345,52870.0,33372.4,M939936666,0.0,0.0,0,0
PAYMENT,12624.63,C1327320629,11807.0,0.0,M1460707624,0.0,0.0,0,0
PAYMENT,9337.19,C1384719239,28696.92,19359.74,M1569608755,0.0,0.0,0,0
PAYMENT,13211.64,C223867618,0.0,0.0,M323823563,0.0,0.0,0,0
TRANSFER,740951.52,C1107677641,5034.0,0.0,C1069568462,19812.0,1087007.58,0,0
CASH_OUT,74311.72,C1720951363,0.0,0.0,C1687191050,633260.59,707572.3,0,0
TRANSFER,467111.87,C1587670703,37007.0,0.0,C2086876785,256858.56,723970.42,0,0
TRANSFER,10000000.0,C1734365365,15591414.49,5591414.49,C1564795146,0.0,0.0,1,0
TRANSFER,261088.95,C718836466,0.0,0.0,C860325776,34658586.12,34919675.07,0,0
CASH_OUT,74771.21,C1396915709,0.0,0.0,C237869347,1517182.03,1591953.23,0,0
TRANSFER,488687.14,C1274168260,202.0,0.0,C61797727,265129.6,753816.74,0,0
CASH_OUT,111359.07,C4607068,0.0,0.0,C909312047,148534.16,445601.43,0,0
TRANSFER,312613.2,C1897230945,0.0,0.0,C1788598668,433062.93,745676.13,0,0
PAYMENT,10144.82,C894551044,205.0,0.0,M964765801,0.0,0.0,0,0
PAYMENT,20693.63,C596845263,108457.0,87763.37,M216120504,0.0,0.0,0,0
CASH_OUT,280271.16,C1848344899,0.0,0.0,C1518632118,610440.33,890711.49,0,0
PAYMENT,18893.21,C176083166,69419.0,50525.79,M515873825,0.0,0.0,0,0
CASH_OUT,118872.74,C1104880231,0.0,0.0,C1835633416,1946291.75,2065164.5,0,0
CASH_IN,43805.35,C1206431717,517277.0,561082.35,C1908234505,0.0,0.0,0,0
PAYMENT,4579.86,C1184232396,566.0,0.0,M1294800989,0.0,0.0,0,0
CASH_OUT,238282.44,C2103755306,0.0,0.0,C336384697,1564223.4,1756719.4,0,0
CASH_IN,64067.83,C2134868715,21269.0,85336.83,C596552140,0.0,0.0,0,0
TRANSFER,1801136.89,C696377041,28875.0,0.0,C2032274853,51879.05,1853015.94,0,0
PAYMENT,46715.75,C1012740919,60990.52,14274.76,M1114308647,0.0,0.0,0,0
CASH_OUT,293936.11,C1293334166,23072.0,0.0,C556424598,1761420.85,2055356.95,0,0
CASH_OUT,64729.56,C1787065779,0.0,0.0,C217410150,773042.09,837771.65,0,0
CASH_IN,237405.04,C1305666237,2539036.34,2776441.38,C708510552,2675863.7,2438458.66,0,0
PAYMENT,22295.32,C1635411997,867.0,0.0,M136254602,0.0,0.0,0,0
CASH_IN,38452.22,C40564883,28116018.91,28154471.13,C24219123,501718.58,463266.35,0,0
PAYMENT,29398.88,C176682317,0.0,0.0,M884343204,0.0,0.0,0,0
CASH_OUT,176052.35,C702460230,0.0,0.0,C1535828964,369937.28,545989.63,0,0
PAYMENT,6167.43,C755888347,96.0,0.0,M704965140,0.0,0.0,0,0
PAYMENT,13909.96,C38206315,32324.0,18414.04,M804576149,0.0,0.0,0,0
CASH_OUT,225541.54,C99649667,0.0,0.0,C1880854543,1965338.44,2190879.98,0,0
PAYMENT,48446.73,C1207946968,0.0,0.0,M1053981479,0.0,0.0,0,0
PAYMENT,27160.26,C922485308,5748.0,0.0,M401244684,0.0,0.0,0,0
CASH_OUT,138061.76,C810578463,8946.0,0.0,C865227031,0.0,138061.76,0,0
CASH_IN,23230.82,C2049552958,594.0,23824.82,C1011797234,2008138.03,1984907.21,0,0
CASH_IN,260599.72,C1635762957,3607341.68,3867941.4,C930244764,429011.69,168411.97,0,0
CASH_IN,253278.97,C1365580981,27120324.05,27373603.02,C2069241562,562956.31,309677.34,0,0
CASH_IN,308739.99,C1423492753,7494058.51,7802798.49,C92989055,723380.3,414640.31,0,0
PAYMENT,10158.81,C1722113900,103815.0,93656.19,M1073772064,0.0,0.0,0,0
CASH_OUT,340562.17,C1746001156,0.0,0.0,C206677017,7200960.12,7541522.29,0,0
CASH_OUT,563961.91,C457223989,99463.0,0.0,C1876544276,1351126.24,1915088.15,0,0
CASH_OUT,282323.29,C1695658699,50080.0,0.0,C636993312,0.0,282323.29,0,0
CASH_OUT,299549.3,C1857376869,242655.83,0.0,C1387071904,2209286.89,2508836.19,0,0
CASH_IN,87063.19,C2049748619,3756435.88,3843499.07,C1860025254,126333.57,39270.38,0,0
CASH_OUT,159811.82,C1663901535,0.0,0.0,C1509913889,368182.97,527994.79,0,0
PAYMENT,46552.49,C1252847873,0.0,0.0,M839905279,0.0,0.0,0,0
CASH_IN,181056.47,C1202342449,0.0,181056.47,C867420450,198617.39,17560.92,0,0
PAYMENT,14762.14,C2071057323,239214.97,224452.84,M1000706361,0.0,0.0,0,0
TRANSFER,261431.34,C1977296188,0.0,0.0,C1792781391,453575.04,715006.37,0,0
CASH_IN,31814.21,C1644659255,2521362.18,2553176.39,C1424025700,6524292.3,6492478.09,0,0
CASH_IN,60778.57,C349774836,7164127.68,7224906.24,C588241485,68588.34,7809.77,0,0
CASH_OUT,280845.21,C813592418,50597.0,0.0,C1605986165,720476.26,1001321.48,0,0
CASH_IN,31778.15,C949395552,30702.0,62480.15,C160944208,24792.01,0.0,0,0
TRANSFER,301611.33,C1968375478,2200337.98,1898726.65,C1220911229,3619389.25,3921000.58,0,0
CASH_OUT,98910.7,C2137519990,435472.87,336562.16,C111856958,157721.62,256632.33,0,0
CASH_OUT,24521.28,C296852148,0.0,0.0,C1006537864,737346.75,761868.03,0,0
PAYMENT,6072.76,C452137091,39832.0,33759.24,M436633159,0.0,0.0,0,0
CASH_OUT,618861.69,C917749784,0.0,0.0,C991363637,36257047.56,36875909.24,0,0
CASH_OUT,14965.69,C158810537,0.0,0.0,C126351739,179744.41,194710.11,0,0
CASH_OUT,63115.16,C136847778,21095.0,0.0,C1892873933,0.0,63115.16,0,0
CASH_OUT,67379.5,C1191484825,3563.23,0.0,C2029660571,479792.98,547172.48,0,0
PAYMENT,203.38,C471497036,7086.0,6882.62,M516248406,0.0,0.0,0,0
CASH_OUT,52722.28,C848143131,99601.0,46878.72,C1838046862,0.0,52722.28,0,0
CASH_IN,141014.84,C816096886,11221230.16,11362245.0,C1891589558,946049.48,805034.64,0,0
PAYMENT,58800.93,C1414465080,0.0,0.0,M1603156909,0.0,0.0,0,0
PAYMENT,7263.01,C74265397,0.0,0.0,M1127340500,0.0,0.0,0,0
CASH_OUT,38549.93,C1595403648,0.0,0.0,C86069475,113911.0,169564.23,0,0
CASH_OUT,248440.96,C1443452017,190.0,0.0,C1860224734,988994.71,994269.34,0,0
PAYMENT,508.07,C1159203677,0.0,0.0,M2047886167,0.0,0.0,0,0
CASH_IN,325940.79,C483395175,1376437.87,1702378.66,C2015806959,2155968.27,1830027.48,0,0
PAYMENT,1998.28,C302117209,23628.99,21630.71,M16388868,0.0,0.0,0,0
CASH_OUT,126017.23,C935004605,14108.0,0.0,C64748198,0.0,126017.23,0,0
CASH_IN,143624.38,C1757718378,166235.0,309859.38,C446959418,0.0,0.0,0,0
PAYMENT,16966.73,C275982162,14548.0,0.0,M1826513086,0.0,0.0,0,0
CASH_IN,207865.55,C1916827514,2517043.73,2724909.29,C1643240763,882040.87,674175.32,0,0
CASH_IN,124406.88,C394167535,3749660.03,3874066.92,C1234593963,125833.14,1426.26,0,0
PAYMENT,13160.37,C1997597737,40591.0,27430.63,M1365794860,0.0,0.0,0,0
CASH_IN,431047.22,C2026016815,587648.0,1018695.22,C477672302,634303.79,203256.57,0,0
CASH_OUT,227324.89,C1489095791,0.0,0.0,C1693909320,235100.89,462425.78,0,0
CASH_OUT,30637.53,C1968063512,0.0,0.0,C1015580881,1779485.22,1810122.74,0,0
CASH_IN,188938.92,C369975106,7060853.85,7249792.76,C1031554283,639442.0,450503.08,0,0
CASH_IN,200974.82,C596747594,21521.0,222495.82,C1379572153,200038.98,0.0,0,0
CASH_OUT,215535.63,C1879092502,99517.0,0.0,C412602796,141492.41,357028.03,0,0
CASH_IN,42606.4,C1872843340,554.0,43160.4,C762757289,67840.43,25234.03,0,0
CASH_OUT,150622.97,C887370941,0.0,0.0,C691630548,8148875.45,8299498.41,0,0
CASH_OUT,275356.59,C581434454,510.0,0.0,C343048098,0.0,275356.59,0,0
TRANSFER,1038380.91,C1696359877,0.0,0.0,C171314250,2583335.14,3621716.04,0,0
PAYMENT,20256.08,C1286233552,0.0,0.0,M789559805,0.0,0.0,0,0
TRANSFER,207326.69,C1131621737,0.0,0.0,C1131308631,3153031.49,3360358.18,0,0
CASH_IN,93164.94,C232065362,7744852.12,7838017.06,C2858252,1525063.35,1431898.41,0,0
PAYMENT,22944.53,C356927835,0.0,0.0,M453300826,0.0,0.0,0,0
CASH_OUT,44613.29,C1852838597,16675.0,0.0,C1726053353,59584.0,63008.43,0,0
PAYMENT,36357.37,C761667177,434294.32,397936.95,M1864593172,0.0,0.0,0,0
CASH_OUT,86173.31,C44345381,40347.23,0.0,C1277525811,694103.17,780276.49,0,0
PAYMENT,14392.34,C1550396146,30577.0,16184.66,M2061418788,0.0,0.0,0,0
CASH_OUT,129297.79,C1607745586,103222.0,0.0,C1243601509,671345.77,800643.55,0,0
CASH_IN,122337.28,C745011195,41501.0,163838.28,C727847270,1111946.22,989608.93,0,0
CASH_OUT,191117.77,C684472064,17048.0,0.0,C943799481,164712.44,355830.21,0,0
PAYMENT,5062.59,C466174909,105114.0,100051.41,M837981722,0.0,0.0,0,0
CASH_IN,33467.49,C1964508084,290699.87,324167.36,C605055381,632172.51,598705.02,0,0
CASH_IN,56307.1,C584017633,33028.0,89335.1,C2007362855,96691.25,40384.16,0,0
CASH_OUT,133477.73,C774430573,0.0,0.0,C2016376331,1285081.51,1418559.25,0,0
PAYMENT,18106.24,C2069040573,0.0,0.0,M176844027,0.0,0.0,0,0
CASH_IN,510384.16,C2095551661,5766503.36,6276887.52,C730548402,977365.65,466981.49,0,0
CASH_IN,190048.08,C1052044466,719005.46,909053.54,C1538416750,353751.55,163703.47,0,0
CASH_OUT,182584.02,C1621051254,53213.0,0.0,C2146151631,353651.46,536235.48,0,0
TRANSFER,469211.41,C694781903,1055.0,0.0,C1758595131,57635.0,0.0,0,0
TRANSFER,529247.14,C190509689,635207.0,105959.86,C1269986360,0.0,529247.14,0,0
CASH_IN,243034.08,C203746958,541.0,243575.08,C497190333,0.0,0.0,0,0
CASH_IN,133583.41,C1251834256,4132635.27,4266218.68,C1743229382,7668850.48,7535267.07,0,0
PAYMENT,17296.84,C1943237989,0.0,0.0,M496053832,0.0,0.0,0,0
PAYMENT,17564.48,C1207486425,223613.07,206048.59,M1436508532,0.0,0.0,0,0
TRANSFER,156247.88,C364894502,0.0,0.0,C1666921543,9807979.08,9964226.96,0,0
PAYMENT,20335.55,C433548094,0.0,0.0,M2092398130,0.0,0.0,0,0
CASH_OUT,163348.95,C195993305,59648.0,0.0,C460934302,2216451.25,2379800.2,0,0
PAYMENT,10169.65,C2065474987,176254.56,166084.9,M294253435,0.0,0.0,0,0
CASH_OUT,166724.4,C496993125,44698.0,0.0,C1220073175,0.0,166724.4,0,0
PAYMENT,3742.28,C34055360,62990.0,59247.72,M1231969393,0.0,0.0,0,0
CASH_OUT,192432.57,C1596267483,79950.0,0.0,C1758337568,253632.31,446064.88,0,0
PAYMENT,5488.1,C469756613,0.0,0.0,M1003410338,0.0,0.0,0,0
TRANSFER,1896945.19,C1738314541,571207.53,0.0,C1868383847,2943410.25,4840355.44,0,0
CASH_IN,305930.56,C346623236,6019682.07,6325612.63,C1498845493,1522209.46,1216278.9,0,0
CASH_OUT,46989.33,C451457313,7007.0,0.0,C150711274,14568.17,61557.51,0,0
PAYMENT,21312.48,C1366339440,2309.0,0.0,M1014937389,0.0,0.0,0,0
PAYMENT,2898.1,C1818496660,237839.63,234941.53,M1160739034,0.0,0.0,0,0
PAYMENT,5276.01,C1230363401,8562.0,3285.99,M1162800143,0.0,0.0,0,0
CASH_IN,132561.52,C205571631,5554.0,138115.52,C126171985,84703.72,0.0,0,0
CASH_IN,164795.06,C1362418036,99523.0,264318.06,C1840097161,0.0,0.0,0,0
PAYMENT,11908.39,C1501527036,0.0,0.0,M1466233734,0.0,0.0,0,0
CASH_OUT,181150.04,C1672175941,122357.0,0.0,C1457864221,1780117.89,1961267.92,0,0
CASH_IN,46285.47,C275582051,3352931.16,3399216.63,C1730389734,566041.31,519755.84,0,0
CASH_OUT,208880.35,C212655924,20651.0,0.0,C772938331,2605016.77,2813897.12,0,0
PAYMENT,7206.32,C2047359984,118669.03,111462.71,M456208502,0.0,0.0,0,0
PAYMENT,6.58,C274725534,30509.0,30502.42,M1967207586,0.0,0.0,0,0
CASH_OUT,205350.52,C2037846598,0.0,0.0,C260416753,734717.04,940067.56,0,0
PAYMENT,8828.0,C1955946669,4963.38,0.0,M568346437,0.0,0.0,0,0
PAYMENT,13058.03,C1127243692,0.0,0.0,M1290644868,0.0,0.0,0,0
CASH_OUT,242368.61,C1390541211,0.0,0.0,C514600085,411879.15,782550.42,0,0
CASH_IN,7830.62,C1608073517,59570.0,67400.62,C1683582202,505351.53,497520.91,0,0
CASH_OUT,39458.83,C132056430,213407.0,173948.17,C869223629,0.0,39458.83,0,0
PAYMENT,2147.68,C827582217,56079.0,53931.32,M395291176,0.0,0.0,0,0
CASH_IN,387291.41,C105182480,1918700.01,2305991.42,C153898945,4709748.42,4322457.0,0,0
PAYMENT,12672.34,C221462409,20080.0,7407.66,M2018731320,0.0,0.0,0,0
PAYMENT,7993.0,C965794959,686724.76,678731.76,M1442680079,0.0,0.0,0,0
CASH_IN,189068.32,C1347678602,8579997.77,8769066.09,C317983984,9175078.52,8986010.19,0,0
CASH_IN,58425.93,C1240291418,16527708.73,16586134.65,C1125026820,815029.08,756603.15,0,0
CASH_OUT,81530.39,C1357052488,22742.0,0.0,C1562333506,3464794.76,3546325.15,0,0
CASH_IN,197235.41,C936759924,2962188.78,3159424.19,C1337215937,486477.22,289241.81,0,0
CASH_OUT,197937.31,C345439097,40540.0,0.0,C1084133399,72553.2,270490.51,0,0
CASH_OUT,261168.24,C1326144831,0.0,0.0,C780931198,630186.07,891354.31,0,0
PAYMENT,7389.08,C875657796,0.0,0.0,M1129376987,0.0,0.0,0,0
PAYMENT,7577.41,C242935153,0.0,0.0,M827176213,0.0,0.0,0,0
TRANSFER,266699.72,C1601568248,20943.0,0.0,C51587309,0.0,266699.72,0,0
CASH_OUT,22891.03,C1836907699,16714.0,0.0,C1629430001,0.0,22891.03,0,0
CASH_OUT,37418.9,C741543100,0.0,0.0,C854812197,551603.48,589022.38,0,0
CASH_IN,74737.65,C1199033736,2979378.19,3054115.85,C1968468163,42524316.86,42449579.21,0,0
CASH_IN,135515.7,C1104265605,12220.0,147735.7,C75468092,3700706.88,3565191.18,0,0
PAYMENT,5397.22,C609991608,0.0,0.0,M120211751,0.0,0.0,0,0
CASH_OUT,303534.69,C854647763,346677.0,43142.31,C1106200439,0.0,303534.69,0,0
CASH_OUT,14224.71,C775648295,0.0,0.0,C1864035295,642858.85,657083.57,0,0
TRANSFER,615405.91,C857361136,0.0,0.0,C2000626802,1748353.53,2363759.44,0,0
CASH_OUT,498987.89,C1877563249,206.0,0.0,C94594250,1095885.14,1594873.04,0,0
TRANSFER,661402.19,C279019595,7508.58,0.0,C1994732647,8093902.63,8755304.81,0,0
CASH_IN,286331.06,C1496372714,10122.0,296453.06,C2095194950,556952.0,214410.18,0,0
CASH_IN,184557.72,C1434907971,7394045.11,7578602.83,C1810750649,1084886.0,900328.28,0,0
CASH_OUT,197418.07,C1205208752,571087.2,373669.12,C35651095,0.0,517404.21,0,0
CASH_IN,38716.05,C1171332768,8980795.91,9019511.96,C1732644597,1449029.56,1410313.51,0,0
CASH_IN,20457.91,C191051669,6238056.58,6258514.49,C1753885705,10342045.46,10321587.55,0,0
TRANSFER,708591.44,C1252331089,0.0,0.0,C281874633,795566.34,1504157.78,0,0
TRANSFER,157883.07,C973936431,46547.0,0.0,C1335050193,72793.0,353532.56,0,0
CASH_IN,13481.12,C653710345,14324149.43,14337630.55,C1783873866,23575.81,351438.34,0,0
PAYMENT,9320.96,C1617287186,0.0,0.0,M1558418460,0.0,0.0,0,0
CASH_OUT,133674.38,C927922295,0.0,0.0,C1769718414,182759.15,316433.54,0,0
PAYMENT,15900.39,C20290329,0.0,0.0,M907367973,0.0,0.0,0,0
CASH_OUT,94892.89,C820550518,10119.0,0.0,C1297204973,872404.58,967297.47,0,0
PAYMENT,1319.94,C1253541217,72646.0,71326.06,M765867855,0.0,0.0,0,0
CASH_OUT,261976.27,C646577279,41044.0,0.0,C700808307,55058.12,317034.39,0,0
PAYMENT,8413.89,C146834789,1306.0,0.0,M135731235,0.0,0.0,0,0
TRANSFER,96148.84,C1426790267,81765.0,0.0,C268674946,0.0,96148.84,0,0
CASH_OUT,108188.18,C1753194542,5590.0,0.0,C730818795,19687.23,127875.41,0,0
CASH_IN,25657.14,C1772664890,23475.0,49132.14,C1407057884,322777.39,297120.25,0,0
PAYMENT,13522.03,C881215458,5305.91,0.0,M530963045,0.0,0.0,0,0
CASH_IN,226845.65,C1356088149,817852.75,1044698.4,C734851371,1248675.22,1021829.58,0,0
CASH_OUT,283694.57,C1576860290,23873.0,0.0,C1128200728,12478895.38,12762589.95,0,0
CASH_OUT,252895.9,C1900788967,0.0,0.0,C2117524919,8218219.9,8471115.8,0,0
CASH_OUT,351872.32,C196256221,0.0,0.0,C363384029,10661795.19,11013667.51,0,0
PAYMENT,4364.36,C1457635744,0.0,0.0,M823702706,0.0,0.0,0,0
PAYMENT,11629.24,C1070498794,0.0,0.0,M260107282,0.0,0.0,0,0
TRANSFER,110800.58,C646435663,0.0,0.0,C46744351,151960.21,262760.78,0,0
TRANSFER,33764.44,C1713909757,0.0,0.0,C1711617653,5964780.88,5998545.31,0,0
CASH_IN,209088.79,C1389774821,4670.0,213758.79,C2029730894,1506668.08,1297579.29,0,0
PAYMENT,3827.12,C1859775593,232069.0,228241.88,M1922446826,0.0,0.0,0,0
PAYMENT,20822.87,C262629198,93819.66,72996.79,M1528280183,0.0,0.0,0,0
CASH_OUT,182142.86,C2014381212,0.0,0.0,C1012109704,298479.75,480622.61,0,0
CASH_IN,75186.79,C1449021940,8253.38,83440.18,C1673402037,2379403.04,2304216.24,0,0
CASH_IN,60045.98,C869228516,6432544.4,6492590.38,C1032339548,1702492.82,1642446.84,0,0
CASH_OUT,204520.76,C900763063,51593.0,0.0,C360661131,0.0,204520.76,0,0
CASH_IN,90470.77,C1998912997,387.0,90857.77,C731441422,237701.4,147230.63,0,0
CASH_OUT,88584.17,C1128080258,21030.0,0.0,C747181889,0.0,88584.17,0,0
CASH_IN,336512.28,C1737030207,10206.0,346718.28,C1925923543,0.0,0.0,0,0
PAYMENT,59855.7,C1299889163,37098.55,0.0,M198712943,0.0,0.0,0,0
PAYMENT,5277.46,C523052773,69894.0,64616.54,M1123707338,0.0,0.0,0,0
PAYMENT,14592.08,C664547292,9980.0,0.0,M1574793936,0.0,0.0,0,0
PAYMENT,17362.83,C889906464,21462.0,4099.17,M997889493,0.0,0.0,0,0
PAYMENT,31987.36,C547703030,11034.0,0.0,M255448092,0.0,0.0,0,0
CASH_IN,313934.56,C521278746,2964307.51,3278242.07,C681758748,885723.88,571789.32,0,0
CASH_OUT,156158.37,C849052526,20281.0,0.0,C1436866708,569271.66,725430.03,0,0
PAYMENT,415.23,C1475801530,0.0,0.0,M1189688370,0.0,0.0,0,0
CASH_OUT,157337.47,C1991699963,21550.0,0.0,C1452586585,1416615.52,1573952.99,0,0
CASH_OUT,128282.8,C366096345,0.0,0.0,C574796697,457500.68,585783.48,0,0
PAYMENT,31539.15,C308333525,0.0,0.0,M1336343272,0.0,0.0,0,0
PAYMENT,10381.2,C822250637,370784.05,360402.85,M1180045314,0.0,0.0,0,0
PAYMENT,27761.95,C1214931809,0.0,0.0,M1443389783,0.0,0.0,0,0
PAYMENT,12950.69,C670964644,35139.33,22188.64,M1422589577,0.0,0.0,0,0
CASH_IN,41073.73,C242382812,2364003.2,2405076.93,C2047853340,7076357.56,7035283.82,0,0
CASH_IN,324820.34,C1917481889,162853.0,487673.34,C836387875,855322.8,778386.35,0,0
CASH_OUT,45628.2,C300046848,0.0,0.0,C752332296,210679.31,256307.51,0,0
PAYMENT,4303.77,C870841315,0.0,0.0,M958909002,0.0,0.0,0,0
PAYMENT,9148.82,C350348594,0.0,0.0,M643153915,0.0,0.0,0,0
CASH_OUT,99990.49,C80114153,0.0,0.0,C1905363829,2177027.0,2277017.49,0,0
PAYMENT,12690.52,C594389945,0.0,0.0,M492770192,0.0,0.0,0,0
CASH_IN,163512.39,C922408865,10500.0,174012.39,C845894183,0.0,0.0,0,0
PAYMENT,2786.65,C512454251,0.0,0.0,M1970147684,0.0,0.0,0,0
CASH_IN,112637.28,C627455643,3419391.51,3532028.79,C2069017464,640031.45,527394.17,0,0
CASH_OUT,142977.59,C139087010,0.0,0.0,C696006782,442840.6,585818.19,0,0
CASH_OUT,106973.18,C901634300,0.0,0.0,C1051579810,277633.88,384607.07,0,0
PAYMENT,8749.97,C1282762522,119055.72,110305.74,M487593107,0.0,0.0,0,0
CASH_OUT,258220.33,C2125078353,0.0,0.0,C197764571,399854.46,246947.07,0,0
TRANSFER,400654.51,C1365130139,143300.73,0.0,C1534864372,2637578.44,3038232.96,0,0
PAYMENT,4358.88,C1467285779,505.0,0.0,M407054921,0.0,0.0,0,0
PAYMENT,16145.61,C61437506,0.0,0.0,M1629437865,0.0,0.0,0,0
CASH_OUT,7658.19,C1947643914,10412.0,2753.81,C1242622761,368521.03,376179.22,0,0
PAYMENT,11266.68,C388212017,0.0,0.0,M533774271,0.0,0.0,0,0
CASH_OUT,124751.37,C1770325727,0.0,0.0,C335389399,1230900.35,1355651.72,0,0
CASH_OUT,30311.97,C1846757249,0.0,0.0,C1581814104,4717362.59,4747674.56,0,0
CASH_OUT,60424.3,C1128568584,33189.0,0.0,C1721032767,0.0,0.0,0,0
PAYMENT,12533.79,C1072548047,6022.1,0.0,M2001240350,0.0,0.0,0,0
PAYMENT,60397.63,C2010625443,455839.0,395441.37,M109238812,0.0,0.0,0,0
PAYMENT,12250.32,C2113472365,0.0,0.0,M1753878696,0.0,0.0,0,0
PAYMENT,11454.71,C1629149607,20856.0,9401.29,M1214020872,0.0,0.0,0,0
TRANSFER,642102.05,C287137399,0.0,0.0,C842110560,9385480.65,10027582.7,0,0
CASH_IN,209310.05,C1813944061,1886714.83,2096024.88,C685376527,3559878.01,3350567.96,0,0
CASH_OUT,26737.71,C1164702754,73123.0,46385.29,C737330443,1021333.41,710095.41,0,0
PAYMENT,2828.85,C2062179103,16684.0,13855.15,M224774756,0.0,0.0,0,0
PAYMENT,23350.9,C863403052,0.0,0.0,M1669013114,0.0,0.0,0,0
PAYMENT,8331.7,C779091827,19946.0,11614.3,M1836344052,0.0,0.0,0,0
TRANSFER,120954.26,C155776819,0.0,0.0,C1472968165,1173546.16,1294500.41,0,0
CASH_OUT,20719.7,C1068209139,0.0,0.0,C973418150,1703163.11,1723882.81,0,0
CASH_IN,15236.45,C855163291,13022277.62,13037514.07,C559666363,783157.3,767920.86,0,0
CASH_OUT,810.01,C469790440,0.0,0.0,C1583920143,7355033.0,7355843.01,0,0
CASH_IN,419520.73,C2090411169,1095.0,420615.73,C1677765719,259.0,0.0,0,0
TRANSFER,310445.38,C1953782729,11005.0,0.0,C1473113642,0.0,310445.38,0,0
CASH_IN,153284.26,C936735817,246259.24,399543.51,C1689963131,320223.8,166939.54,0,0
PAYMENT,1849.09,C1792379281,10560.0,8710.91,M1547176880,0.0,0.0,0,0
CASH_IN,773913.74,C819101398,27534.0,801447.74,C563234112,3904.49,0.0,0,0
CASH_IN,30617.61,C595325518,3815925.7,3846543.31,C1651768833,142421.69,111804.07,0,0
CASH_IN,309733.0,C1172520300,5387871.13,5697604.13,C1579034721,717199.8,407466.79,0,0
CASH_OUT,201061.01,C1613393359,47172.0,0.0,C2129580333,0.0,201061.01,0,0
CASH_IN,80294.81,C2021928975,2723551.64,2803846.45,C1045890688,300442.48,220147.67,0,0
PAYMENT,13630.85,C1077665901,61512.0,47881.15,M434312812,0.0,0.0,0,0
CASH_IN,211681.17,C710891256,488118.34,699799.51,C235795488,233948.22,22267.05,0,0
CASH_IN,154640.23,C1823472117,885322.39,1039962.61,C791600985,3050114.0,2895473.77,0,0
PAYMENT,608.77,C1836056268,0.0,0.0,M397202754,0.0,0.0,0,0
CASH_IN,314331.23,C585872647,33518.0,347849.23,C531269207,1449853.68,1135522.45,0,0
TRANSFER,344269.35,C735444881,0.0,0.0,C1939156333,622718.23,966987.58,0,0
CASH_OUT,217817.66,C978443525,471377.0,253559.34,C968635619,51303.05,269120.71,0,0
PAYMENT,955.48,C1726484,88725.0,87769.52,M802133254,0.0,0.0,0,0
PAYMENT,15645.68,C932927464,413523.0,397877.32,M824230223,0.0,0.0,0,0
CASH_OUT,95287.87,C889686398,0.0,0.0,C667188299,1096913.63,1192201.51,0,0
CASH_OUT,112682.72,C1207697069,55403.0,0.0,C444386103,385364.86,498047.58,0,0
TRANSFER,1181742.92,C1852359421,0.0,0.0,C1606106280,6224900.4,7406643.31,0,0
PAYMENT,30234.49,C1263615470,3797.0,0.0,M930277307,0.0,0.0,0,0
PAYMENT,340.3,C830721978,228918.28,228577.99,M216872274,0.0,0.0,0,0
PAYMENT,11394.76,C31848544,30859.0,19464.24,M279668602,0.0,0.0,0,0
PAYMENT,24558.58,C420549058,0.0,0.0,M540895321,0.0,0.0,0,0
PAYMENT,29504.67,C2122980268,0.0,0.0,M1696092188,0.0,0.0,0,0
PAYMENT,835.51,C413518772,260.0,0.0,M1109582296,0.0,0.0,0,0
CASH_IN,7035.4,C1297299819,4803090.02,4810125.42,C277451180,241076.92,234041.52,0,0
PAYMENT,3953.17,C975114499,0.0,0.0,M1461844251,0.0,0.0,0,0
PAYMENT,10323.41,C613464448,0.0,0.0,M1838377450,0.0,0.0,0,0
PAYMENT,33485.66,C1947626232,20038.0,0.0,M1656486729,0.0,0.0,0,0
CASH_IN,87982.15,C1184808555,4970869.74,5058851.89,C2098154505,26516809.01,26428826.86,0,0
CASH_OUT,48455.71,C17648015,817557.93,769102.21,C456310447,227226.04,275681.76,0,0
TRANSFER,1473608.06,C1547892596,0.0,0.0,C1926474162,5080224.41,6553832.47,0,0
PAYMENT,6549.52,C1617771892,40718.0,34168.48,M238739435,0.0,0.0,0,0
PAYMENT,6275.98,C1004669265,0.0,0.0,M1941621117,0.0,0.0,0,0
CASH_OUT,207551.73,C190416055,0.0,0.0,C376144739,320466.33,528018.07,0,0
CASH_OUT,149768.13,C1820294401,8973.0,0.0,C1874032091,166048.23,315816.37,0,0
PAYMENT,3703.44,C1353714221,1750.0,0.0,M1044631247,0.0,0.0,0,0
CASH_IN,184684.51,C441521811,8262811.54,8447496.04,C1912217466,1311903.73,1127219.22,0,0
CASH_IN,72930.99,C2043335431,762.0,73692.99,C1316588923,1240330.07,1167399.08,0,0
PAYMENT,9060.11,C1401141172,4390.16,0.0,M2091891018,0.0,0.0,0,0
CASH_OUT,278303.65,C501314518,99581.0,0.0,C1902173491,291727.24,570030.89,0,0
PAYMENT,10577.09,C1889301880,0.0,0.0,M1965585497,0.0,0.0,0,0
PAYMENT,18003.5,C1019511180,0.0,0.0,M1274609740,0.0,0.0,0,0
CASH_OUT,115328.94,C1005995608,181.0,0.0,C1125460834,722802.12,719205.33,0,0
CASH_OUT,173767.74,C351547494,0.0,0.0,C1659570220,760532.43,934300.17,0,0
PAYMENT,7653.36,C1164559192,56837.0,49183.64,M2072354036,0.0,0.0,0,0
PAYMENT,7567.23,C1193990252,596338.91,588771.68,M50735557,0.0,0.0,0,0
CASH_OUT,51027.75,C1025740978,21362.0,0.0,C2101345143,872416.35,923444.1,0,0
CASH_OUT,138798.92,C499342020,176.0,0.0,C1921856837,71775.01,210573.94,0,0
PAYMENT,18581.72,C1052004902,35724.0,17142.28,M1829376456,0.0,0.0,0,0
CASH_OUT,98749.52,C211713342,113.0,0.0,C988400738,121893.42,220642.94,0,0
CASH_OUT,471478.38,C1307112849,20011.0,0.0,C1013836383,0.0,471478.38,0,0
CASH_OUT,186983.88,C1592312978,49623.0,0.0,C2126085690,0.0,186983.88,0,0
CASH_OUT,172632.55,C1157977652,0.0,0.0,C1392903457,4619149.83,4791782.38,0,0
CASH_IN,269527.78,C255931511,75429.0,344956.78,C1446948815,14323.31,0.0,0,0
CASH_OUT,40419.99,C1139137347,0.0,0.0,C1110621006,434751.63,475171.62,0,0
PAYMENT,19593.78,C712928533,110.0,0.0,M741342390,0.0,0.0,0,0
CASH_OUT,247785.91,C632614216,819.0,0.0,C1710155693,11008658.75,11256444.66,0,0
CASH_IN,7998.35,C1713966602,4947968.14,4955966.49,C766830944,214588.54,206590.19,0,0
CASH_OUT,146952.97,C1868137025,51045.0,0.0,C2108426428,2374659.23,2521612.2,0,0
PAYMENT,21385.43,C1058694417,0.0,0.0,M1042803221,0.0,0.0,0,0
TRANSFER,282089.36,C406884978,61575.0,0.0,C443708527,120378.75,402468.12,0,0
PAYMENT,12541.26,C115061891,0.0,0.0,M859055127,0.0,0.0,0,0
PAYMENT,10902.02,C2078828636,11999.0,1096.98,M576907678,0.0,0.0,0,0
PAYMENT,12783.21,C216985619,0.0,0.0,M408550140,0.0,0.0,0,0
PAYMENT,24124.32,C1351674754,9950.0,0.0,M252796346,0.0,0.0,0,0
CASH_OUT,178164.63,C1841268238,19896.0,0.0,C45450885,0.0,178164.63,0,0
CASH_OUT,396587.43,C1817321183,0.0,0.0,C1446341907,682410.48,1078997.91,0,0
CASH_OUT,181768.39,C1803671059,96014.72,0.0,C1548363853,495046.12,676814.51,0,0
PAYMENT,1017.66,C1899877973,0.0,0.0,M75712544,0.0,0.0,0,0
CASH_IN,92160.8,C1222910880,650742.33,742903.12,C1536044711,8048721.27,7956560.48,0,0
CASH_OUT,13305.35,C98041925,0.0,0.0,C1504560737,476974.91,490280.26,0,0
CASH_OUT,187159.93,C519398077,6395.0,0.0,C1644253268,246.76,187406.69,0,0
CASH_OUT,182003.29,C89112064,21435.0,0.0,C1542374306,0.0,182003.29,0,0
CASH_IN,119901.11,C263791516,6652117.4,6772018.5,C2028315097,1521779.72,1592875.74,0,0
PAYMENT,9175.91,C1197243651,278115.43,268939.53,M365133248,0.0,0.0,0,0
PAYMENT,73.18,C1862999284,16.0,0.0,M2125482121,0.0,0.0,0,0
CASH_OUT,261049.83,C1902048456,0.0,0.0,C1930137188,1269164.02,1530213.85,0,0
CASH_OUT,171844.26,C1735472603,847.0,0.0,C1738268951,132448.71,304292.97,0,0
PAYMENT,27022.46,C552446330,589510.52,562488.07,M1432027671,0.0,0.0,0,0
TRANSFER,209408.42,C2145700938,0.0,0.0,C1230596935,530888.17,740296.59,0,0
CASH_OUT,120254.41,C1937852568,0.0,0.0,C738781352,128658.47,248912.87,0,0
PAYMENT,10530.25,C541445193,21061.41,10531.16,M681330921,0.0,0.0,0,0
CASH_OUT,145342.43,C16936380,130389.32,0.0,C511094340,151971.42,297313.85,0,0
TRANSFER,2640616.13,C2065863557,21262.0,0.0,C513408147,273088.52,2913704.65,0,0
CASH_OUT,248927.78,C345705275,3698582.34,3449654.57,C635934421,0.0,248927.78,0,0
CASH_IN,64144.24,C935424759,5627.0,69771.24,C1677584716,1045249.54,981105.3,0,0
PAYMENT,2555.95,C214705615,50657.0,48101.05,M1910838895,0.0,0.0,0,0
PAYMENT,2839.14,C425187834,297620.0,294780.86,M1455488274,0.0,0.0,0,0
CASH_IN,204896.48,C2040467068,1214718.51,1419614.99,C967670323,833988.86,629092.39,0,0
CASH_IN,66958.39,C477976727,14912888.01,14979846.4,C1053652655,988116.49,921158.1,0,0
PAYMENT,46943.4,C1556452763,21433.0,0.0,M1556825406,0.0,0.0,0,0
CASH_IN,75466.84,C1731329134,16124.0,91590.84,C1360650266,3829228.51,3753761.67,0,0
CASH_IN,9818.07,C1131848940,11508.0,21326.07,C632950868,91.0,0.0,0,0
CASH_IN,275244.35,C1948298692,3341490.73,3616735.08,C401936660,1792458.05,1517213.7,0,0
CASH_IN,404191.64,C1348985129,111012.0,515203.64,C1846600219,0.0,0.0,0,0
PAYMENT,9369.73,C113951270,24917.0,15547.27,M1082537866,0.0,0.0,0,0
PAYMENT,1465.75,C389328719,21070.0,19604.25,M1784671986,0.0,0.0,0,0
CASH_OUT,172936.8,C295841170,0.0,0.0,C484546321,3268224.28,3441161.08,0,0
CASH_OUT,106212.32,C56526223,0.0,0.0,C124431540,2344665.42,2450877.73,0,0
CASH_IN,79949.65,C764293017,695.0,80644.65,C291107261,38756.54,0.0,0,0
CASH_OUT,25116.84,C1850435348,379615.56,354498.72,C1826641428,873242.17,898359.01,0,0
PAYMENT,2870.88,C501084297,0.0,0.0,M934161162,0.0,0.0,0,0
CASH_IN,19533.88,C1292411343,6914938.19,6934472.07,C675058748,111820.48,92286.6,0,0
PAYMENT,11484.01,C1595292012,10951.0,0.0,M2069207390,0.0,0.0,0,0
CASH_OUT,188053.83,C486220735,77235.0,0.0,C1969945217,785486.34,973540.17,0,0
PAYMENT,2820.38,C1872535471,0.0,0.0,M551025233,0.0,0.0,0,0
CASH_OUT,16888.47,C655943465,0.0,0.0,C1339236054,1750691.05,1767579.51,0,0
PAYMENT,879.36,C1063669615,0.0,0.0,M1282881339,0.0,0.0,0,0
CASH_OUT,304126.55,C125673598,5728.0,0.0,C1391308386,170467.52,474594.07,0,0
CASH_OUT,67445.11,C538834415,30497.0,0.0,C372200786,11249.35,78694.46,0,0
CASH_OUT,183937.52,C372516104,232073.0,48135.48,C1860321094,933197.27,1117134.78,0,0
CASH_OUT,273084.39,C135825729,0.0,0.0,C1670658438,2749761.29,3022845.68,0,0
CASH_IN,94875.25,C1189958493,1089220.65,1184095.9,C1436620943,1011901.57,917026.32,0,0
CASH_OUT,28095.19,C591583388,4727.0,0.0,C1033329834,0.0,28095.19,0,0
CASH_OUT,192722.54,C1667452342,2081.0,0.0,C1555973318,51947.28,244669.82,0,0
PAYMENT,1376.01,C45288229,6406.0,5029.99,M1455550108,0.0,0.0,0,0
PAYMENT,3806.22,C359709479,0.0,0.0,M1452155367,0.0,0.0,0,0
CASH_OUT,95460.88,C452392581,0.0,0.0,C1066974338,222383.02,317843.89,0,0
PAYMENT,11028.3,C567469496,101814.0,90785.7,M2066248280,0.0,0.0,0,0
CASH_OUT,247116.23,C2114301238,20314.0,0.0,C1157064632,5912622.16,6375637.42,0,0
PAYMENT,1210.14,C1956661876,0.0,0.0,M1732572829,0.0,0.0,0,0
CASH_OUT,57191.15,C982423667,0.0,0.0,C414229726,1342987.52,1400178.67,0,0
CASH_IN,116921.15,C1658639179,6520249.8,6637170.95,C890627132,633822.44,516901.29,0,0
PAYMENT,70387.9,C601231641,0.0,0.0,M22108165,0.0,0.0,0,0
PAYMENT,8414.68,C2098195998,0.0,0.0,M160518749,0.0,0.0,0,0
CASH_OUT,572444.49,C701801598,19657.0,0.0,C760087801,2643280.28,3215724.77,0,0
CASH_IN,227754.24,C811490840,51967.0,279721.24,C335024533,89209.32,0.0,0,0
PAYMENT,1148.76,C571435657,59358.0,58209.24,M969859463,0.0,0.0,0,0
CASH_IN,151484.32,C762773510,4277.0,155761.32,C747869108,2421825.02,2313467.81,0,0
CASH_IN,95277.75,C656470465,30527.0,125804.75,C1349915374,270203.62,174925.87,0,0
CASH_IN,84387.44,C37324990,13580867.24,13665254.68,C1524497501,4944304.8,4859917.36,0,0
PAYMENT,5066.63,C265945118,0.0,0.0,M20575800,0.0,0.0,0,0
PAYMENT,2386.15,C627528025,21114.0,18727.85,M1048817216,0.0,0.0,0,0
PAYMENT,14486.51,C1496481086,937361.27,922874.76,M1590392495,0.0,0.0,0,0
CASH_IN,183163.37,C1734738017,1046577.04,1229740.41,C1752376775,644632.15,461468.78,0,0
CASH_OUT,341356.23,C1594787526,103508.0,0.0,C2118043304,2026.57,343382.8,0,0
CASH_IN,461331.42,C1847785146,175168.56,636499.98,C1869228744,1961794.66,2528711.98,0,0
CASH_OUT,63857.29,C1901902185,0.0,0.0,C965374875,312684.33,376541.62,0,0
CASH_OUT,50891.78,C1673736053,21418.0,0.0,C570755732,648749.6,699641.38,0,0
CASH_IN,74715.48,C718468165,286.0,75001.48,C89834866,2099218.47,2024502.99,0,0
PAYMENT,19552.88,C1999262409,156739.19,137186.31,M1160957091,0.0,0.0,0,0
PAYMENT,14255.67,C475042900,89303.0,75047.33,M1418662115,0.0,0.0,0,0
TRANSFER,535750.02,C1425692644,7570.0,0.0,C1406886680,548351.46,1084101.48,0,0
PAYMENT,10716.87,C355102903,10949.82,232.95,M1911457548,0.0,0.0,0,0
PAYMENT,1157.66,C174853898,20434.0,19276.34,M859243525,0.0,0.0,0,0
CASH_OUT,333183.37,C1477394587,65917.0,0.0,C503682855,4189.68,337373.05,0,0
CASH_OUT,60182.79,C835254748,11472.0,0.0,C2064279665,0.0,60182.79,0,0
PAYMENT,20896.98,C847373696,41028.0,20131.02,M952740239,0.0,0.0,0,0
PAYMENT,8899.14,C2031357433,0.0,0.0,M2113366301,0.0,0.0,0,0
CASH_OUT,223817.5,C60470818,1706.0,0.0,C515108077,229474.98,453292.48,0,0
CASH_IN,182260.99,C1812952354,116739.0,298999.99,C1326424359,282973.77,100712.79,0,0
CASH_OUT,252609.44,C671660519,243888.0,0.0,C339542080,342389.6,845089.83,0,0
TRANSFER,125624.71,C553301041,60605.0,0.0,C693439727,73644.89,199269.6,0,0
CASH_OUT,236141.82,C2112965231,0.0,0.0,C816243070,396590.2,632732.02,0,0
TRANSFER,666336.6,C1334566940,0.0,0.0,C1609979141,2873652.06,3539988.66,0,0
CASH_OUT,111431.67,C1402831379,0.0,0.0,C641477049,321154.83,432586.5,0,0
CASH_IN,269246.07,C520154578,3369086.85,3638332.91,C1912849182,3093643.72,2824397.65,0,0
PAYMENT,53442.88,C1075562735,10599.0,0.0,M819569547,0.0,0.0,0,0
PAYMENT,32507.93,C1184632496,0.0,0.0,M2053831318,0.0,0.0,0,0
PAYMENT,14092.3,C1479468119,199123.61,185031.31,M711085751,0.0,0.0,0,0
TRANSFER,350583.72,C798441333,0.0,0.0,C1277998208,2312061.11,2662644.83,0,0
CASH_OUT,11130.47,C309733319,0.0,0.0,C19455962,581098.92,960683.97,0,0
PAYMENT,18534.84,C995917225,23631.0,5096.16,M1115833748,0.0,0.0,0,0
CASH_IN,194902.27,C169035642,355621.92,550524.19,C1079890116,1596717.68,1512977.71,0,0
CASH_IN,79830.14,C1740277591,5508759.9,5588590.04,C1596232191,100955.0,21124.86,0,0
PAYMENT,29110.26,C724558483,0.0,0.0,M2111359508,0.0,0.0,0,0
TRANSFER,1502638.23,C1754093394,0.0,0.0,C1576192522,1605740.82,3108379.05,0,0
PAYMENT,12758.98,C1036453757,0.0,0.0,M1518290103,0.0,0.0,0,0
TRANSFER,329350.94,C1922641481,0.0,0.0,C1418290686,534231.36,863582.3,0,0
CASH_OUT,184152.13,C1545148200,16386.0,0.0,C1037649416,51628.76,235780.89,0,0
CASH_OUT,385569.21,C923487920,0.0,0.0,C1657944512,6439695.5,6825264.71,0,0
CASH_OUT,56268.09,C850868921,0.0,0.0,C1836417350,64085.3,120353.39,0,0
CASH_OUT,709182.32,C1512460917,0.0,0.0,C350460287,1649946.98,2359129.3,0,0
CASH_IN,196303.12,C128451809,56286.0,252589.12,C236476279,2039130.81,1842827.69,0,0
CASH_OUT,272068.01,C1603991892,68482.0,0.0,C1081594096,1327487.84,1599555.85,0,0
CASH_OUT,137590.67,C77035217,162.0,0.0,C444675211,1120670.22,1258260.89,0,0
CASH_OUT,30299.72,C2108532481,0.0,0.0,C1966753010,13292091.88,13322391.6,0,0
PAYMENT,19087.93,C109742353,0.0,0.0,M122758607,0.0,0.0,0,0
CASH_OUT,751569.88,C1229838337,15226.0,0.0,C1522977905,9394.75,760964.64,0,0
PAYMENT,13283.67,C788853278,26787.91,13504.25,M1466116638,0.0,0.0,0,0
CASH_IN,129256.56,C920825128,1756784.53,1886041.09,C1838518494,1120403.54,991146.99,0,0
PAYMENT,23035.66,C100956612,0.0,0.0,M1434193989,0.0,0.0,0,0
PAYMENT,669.85,C457017253,10979.0,10309.15,M436630364,0.0,0.0,0,0
CASH_OUT,59283.93,C650599537,0.0,0.0,C632889745,1721332.48,1780616.41,0,0
PAYMENT,3017.92,C1822890219,0.0,0.0,M512214857,0.0,0.0,0,0
PAYMENT,19870.27,C55749402,0.0,0.0,M1400804958,0.0,0.0,0,0
CASH_OUT,41871.09,C1723246147,21291.0,0.0,C1718803987,0.0,41871.09,0,0
CASH_OUT,26426.87,C1582069054,0.0,0.0,C1379767601,219220.95,245647.82,0,0
PAYMENT,24738.8,C2132180317,51731.0,26992.2,M244538178,0.0,0.0,0,0
PAYMENT,11301.67,C991687064,450757.37,439455.7,M345481855,0.0,0.0,0,0
CASH_OUT,254999.19,C2043217885,0.0,0.0,C309506207,883021.8,1138020.99,0,0
CASH_OUT,183771.02,C1545120275,0.0,0.0,C149138093,460087.87,643858.89,0,0
CASH_OUT,40717.2,C474044817,0.0,0.0,C2061061769,44899.94,85617.15,0,0
PAYMENT,960.95,C1625535209,190.0,0.0,M94944474,0.0,0.0,0,0
PAYMENT,6920.24,C997823699,333566.78,326646.54,M2143286931,0.0,0.0,0,0
PAYMENT,802.17,C18217011,429480.63,428678.46,M1902147024,0.0,0.0,0,0
PAYMENT,1065.77,C908806317,2189.0,1123.23,M351442161,0.0,0.0,0,0
CASH_IN,23044.91,C926174575,4499514.89,4522559.8,C1319091272,42426.62,19381.71,0,0
CASH_OUT,84364.53,C724000795,0.0,0.0,C1168683694,104618.37,188982.9,0,0
CASH_IN,250187.71,C2031240191,24106.0,274293.71,C1089867691,0.0,0.0,0,0
CASH_OUT,209477.73,C606067725,0.0,0.0,C970347209,7230200.27,7439678.0,0,0
CASH_OUT,235292.68,C2091509928,55442.0,0.0,C1527571555,0.0,235292.68,0,0
CASH_OUT,243787.94,C618844366,0.0,0.0,C710889040,5942099.89,6185887.83,0,0
CASH_OUT,83170.32,C2033554152,11426.0,0.0,C169719420,247209.04,330379.36,0,0
CASH_OUT,190049.26,C695496939,21087.0,0.0,C1502469560,0.0,190049.26,0,0
CASH_OUT,233459.34,C954594663,10600.0,0.0,C1184838948,127953.08,361412.42,0,0
CASH_OUT,352799.44,C981916922,0.0,0.0,C806252226,1707910.79,2060710.23,0,0
CASH_OUT,236639.38,C2105971704,10912.0,0.0,C835865588,429259.07,665898.46,0,0
CASH_OUT,66308.28,C1934793797,14304.0,0.0,C1927190290,17171675.09,17237983.37,0,0
CASH_OUT,66058.12,C487533942,152.0,0.0,C775104366,507083.82,573141.94,0,0
CASH_OUT,297546.24,C1306333205,0.0,0.0,C302725767,798333.56,1095879.8,0,0
PAYMENT,23379.64,C139204518,59925.85,36546.22,M1381440667,0.0,0.0,0,0
CASH_IN,19903.08,C516091606,886290.69,906193.77,C365087240,137645.24,117742.16,0,0
CASH_OUT,377125.85,C256298573,10944.0,0.0,C1883647961,0.0,377125.85,0,0
PAYMENT,1673.41,C577897813,54590.69,52917.29,M160006274,0.0,0.0,0,0
PAYMENT,3879.17,C1488632422,0.0,0.0,M1124038983,0.0,0.0,0,0
TRANSFER,5993274.13,C1126459751,0.0,0.0,C1800227006,26362295.1,32355569.23,0,0
CASH_OUT,267765.4,C789746995,11239.0,0.0,C1819470398,846138.87,1113904.26,0,0
CASH_OUT,48175.49,C898372332,0.0,0.0,C721102537,1023439.2,1071614.69,0,0
PAYMENT,11650.83,C1972832364,489898.1,478247.27,M1261606165,0.0,0.0,0,0
CASH_OUT,176481.53,C967680694,26015.0,0.0,C640006554,0.0,176481.53,0,0
CASH_IN,96852.01,C1929246247,25513336.16,25610188.17,C1215975982,281504.19,184652.18,0,0
CASH_IN,169154.17,C1472032605,21171.0,190325.17,C996200381,0.0,0.0,0,0
PAYMENT,5775.69,C334345496,88281.24,82505.54,M1107530474,0.0,0.0,0,0
PAYMENT,17416.77,C715441912,0.0,0.0,M106913791,0.0,0.0,0,0
CASH_OUT,66757.02,C921977235,0.0,0.0,C24023844,718263.39,785020.41,0,0
PAYMENT,2707.55,C1135175389,118375.0,115667.45,M1125210640,0.0,0.0,0,0
CASH_IN,496920.01,C609210085,6001.0,502921.01,C2075154700,42241.91,0.0,0,0
PAYMENT,6010.29,C798557705,246727.64,240717.35,M764751145,0.0,0.0,0,0
CASH_OUT,430771.21,C1975196628,946190.0,515418.79,C1636962391,0.0,430771.21,0,0
CASH_IN,232146.68,C1576084382,3518451.98,3750598.66,C939176870,367056.38,134909.7,0,0
PAYMENT,9120.96,C277910484,0.0,0.0,M135980134,0.0,0.0,0,0
CASH_OUT,52730.12,C1785782836,0.0,0.0,C1657973674,317253.61,369983.73,0,0
CASH_OUT,346896.18,C250064000,55018.0,0.0,C149291529,491924.77,838820.95,0,0
TRANSFER,144111.01,C235244791,0.0,0.0,C1757025261,3546053.52,3999543.44,0,0
CASH_IN,269044.89,C1045891669,10051.0,279095.89,C105810460,73573.04,0.0,0,0
PAYMENT,18536.55,C225588987,0.0,0.0,M368303328,0.0,0.0,0,0
CASH_OUT,56127.43,C257303541,40001.0,0.0,C1848905114,2660734.38,5456144.71,0,0
CASH_OUT,307959.14,C577940119,0.0,0.0,C1049830058,5849772.4,6157731.54,0,0
PAYMENT,17988.94,C1408336220,1338.0,0.0,M1627435662,0.0,0.0,0,0
CASH_IN,242660.51,C840666779,6327549.35,6570209.86,C1720060078,670711.95,428051.44,0,0
CASH_OUT,264108.61,C1056059529,0.0,0.0,C841167801,287435.34,551543.95,0,0
PAYMENT,992.56,C838343523,39860.0,38867.44,M1698178783,0.0,0.0,0,0
CASH_OUT,28654.96,C1183840655,334717.0,306062.04,C1829359219,174604.11,203259.07,0,0
CASH_OUT,7287.57,C491423175,0.0,0.0,C87426661,338272.14,345559.72,0,0
CASH_OUT,279687.0,C921328575,22035.0,0.0,C1675961385,442651.0,722338.0,0,0
TRANSFER,409710.1,C1254956048,11391.0,0.0,C2067394882,128013.41,537723.51,0,0
PAYMENT,17271.55,C335525623,51727.0,34455.45,M943225804,0.0,0.0,0,0
PAYMENT,19773.7,C1759817814,41188.0,21414.3,M755722260,0.0,0.0,0,0
CASH_IN,122788.04,C847277730,10141033.04,10263821.08,C1624100588,3810482.21,3687694.18,0,0
CASH_OUT,115439.07,C1877781170,292922.0,177482.93,C600427542,97342.07,212781.15,0,0
CASH_IN,28311.37,C697897386,52269.0,80580.37,C1793972695,203079.51,174768.14,0,0
TRANSFER,289700.58,C171522902,0.0,0.0,C1768635721,2111578.98,2401279.57,0,0
TRANSFER,1041939.3,C113037805,0.0,0.0,C1303892720,6611362.24,7653301.55,0,0
PAYMENT,488.13,C2112290776,913576.39,913088.26,M1390220716,0.0,0.0,0,0
CASH_OUT,103924.71,C1918785061,33321.0,0.0,C976249871,0.0,103924.71,0,0
PAYMENT,13016.33,C85149595,4092.0,0.0,M1393696420,0.0,0.0,0,0
CASH_OUT,135205.02,C84020241,0.0,0.0,C1894185515,259572.05,394777.06,0,0
TRANSFER,150495.98,C2040533170,17595.0,0.0,C1678838758,0.0,150495.98,0,0
PAYMENT,11125.62,C901084440,24068.52,12942.89,M1501793911,0.0,0.0,0,0
CASH_IN,181823.82,C1133010768,198029.0,379852.82,C528713680,307240.09,125416.27,0,0
CASH_OUT,322936.76,C1880843289,112474.0,0.0,C346747681,594135.06,917071.82,0,0
PAYMENT,5018.64,C1906613006,19832.0,14813.36,M1226994912,0.0,0.0,0,0
PAYMENT,862.68,C1427489873,0.0,0.0,M755555245,0.0,0.0,0,0
CASH_OUT,297720.29,C1346009827,0.0,0.0,C1198419180,590844.62,888564.91,0,0
PAYMENT,14539.77,C1529483970,98627.38,84087.61,M2145077782,0.0,0.0,0,0
PAYMENT,10492.35,C1317377350,6493.0,0.0,M784056387,0.0,0.0,0,0
PAYMENT,4724.61,C982197675,231.0,0.0,M505106298,0.0,0.0,0,0
PAYMENT,23333.01,C130039991,88842.93,65509.93,M276388823,0.0,0.0,0,0
PAYMENT,11310.92,C1976974393,21592.0,10281.08,M1695081827,0.0,0.0,0,0
CASH_OUT,10717.4,C340894848,106332.0,95614.6,C52352709,746825.43,757542.83,0,0
CASH_OUT,8987.85,C1861297967,0.0,0.0,C839742794,2239359.41,2248347.27,0,0
CASH_OUT,89829.81,C842721647,0.0,0.0,C1000765419,2538195.03,2628024.84,0,0
PAYMENT,3068.31,C862048232,174836.0,171767.69,M2078731700,0.0,0.0,0,0
TRANSFER,344770.39,C622811052,39886.0,0.0,C1058802182,0.0,344770.39,0,0
PAYMENT,4248.0,C66524968,0.0,0.0,M1684147473,0.0,0.0,0,0
DEBIT,2150.59,C2067524586,699547.5,697396.91,C457056343,37476.69,39627.28,0,0
CASH_OUT,175578.74,C24046882,360335.51,184756.76,C2095743578,289039.02,464617.76,0,0
CASH_IN,277760.75,C507195652,10236.0,287996.75,C166488598,6535761.26,6258000.51,0,0
PAYMENT,6886.55,C976230110,264241.23,257354.68,M1363387956,0.0,0.0,0,0
TRANSFER,196415.67,C1041608876,154678.0,0.0,C192115206,0.0,196415.67,0,0
CASH_OUT,189871.29,C579499018,0.0,0.0,C1761364501,260261.79,450133.08,0,0
CASH_IN,163558.26,C1714558252,8312948.1,8476506.36,C1496985022,403362.31,239804.05,0,0
CASH_OUT,305999.61,C797570632,132685.0,0.0,C1353981724,17711.84,323711.45,0,0
CASH_OUT,112985.6,C820759888,0.0,0.0,C68730136,337559.6,450545.19,0,0
PAYMENT,2466.34,C1669912422,0.0,0.0,M965218505,0.0,0.0,0,0
CASH_OUT,76891.36,C1586538791,49885.0,0.0,C1859851101,0.0,76891.36,0,0
CASH_IN,73526.54,C1333503172,32062.0,105588.54,C1232644224,41577.04,0.0,0,0
PAYMENT,4524.91,C1954746013,40255.0,35730.09,M530638523,0.0,0.0,0,0
PAYMENT,2325.54,C1071551836,42078.72,39753.18,M1993057091,0.0,0.0,0,0
PAYMENT,65067.87,C432204732,68453.0,3385.13,M1971407828,0.0,0.0,0,0
PAYMENT,9292.71,C119878180,57343.26,48050.55,M318859997,0.0,0.0,0,0
PAYMENT,227.45,C1919051516,0.0,0.0,M1401505734,0.0,0.0,0,0
CASH_OUT,351254.52,C873334558,409761.0,58506.48,C1244947864,116104.68,2370364.63,0,0
PAYMENT,11750.03,C1844809628,39607.0,27856.97,M1661041764,0.0,0.0,0,0
CASH_IN,81709.29,C276601396,782.0,82491.29,C1133591145,1999952.28,1918242.99,0,0
PAYMENT,6798.21,C2113806491,20168.0,13369.79,M1084190810,0.0,0.0,0,0
PAYMENT,19308.22,C650006357,0.0,0.0,M634466470,0.0,0.0,0,0
CASH_IN,150291.51,C1494879959,782622.2,932913.71,C1340308837,248894.61,98603.1,0,0
TRANSFER,986255.33,C524141159,0.0,0.0,C1282079068,1089734.72,2075990.05,0,0
TRANSFER,538722.92,C1014247057,10580.0,0.0,C1739453946,1764614.05,2303336.97,0,0
PAYMENT,14365.84,C434803286,1388.0,0.0,M963470577,0.0,0.0,0,0
CASH_OUT,226633.29,C1340301891,12855.0,0.0,C917126181,1102767.24,1329400.53,0,0
PAYMENT,2842.29,C307387220,0.0,0.0,M664507635,0.0,0.0,0,0
PAYMENT,6440.12,C743304234,0.0,0.0,M977968181,0.0,0.0,0,0
CASH_OUT,92577.97,C996525899,0.0,0.0,C1332156313,911922.98,1004500.94,0,0
CASH_OUT,270659.45,C823412332,0.0,0.0,C697156329,3924084.07,4194743.52,0,0
TRANSFER,327738.21,C1630589111,408384.0,80645.79,C806448904,246514.31,574252.52,0,0
CASH_OUT,208812.0,C74922197,0.0,0.0,C172881882,2725711.88,2934523.88,0,0
CASH_IN,262149.49,C1277744739,2597068.72,2859218.21,C33558375,2360197.8,2098048.31,0,0
CASH_OUT,70880.27,C2118589831,14517.0,0.0,C1472597158,2009547.86,2080428.12,0,0
CASH_OUT,94156.28,C1351879363,0.0,0.0,C1096729109,2355470.08,2449626.36,0,0
CASH_OUT,94394.04,C1317624047,0.0,0.0,C1174241545,1431762.14,1980585.22,0,0
CASH_OUT,63229.91,C1378538132,20459.0,0.0,C1687821191,0.0,63229.91,0,0
CASH_OUT,179846.43,C1439963076,46431.0,0.0,C1591386568,556429.63,736276.06,0,0
CASH_OUT,48875.27,C630101138,151203.8,102328.54,C1677581975,2623964.35,2672839.61,0,0
PAYMENT,1817.78,C1970858001,4960.0,3142.22,M335419755,0.0,0.0,0,0
CASH_OUT,223809.24,C1661361812,23389.0,0.0,C425602936,703616.69,927425.93,0,0
CASH_OUT,82012.63,C14798395,24232.27,0.0,C299087539,341514.07,423526.69,0,0
CASH_OUT,90900.91,C1405657417,0.0,0.0,C1386959622,1522191.44,1613092.35,0,0
CASH_IN,88473.46,C993861552,13395.0,101868.46,C27703767,0.0,0.0,0,0
PAYMENT,2568.01,C198954961,15375.0,12806.99,M135419048,0.0,0.0,0,0
PAYMENT,7033.68,C1705648246,186665.14,179631.46,M1802168350,0.0,0.0,0,0
CASH_IN,132398.61,C333673809,2415256.9,2547655.5,C225487470,235089.46,102690.85,0,0
CASH_IN,313613.09,C1687347035,11044.0,324657.09,C1746667354,0.0,0.0,0,0
PAYMENT,20943.83,C572623620,49898.0,28954.17,M215966735,0.0,0.0,0,0
PAYMENT,3466.37,C756951149,0.0,0.0,M1339353911,0.0,0.0,0,0
PAYMENT,16300.89,C751252707,87370.88,71070.0,M1387379249,0.0,0.0,0,0
CASH_IN,99847.2,C1699447585,3915481.04,4015328.24,C143910768,663835.89,563988.7,0,0
CASH_OUT,97230.24,C1376251761,0.0,0.0,C1631031788,11682101.86,11779332.11,0,0
PAYMENT,22696.68,C1325999259,117616.0,94919.32,M927331274,0.0,0.0,0,0
PAYMENT,20618.79,C1923807602,0.0,0.0,M1701858958,0.0,0.0,0,0
PAYMENT,8268.52,C1247487608,241.0,0.0,M608805711,0.0,0.0,0,0
PAYMENT,55943.12,C1623298018,0.0,0.0,M953087456,0.0,0.0,0,0
PAYMENT,10092.3,C1531749026,0.0,0.0,M2019418858,0.0,0.0,0,0
PAYMENT,6865.85,C893919455,352130.86,345265.01,M1010206620,0.0,0.0,0,0
CASH_IN,249655.05,C1948089802,377883.0,627538.05,C925015004,3946978.33,3697323.28,0,0
CASH_IN,138317.95,C1249552565,1082585.72,1220903.67,C750846609,432251.65,293933.71,0,0
CASH_IN,74562.65,C1054661245,28854653.58,28929216.23,C561331537,230532.95,155970.29,0,0
CASH_IN,433670.0,C138980768,61578.0,495248.0,C1681415199,13661.32,0.0,0,0
CASH_OUT,391692.69,C89661205,0.0,0.0,C493209791,1756910.32,2148603.01,0,0
CASH_IN,40500.22,C43514372,6286510.75,6327010.96,C683865367,99873.08,59372.86,0,0
PAYMENT,15641.05,C483480588,0.0,0.0,M714618750,0.0,0.0,0,0
CASH_OUT,48566.99,C1604875342,0.0,0.0,C157435574,1349716.56,1398283.55,0,0
CASH_OUT,104696.68,C443400172,4886.0,0.0,C754359814,1318809.3,1423505.99,0,0
PAYMENT,14128.6,C898950076,14220.0,91.4,M238978006,0.0,0.0,0,0
PAYMENT,998.68,C1957126715,5037.0,4038.32,M1913162314,0.0,0.0,0,0
CASH_OUT,366457.19,C6957779,31623.0,0.0,C1391714448,0.0,366457.19,0,0
CASH_IN,32043.47,C1953313745,31337.0,63380.47,C833463550,739313.39,1701784.82,0,0
CASH_OUT,52020.07,C665768548,0.0,0.0,C1244868929,152539.63,204559.7,0,0
CASH_OUT,7698.89,C1133566599,0.0,0.0,C611194039,200817.64,208516.53,0,0
PAYMENT,14290.02,C324648433,0.0,0.0,M1655442610,0.0,0.0,0,0
CASH_IN,190158.32,C1542137126,20028.0,210186.32,C751992342,61686.34,0.0,0,0
PAYMENT,827.19,C1600924325,0.0,0.0,M736687186,0.0,0.0,0,0
PAYMENT,4591.1,C503342350,31070.0,26478.9,M142726013,0.0,0.0,0,0
CASH_IN,48280.72,C263797391,203123.0,251403.72,C1161456681,537787.24,489506.52,0,0
CASH_OUT,88763.0,C881410024,0.0,0.0,C1715382320,587366.68,676129.68,0,0
CASH_OUT,41784.3,C1419435362,0.0,0.0,C1644423973,178802.55,220586.85,0,0
CASH_OUT,26561.85,C452006699,0.0,0.0,C2078760604,339459.79,366021.64,0,0
PAYMENT,4489.95,C217685603,2684.0,0.0,M173125928,0.0,0.0,0,0
CASH_IN,60928.63,C2124815118,2905318.25,2966246.88,C809065097,154801.0,0.0,0,0
PAYMENT,20276.53,C656816510,10858.0,0.0,M854082234,0.0,0.0,0,0
CASH_IN,92789.49,C770684757,418.0,93207.49,C1158106782,9242.0,0.0,0,0
PAYMENT,11388.8,C726250894,0.0,0.0,M1978061758,0.0,0.0,0,0
TRANSFER,1640890.3,C1415380701,7043.0,0.0,C43942224,4464.51,1645354.81,0,0
CASH_OUT,148724.99,C119465064,7083.0,0.0,C1974414626,0.0,148724.99,0,0
PAYMENT,19588.56,C2024945648,0.0,0.0,M1735225173,0.0,0.0,0,0
CASH_OUT,132270.27,C1261025875,1237.0,0.0,C1306055449,0.0,36751.84,0,0
CASH_IN,157828.71,C851846104,6197044.25,6354872.96,C395588353,2772077.51,2614248.8,0,0
CASH_IN,105025.85,C1610706847,24932294.46,25037320.31,C1626774027,4393813.28,4595916.4,0,0
PAYMENT,45220.71,C1035949096,30636.0,0.0,M725927826,0.0,0.0,0,0
CASH_OUT,98775.97,C1097238516,280.0,0.0,C1172974847,235767.18,334543.15,0,0
PAYMENT,3845.72,C214814194,11691.0,7845.28,M909173917,0.0,0.0,0,0
PAYMENT,9083.8,C1208360065,479503.07,470419.27,M1843307112,0.0,0.0,0,0
TRANSFER,1406143.12,C775218016,0.0,0.0,C111911477,1451035.5,2857178.62,0,0
CASH_OUT,698.98,C465722024,32418.0,31719.02,C1053481929,310482.55,511924.4,0,0
PAYMENT,5575.07,C927430311,11281.0,5705.93,M481992137,0.0,0.0,0,0
CASH_OUT,285370.97,C1899603873,660415.07,375044.1,C860780151,307162.1,592533.07,0,0
CASH_OUT,84142.51,C1019344134,310174.17,226031.65,C246445567,3173130.03,3257272.55,0,0
PAYMENT,4807.82,C1608416389,339476.66,334668.84,M327143068,0.0,0.0,0,0
CASH_IN,192986.74,C1934950513,8481122.02,8674108.76,C363973819,409394.0,216407.26,0,0
PAYMENT,27090.78,C1292064842,0.0,0.0,M2117247452,0.0,0.0,0,0
CASH_OUT,181046.09,C840900006,44733.0,0.0,C1910870133,902551.68,1337073.34,0,0
PAYMENT,12279.21,C580575227,0.0,0.0,M248619844,0.0,0.0,0,0
CASH_IN,92756.94,C318002464,2015227.3,2107984.23,C428181615,2695831.86,2603074.92,0,0
PAYMENT,28702.56,C987159733,402539.72,373837.15,M2084043963,0.0,0.0,0,0
CASH_OUT,293934.04,C1985452598,0.0,0.0,C1845610564,2139908.14,2433842.18,0,0
PAYMENT,49604.96,C1104933032,43875.0,0.0,M2061342365,0.0,0.0,0,0
CASH_OUT,65783.56,C261145485,0.0,0.0,C1463130001,646594.38,712377.93,0,0
PAYMENT,7469.69,C1045519672,51309.0,43839.31,M1963391335,0.0,0.0,0,0
CASH_OUT,120373.93,C691070540,996.0,0.0,C1486382672,90860.07,211234.0,0,0
DEBIT,1721.6,C867171743,274743.73,273022.14,C1713760713,314929.12,316650.72,0,0
CASH_OUT,67246.63,C1403267919,49975.0,0.0,C488983642,0.0,67246.63,0,0
TRANSFER,1455541.12,C277054433,0.0,0.0,C2101446901,6215142.11,7670683.23,0,0
CASH_OUT,581215.74,C2058779210,20743.0,0.0,C568174626,240108.97,821324.71,0,0
CASH_OUT,107693.85,C1307080088,51762.0,0.0,C1811046916,0.0,107693.85,0,0
PAYMENT,35507.14,C1328728687,51285.0,15777.86,M1460039143,0.0,0.0,0,0
PAYMENT,5918.83,C423055295,40873.17,34954.34,M217904519,0.0,0.0,0,0
PAYMENT,4458.4,C660035001,26156.0,21697.6,M1917001885,0.0,0.0,0,0
PAYMENT,2259.25,C2048861186,30032.0,27772.75,M800524713,0.0,0.0,0,0
CASH_OUT,118239.04,C1641874891,751.0,0.0,C91546760,1322123.77,1440362.81,0,0
PAYMENT,4213.81,C900666245,0.0,0.0,M1980460674,0.0,0.0,0,0
CASH_IN,375378.56,C768922750,324574.85,699953.41,C1797109318,1114054.11,840750.76,0,0
CASH_OUT,151158.8,C1359553500,26668.27,0.0,C1569762018,0.0,151158.8,0,0
CASH_IN,30902.66,C866183045,15203195.57,15234098.23,C1956686803,1019124.03,988221.37,0,0
CASH_OUT,372360.76,C1860062384,0.0,0.0,C808312833,5121815.72,5494176.48,0,0
CASH_OUT,158359.79,C633739228,0.0,0.0,C1947969575,1514366.43,1672726.22,0,0
PAYMENT,8186.91,C1308012336,19914.0,11727.09,M631449261,0.0,0.0,0,0
CASH_OUT,133234.98,C1206172092,0.0,0.0,C249925902,3419597.49,3552832.47,0,0
CASH_IN,298984.32,C1068065304,2402710.33,2701694.65,C2024947566,425274.41,126290.1,0,0
PAYMENT,60788.85,C1851370843,0.0,0.0,M1141618044,0.0,0.0,0,0
CASH_IN,114179.94,C506910781,8133.07,122313.01,C780130411,361677.24,529680.71,0,0
CASH_OUT,241384.2,C628066759,0.0,0.0,C1158923208,30465085.36,30706469.55,0,0
CASH_OUT,311408.75,C1880300639,0.0,0.0,C1563929103,4880829.38,5192238.13,0,0
CASH_OUT,332100.09,C198350714,82611.69,0.0,C1295666834,1948135.28,2280235.37,0,0
CASH_IN,116083.13,C888177376,82873.0,198956.13,C972488184,230094.98,114011.85,0,0
PAYMENT,922.13,C2046269418,138846.58,137924.44,M1874973035,0.0,0.0,0,0
PAYMENT,8759.3,C1275495170,0.0,0.0,M1406485372,0.0,0.0,0,0
PAYMENT,63444.6,C1607867077,0.0,0.0,M868747024,0.0,0.0,0,0
CASH_OUT,197034.86,C1722261382,406623.09,209588.23,C1138046748,5053628.9,5613389.92,0,0
CASH_IN,28075.43,C1634277266,4072843.8,4100919.23,C1070900575,398348.58,370273.15,0,0
PAYMENT,8639.31,C408674558,0.0,0.0,M815458202,0.0,0.0,0,0
PAYMENT,35186.2,C1886366123,0.0,0.0,M1817989276,0.0,0.0,0,0
CASH_IN,88709.67,C819037820,4899579.31,4988288.98,C1590063902,118805.33,30095.67,0,0
CASH_IN,98874.85,C452150589,2463798.44,2562673.29,C2103935107,509103.75,410228.9,0,0
TRANSFER,1457930.48,C136046787,0.0,0.0,C2089080925,2311572.68,3769503.16,0,0
CASH_IN,425749.04,C913342038,156212.43,581961.48,C262228254,867980.53,442231.49,0,0
CASH_OUT,17064.98,C1032585179,31519.0,14454.02,C283459723,345624.66,362689.64,0,0
TRANSFER,2880317.59,C141775146,0.0,0.0,C285198325,2932469.28,5812786.86,0,0
CASH_OUT,121794.49,C1390887743,0.0,0.0,C871715405,551114.32,672908.81,0,0
CASH_OUT,179214.39,C246206633,20843.0,0.0,C815146131,47976.31,227190.7,0,0
CASH_IN,175241.29,C16742627,5672167.24,5847408.53,C1147505208,257469.05,82227.76,0,0
CASH_IN,137418.27,C1346249799,17583.0,155001.27,C1525639605,5568513.08,5431094.8,0,0
CASH_IN,44159.08,C1900379321,9123136.38,9167295.47,C1305112338,464410.07,420250.99,0,0
PAYMENT,388.44,C1588325448,0.0,0.0,M555879373,0.0,0.0,0,0
CASH_IN,106999.92,C1336188711,10287682.52,10394682.44,C432312419,494208.32,387208.4,0,0
PAYMENT,8877.93,C1414582374,6079.46,0.0,M1599892212,0.0,0.0,0,0
CASH_OUT,395840.61,C1299996125,20378.0,0.0,C1717116135,23106.42,418947.03,0,0
CASH_IN,226550.48,C784616434,8716842.34,8943392.82,C1696079105,1321951.35,1095400.87,0,0
PAYMENT,8969.25,C945585748,0.0,0.0,M367855254,0.0,0.0,0,0
CASH_OUT,165407.73,C862511989,2042.0,0.0,C1360867618,2736645.18,2902052.91,0,0
CASH_OUT,66762.22,C4087308,0.0,0.0,C1255775828,6645934.43,6712696.64,0,0
TRANSFER,520549.87,C2087426933,0.0,0.0,C290567466,775871.71,2863023.84,0,0
CASH_OUT,349211.89,C818965387,14466.0,0.0,C394097764,629851.26,979063.15,0,0
PAYMENT,8127.74,C140046810,85500.0,77372.26,M2025533551,0.0,0.0,0,0
CASH_OUT,319649.77,C297663252,0.0,0.0,C1413033701,796200.04,1442507.89,0,0
CASH_OUT,292657.84,C2009652022,325082.0,32424.16,C2010859224,0.0,292657.84,0,0
CASH_IN,269235.22,C1655067473,107972.0,377207.22,C699026377,2767734.75,4000325.89,0,0
PAYMENT,20184.05,C918580328,0.0,0.0,M1207537775,0.0,0.0,0,0
PAYMENT,10646.13,C384822328,0.0,0.0,M1605993439,0.0,0.0,0,0
CASH_OUT,182511.74,C65591659,0.0,0.0,C21570923,190581.55,373093.29,0,0
PAYMENT,11851.1,C1485209163,45724.0,33872.9,M1168980161,0.0,0.0,0,0
CASH_OUT,61623.02,C1735756584,0.0,0.0,C1096191961,559450.28,621073.3,0,0
PAYMENT,8770.56,C1594176131,34.0,0.0,M512879587,0.0,0.0,0,0
CASH_OUT,176329.59,C14811930,330134.18,153804.59,C1838646084,1449749.35,1626078.94,0,0
CASH_IN,166463.75,C1887850621,370104.04,536567.8,C1502495845,1682963.54,1516499.78,0,0
CASH_IN,85935.17,C903168070,73107.0,159042.17,C1037111624,895713.97,809778.8,0,0
PAYMENT,7633.38,C1394879126,0.0,0.0,M1969724948,0.0,0.0,0,0
CASH_OUT,5793.46,C1813554370,0.0,0.0,C89226333,66635.14,72428.6,0,0
PAYMENT,14140.01,C40292658,51929.0,37788.99,M843482863,0.0,0.0,0,0
PAYMENT,2570.69,C1503312676,11046.0,8475.31,M1129329673,0.0,0.0,0,0
CASH_IN,21726.21,C1401879701,697923.18,719649.39,C91834093,4756620.11,4734893.9,0,0
PAYMENT,32234.88,C576988103,0.0,0.0,M640304928,0.0,0.0,0,0
CASH_IN,233837.95,C184318211,10287.0,244124.95,C1822693604,0.0,0.0,0,0
PAYMENT,12122.27,C160390527,32368.98,20246.71,M535448981,0.0,0.0,0,0
PAYMENT,24007.41,C1063473117,0.0,0.0,M364372984,0.0,0.0,0,0
PAYMENT,13732.92,C29102117,51805.0,38072.08,M576144165,0.0,0.0,0,0
CASH_OUT,2727.8,C1020557912,0.0,0.0,C1671191805,764439.21,767167.01,0,0
CASH_OUT,110928.96,C105579689,0.0,0.0,C1247892298,3607629.22,3718558.18,0,0
CASH_OUT,305565.08,C1660083498,5041.0,0.0,C1000656618,757843.64,1063408.72,0,0
CASH_IN,99833.14,C758772769,8387063.62,8486896.76,C1745851700,2256082.7,2156249.56,0,0
PAYMENT,6711.9,C943176057,0.0,0.0,M229701123,0.0,0.0,0,0
PAYMENT,21387.25,C776759281,3761.33,0.0,M1810563863,0.0,0.0,0,0
CASH_IN,116144.91,C356553002,8737585.37,8853730.29,C1230136480,564454.52,448309.61,0,0
CASH_IN,11360.89,C2073524344,1322664.93,1334025.82,C1094077048,350761.86,339400.97,0,0
CASH_OUT,299106.37,C113118011,411029.71,111923.34,C871498649,533381.17,895227.92,0,0
PAYMENT,7319.7,C2016146284,0.0,0.0,M699897960,0.0,0.0,0,0
CASH_OUT,61151.97,C1470134126,245603.0,184451.03,C235938535,2172941.35,2751365.97,0,0
PAYMENT,708.32,C650737083,504492.11,503783.8,M1371639130,0.0,0.0,0,0
PAYMENT,554.56,C1059878731,30117.0,29562.44,M1286692906,0.0,0.0,0,0
CASH_OUT,45896.58,C1526754574,0.0,0.0,C57421955,145890.82,191787.4,0,0
CASH_IN,140866.0,C249794116,8440566.78,8581432.78,C1669921308,654045.28,513179.28,0,0
PAYMENT,7062.9,C633289206,114314.0,107251.1,M799242206,0.0,0.0,0,0
PAYMENT,20798.99,C466194005,11068.0,0.0,M1129618097,0.0,0.0,0,0
CASH_OUT,187548.24,C1459705299,150811.0,0.0,C1636573208,215580.21,409586.97,0,0
PAYMENT,20535.15,C1601443537,135713.13,115177.98,M253115733,0.0,0.0,0,0
CASH_IN,307539.58,C1503691303,13733.0,321272.58,C1024161943,214562.46,0.0,0,0
PAYMENT,16870.01,C1503594331,247900.55,231030.54,M248951722,0.0,0.0,0,0
CASH_OUT,304465.18,C1727201598,396800.0,92334.82,C1799577889,54522.02,358987.2,0,0
TRANSFER,1141263.83,C2040725366,55704.0,0.0,C909939590,57016.46,1198280.29,0,0
CASH_OUT,267344.9,C1003400628,81100.0,0.0,C61044123,49804.0,415568.62,0,0
CASH_IN,313962.88,C1865990336,3430270.88,3744233.76,C972201815,2601713.29,2287750.41,0,0
CASH_OUT,188558.24,C502991902,208196.58,19638.34,C1240800318,842265.01,1030823.25,0,0
PAYMENT,7814.28,C566981337,314718.92,306904.65,M276175193,0.0,0.0,0,0
PAYMENT,16828.93,C1145369842,0.0,0.0,M966456723,0.0,0.0,0,0
CASH_IN,353330.4,C1256126348,4417461.96,4770792.36,C1655967056,4956645.31,4603314.92,0,0
TRANSFER,1188064.74,C88589690,133.0,0.0,C1960571925,249926.54,1437991.28,0,0
PAYMENT,3662.97,C1139621843,18156.73,14493.76,M1351863492,0.0,0.0,0,0
CASH_OUT,148571.75,C408295848,10031.0,0.0,C1203387417,0.0,148571.75,0,0
CASH_IN,194352.78,C1722600208,6725441.35,6919794.13,C2114814557,744164.78,549812.0,0,0
CASH_OUT,221038.45,C1026274311,0.0,0.0,C1925188324,1274419.13,1495457.58,0,0
CASH_IN,90989.86,C502670647,8694319.53,8785309.38,C534463139,3795963.91,3704974.05,0,0
CASH_IN,100336.87,C1267568862,18635.0,118971.87,C832899346,5709519.69,5609182.82,0,0
TRANSFER,238532.27,C702499715,68323.0,0.0,C307405656,4581.0,243113.27,0,0
PAYMENT,6859.58,C1004390475,0.0,0.0,M536500301,0.0,0.0,0,0
CASH_IN,301312.13,C1538248679,921.0,302233.13,C1668520032,0.0,0.0,0,0
PAYMENT,9774.72,C436064907,25007.0,15232.28,M2098357084,0.0,0.0,0,0
PAYMENT,8281.46,C27413133,6955.0,0.0,M533243812,0.0,0.0,0,0
CASH_OUT,22149.19,C2074038363,0.0,0.0,C661951135,7873888.76,7896037.96,0,0
CASH_OUT,54132.2,C1897310539,0.0,0.0,C10539172,332452.39,386584.59,0,0
CASH_IN,242640.72,C275670946,2337713.77,2580354.49,C66698974,496953.03,254312.31,0,0
CASH_OUT,351187.49,C1296640812,65173.0,0.0,C1775950954,69083.74,420271.23,0,0
CASH_OUT,160851.77,C1109655942,787359.0,626507.23,C884518289,228.0,161079.77,0,0
CASH_OUT,190931.48,C1827264182,53393.0,0.0,C1393503856,87227.73,278159.21,0,0
CASH_OUT,444307.34,C2008915824,174026.0,0.0,C318285196,3827005.48,4271312.82,0,0
CASH_OUT,161111.01,C593633013,25531.0,0.0,C1262797435,0.0,161111.01,0,0
CASH_OUT,135112.84,C545244010,0.0,0.0,C354628826,658756.87,793869.71,0,0
CASH_IN,246814.78,C2140443647,4201650.61,4448465.39,C1173933657,257526.1,10711.31,0,0
CASH_OUT,171827.95,C1299033121,103261.0,0.0,C621585262,0.0,171827.95,0,0
CASH_IN,284125.47,C1319900753,5857798.88,6141924.35,C746338703,1757421.8,1473296.33,0,0
PAYMENT,7718.66,C478703212,42493.0,34774.34,M997217185,0.0,0.0,0,0
TRANSFER,13633766.24,C1571033712,0.0,0.0,C879983640,24881920.79,38515687.03,0,0
CASH_IN,447160.91,C2104972944,791.0,447951.91,C1374259012,102071.33,0.0,0,0
PAYMENT,80702.25,C1070117596,0.0,0.0,M1867907698,0.0,0.0,0,0
CASH_OUT,75036.98,C1770407497,84702.0,9665.02,C1732741834,3310366.9,3385403.89,0,0
PAYMENT,25730.45,C142596325,51737.0,26006.55,M1151652116,0.0,0.0,0,0
TRANSFER,7628742.4,C2040515604,20473.0,0.0,C436137981,0.0,7628742.4,0,0
CASH_OUT,223980.09,C1539083526,0.0,0.0,C1299911785,925923.86,1149903.96,0,0
TRANSFER,392191.59,C1569445506,0.0,0.0,C244707149,527044.77,919236.36,0,0
PAYMENT,20219.29,C1123002780,20386.0,166.71,M39521870,0.0,0.0,0,0
PAYMENT,14005.16,C390938512,38109.7,24104.54,M164813731,0.0,0.0,0,0
CASH_IN,415130.82,C249133138,2874015.32,3289146.14,C1616817226,753607.44,338476.62,0,0
CASH_OUT,223815.53,C838238882,327129.0,103313.47,C752479429,2004166.89,2227982.43,0,0
PAYMENT,2510.85,C1840641685,108684.0,106173.15,M1921056777,0.0,0.0,0,0
CASH_IN,3053.99,C1119531381,1361706.43,1364760.41,C1517610093,85346.28,82292.29,0,0
CASH_OUT,570425.78,C667593616,0.0,0.0,C327566164,2912204.37,3482630.14,0,0
PAYMENT,9426.52,C2099243631,10353.0,926.48,M1204172510,0.0,0.0,0,0
CASH_IN,212988.33,C2109781119,54103.0,267091.33,C1194029995,110747.19,0.0,0,0
CASH_OUT,84092.23,C1777536715,0.0,0.0,C152631073,6091934.98,6176027.21,0,0
CASH_IN,78611.5,C1126887256,1592124.14,1670735.64,C1956477953,1294828.98,1216217.48,0,0
PAYMENT,12977.1,C320518900,1042.31,0.0,M2139450055,0.0,0.0,0,0
CASH_OUT,10186.04,C117705956,0.0,0.0,C1213965340,1613136.09,1623322.12,0,0
CASH_OUT,392639.09,C1613465410,90055.0,0.0,C536893315,10931169.5,11658466.2,0,0
PAYMENT,1092.39,C1603364965,7026.0,5933.61,M166126167,0.0,0.0,0,0
PAYMENT,8866.2,C1556670319,0.0,0.0,M1770695408,0.0,0.0,0,0
PAYMENT,10098.76,C201476017,0.0,0.0,M1194827802,0.0,0.0,0,0
CASH_IN,260948.2,C1144105770,6371595.58,6632543.77,C1306298630,4713057.11,4452108.91,0,0
CASH_IN,81114.08,C763073236,150011.0,231125.08,C535034014,304502.96,223388.87,0,0
PAYMENT,1369.8,C367011083,0.0,0.0,M532578493,0.0,0.0,0,0
CASH_IN,139560.51,C1717316675,79418.0,218978.51,C1385924981,5030.0,255426.47,0,0
PAYMENT,10120.5,C1754925151,452.71,0.0,M462626040,0.0,0.0,0,0
CASH_OUT,87891.88,C470093767,186435.0,98543.12,C1752738640,0.0,87891.88,0,0
CASH_IN,158075.95,C1343481692,12526828.36,12684904.31,C2018772996,4231894.83,4073818.88,0,0
TRANSFER,389998.96,C547864468,0.0,0.0,C794538221,976421.36,1366420.32,0,0
CASH_OUT,114286.9,C727500942,0.0,0.0,C399326132,263302.41,377589.31,0,0
CASH_OUT,297712.16,C327065518,0.0,0.0,C239690642,1168531.35,1466243.52,0,0
CASH_OUT,229671.7,C23799354,790115.06,560443.36,C712529911,258730.79,488402.49,0,0
CASH_OUT,425925.89,C784322340,187804.0,0.0,C1496451717,0.0,425925.89,0,0
CASH_IN,77984.06,C2097267872,11328.0,89312.06,C2101932307,138870.97,60886.91,0,0
CASH_OUT,7487.66,C1364411520,0.0,0.0,C1903185619,330502.23,337989.9,0,0
CASH_OUT,11519.54,C1495225094,0.0,0.0,C1967667895,462383.41,473902.96,0,0
CASH_OUT,156738.21,C1243126963,19966.0,0.0,C497016765,0.0,156738.21,0,0
CASH_IN,167820.54,C1828127460,6196796.03,6364616.58,C809769702,2176468.66,2008648.11,0,0
PAYMENT,13673.36,C1431734117,609117.85,595444.49,M422725910,0.0,0.0,0,0
CASH_OUT,118951.17,C265007486,0.0,0.0,C1684975696,6326386.73,6029983.25,0,0
CASH_OUT,255392.01,C259311295,10068.0,0.0,C525141182,39131.44,160321.09,0,0
CASH_IN,210838.07,C21227332,6920496.68,7131334.75,C771722688,309605.52,98767.45,0,0
PAYMENT,15157.03,C1082851912,294847.7,279690.67,M1019823460,0.0,0.0,0,0
PAYMENT,4815.25,C1302488690,0.0,0.0,M53463587,0.0,0.0,0,0
CASH_IN,263395.04,C1712139212,275260.0,538655.04,C660558876,0.0,0.0,0,0
PAYMENT,33446.19,C2093672818,496939.74,463493.56,M104741534,0.0,0.0,0,0
CASH_IN,126481.46,C2042663724,7220499.99,7346981.45,C1584136489,219696.48,93215.02,0,0
CASH_IN,215417.44,C200305253,3909160.62,4124578.07,C145724500,1914169.5,1698752.06,0,0
CASH_IN,9564.15,C1862610607,806130.73,815694.88,C1504936909,2932953.79,2923389.64,0,0
CASH_OUT,137566.55,C564331681,0.0,0.0,C2120267875,611237.38,748803.93,0,0
TRANSFER,172161.08,C1426994425,0.0,0.0,C1284973710,428938.33,601099.41,0,0
CASH_OUT,175805.05,C1093737139,50560.0,0.0,C687844507,23409.5,199214.55,0,0
CASH_OUT,292646.03,C2053563420,0.0,0.0,C1790308414,856288.83,1148934.86,0,0
CASH_IN,159242.15,C649095147,10653638.23,10812880.38,C942806054,1488011.41,1328769.26,0,0
TRANSFER,341841.85,C1198193455,0.0,0.0,C842642744,1388942.43,1730784.29,0,0
PAYMENT,3972.02,C240709304,21180.0,17207.98,M1087968364,0.0,0.0,0,0
PAYMENT,15235.19,C648236189,0.0,0.0,M1420659404,0.0,0.0,0,0
CASH_OUT,107432.78,C885535655,49398.98,0.0,C770199044,210171.94,317604.72,0,0
CASH_OUT,138729.92,C1461209420,216919.42,78189.5,C641009714,0.0,138729.92,0,0
CASH_OUT,693147.2,C106510250,1801.0,0.0,C1245217984,683836.33,1376983.54,0,0
CASH_OUT,30105.76,C2121590433,32213.0,2107.24,C1494190292,7265754.48,7295860.24,0,0
CASH_OUT,3410.69,C1559107659,50256.0,46845.31,C602943014,162237.28,165647.97,0,0
CASH_OUT,46012.85,C2098630741,0.0,0.0,C922062853,3746685.52,3792698.36,0,0
PAYMENT,16687.73,C1897762496,0.0,0.0,M999063537,0.0,0.0,0,0
PAYMENT,5149.35,C2127165187,7444.0,2294.65,M1187358916,0.0,0.0,0,0
CASH_OUT,103140.31,C1520385286,0.0,0.0,C1861767023,1821791.45,1924931.77,0,0
CASH_OUT,162252.74,C1189284914,59435.0,0.0,C917347644,404791.7,567044.44,0,0
CASH_IN,220072.22,C139193297,918009.86,1138082.08,C228854360,409786.43,189714.21,0,0
CASH_IN,14792.69,C398098978,114173.0,128965.69,C87891787,88803.3,74010.6,0,0
PAYMENT,8576.17,C326388709,244.0,0.0,M1033211206,0.0,0.0,0,0
TRANSFER,2769324.96,C457295605,0.0,0.0,C681396896,14576134.54,17345459.5,0,0
PAYMENT,28516.62,C23367626,0.0,0.0,M633702203,0.0,0.0,0,0
CASH_OUT,125293.32,C1506015510,282.0,0.0,C1811165304,295800.94,421094.26,0,0
CASH_OUT,164000.06,C142196417,5009.0,0.0,C2102629783,197362.61,361362.67,0,0
CASH_OUT,145886.02,C1172899731,0.0,0.0,C1604494503,586445.41,732331.44,0,0
PAYMENT,10418.14,C1038019227,0.0,0.0,M600951625,0.0,0.0,0,0
PAYMENT,37577.12,C1048376594,101429.0,63851.88,M232508843,0.0,0.0,0,0
CASH_IN,360850.9,C331226684,45544.0,406394.9,C743253391,442932.59,82081.69,0,0
PAYMENT,26087.45,C236657262,0.0,0.0,M1343898497,0.0,0.0,0,0
PAYMENT,5555.62,C1015329799,32439.59,26883.97,M498637378,0.0,0.0,0,0
PAYMENT,6581.4,C156041715,0.0,0.0,M516455874,0.0,0.0,0,0
PAYMENT,4807.24,C654226752,0.0,0.0,M247648545,0.0,0.0,0,0
PAYMENT,2158.16,C838782224,14781.0,12622.84,M1830501695,0.0,0.0,0,0
CASH_OUT,139225.17,C1990085476,1480.0,0.0,C152354578,0.0,139225.17,0,0
CASH_OUT,41534.42,C1093643440,62466.0,20931.58,C1588416140,98255.13,139789.55,0,0
CASH_IN,42711.87,C195260576,11082.0,53793.87,C499296702,85970.35,43258.48,0,0
CASH_OUT,51659.16,C1506427951,314196.0,262536.84,C132865788,3564760.14,3616419.31,0,0
PAYMENT,11692.46,C1279578720,0.0,0.0,M580172729,0.0,0.0,0,0
PAYMENT,18891.92,C1778914982,586629.18,567737.26,M1626347860,0.0,0.0,0,0
CASH_IN,252949.29,C1237009987,15024857.87,15277807.16,C2141459588,440986.44,188037.15,0,0
CASH_OUT,193178.57,C1488541744,914358.0,721179.43,C1046379400,0.0,227049.15,0,0
CASH_OUT,177349.9,C1140630527,0.0,0.0,C952501202,205478.52,382828.43,0,0
CASH_IN,194444.93,C722583380,3162961.32,3357406.26,C324785306,664880.74,470435.81,0,0
CASH_OUT,431178.23,C2076710158,5162.0,0.0,C547012723,0.0,431178.23,0,0
CASH_OUT,98102.49,C808490134,0.0,0.0,C1603856003,1131708.47,1229810.97,0,0
CASH_OUT,478468.66,C1548215642,0.0,0.0,C1020886016,1569169.16,2047637.82,0,0
PAYMENT,7854.82,C1390813015,3096.06,0.0,M538357495,0.0,0.0,0,0
PAYMENT,17087.04,C190357634,40364.0,23276.96,M1502589597,0.0,0.0,0,0
CASH_OUT,338064.73,C1084995869,0.0,0.0,C742014624,2610335.8,2948400.54,0,0
CASH_OUT,161096.48,C134286138,0.0,0.0,C2107500021,457311.36,618407.84,0,0
CASH_OUT,27763.68,C650917111,953.0,0.0,C151404684,115257.5,143021.19,0,0
PAYMENT,2934.19,C1676396908,1310.0,0.0,M1177474133,0.0,0.0,0,0
CASH_IN,76272.57,C1505470592,10744.0,87016.57,C1926565171,67144.58,0.0,0,0
CASH_OUT,62744.65,C107871584,0.0,0.0,C355537328,2835627.73,2898372.38,0,0
CASH_OUT,230026.48,C1332981269,104628.0,0.0,C1804526007,222355.58,452382.07,0,0
PAYMENT,35933.37,C102163531,793912.0,757978.63,M418230226,0.0,0.0,0,0
TRANSFER,918087.96,C480126375,918087.96,0.0,C1995515228,0.0,0.0,1,0
DEBIT,1585.49,C1866237900,75244.0,73658.51,C1486708303,1503203.19,1504788.68,0,0
CASH_IN,55463.02,C457115553,885342.73,940805.75,C861935815,797809.56,742346.55,0,0
CASH_IN,207326.59,C11718831,10452.0,217778.59,C377091983,689946.21,482619.61,0,0
CASH_IN,122599.18,C1199173577,6158796.03,6281395.21,C600814847,1965243.58,1842644.4,0,0
TRANSFER,158399.27,C1841438415,0.0,0.0,C7406165,278607.58,645306.56,0,0
TRANSFER,98018.04,C1171826495,0.0,0.0,C493261161,3320684.43,3418702.47,0,0
CASH_OUT,172587.03,C717149333,0.0,0.0,C422990138,4054426.34,4227013.37,0,0
CASH_IN,195447.21,C465625654,1927874.65,2123321.86,C893420869,1933448.24,1738001.04,0,0
TRANSFER,700349.46,C619539117,178.0,0.0,C219345493,0.0,700349.46,0,0
TRANSFER,307286.32,C1606343351,97799.9,0.0,C300620164,660070.73,967357.05,0,0
PAYMENT,3213.04,C1357343931,2373.51,0.0,M1608519979,0.0,0.0,0,0
CASH_OUT,190569.3,C1120570496,123638.0,0.0,C943371240,0.0,190569.3,0,0
CASH_OUT,43925.85,C1529480902,7952.0,0.0,C162400148,4130743.63,4174669.49,0,0
CASH_OUT,489905.57,C1235833867,0.0,0.0,C869755614,1101597.51,1745980.11,0,0
CASH_OUT,218714.13,C355611732,31251.0,0.0,C1095933496,0.0,218714.13,0,0
PAYMENT,19150.92,C353591461,19284.0,133.08,M1232540214,0.0,0.0,0,0
CASH_OUT,15956.83,C661806549,0.0,0.0,C1870573783,32405.33,48362.16,0,0
DEBIT,4771.87,C2092109454,117144.0,112372.13,C1317399593,491285.0,496056.86,0,0
PAYMENT,7094.26,C235348753,0.0,0.0,M81955281,0.0,0.0,0,0
PAYMENT,20071.69,C2114656470,12316.0,0.0,M1697163692,0.0,0.0,0,0
CASH_OUT,401907.59,C792230602,182333.28,0.0,C1274090641,265451.66,667359.25,0,0
PAYMENT,15370.06,C543347839,46543.0,31172.94,M1740105043,0.0,0.0,0,0
TRANSFER,103792.42,C1690730931,0.0,0.0,C400731633,499142.28,602934.7,0,0
PAYMENT,27106.98,C1412196776,0.0,0.0,M474548910,0.0,0.0,0,0
CASH_OUT,121573.41,C1837120588,2076.0,0.0,C1610667096,759327.43,880900.85,0,0
CASH_OUT,41810.45,C1460591823,0.0,0.0,C1975056515,1468236.13,1510046.57,0,0
CASH_OUT,86585.55,C429753361,50796.0,0.0,C874188730,0.0,86585.55,0,0
CASH_OUT,216269.48,C173769865,30857.0,0.0,C784155666,168147.33,384416.8,0,0
CASH_IN,2521.56,C1487739570,8835547.93,8838069.49,C1464711204,110347.08,107825.52,0,0
CASH_IN,117365.93,C1514145122,35440.0,152805.93,C1308504057,5137270.93,5019905.0,0,0
TRANSFER,994527.9,C1594678030,0.0,0.0,C1620394081,2840304.75,3834832.65,0,0
PAYMENT,15148.28,C349481028,89546.59,74398.32,M1002700175,0.0,0.0,0,0
CASH_OUT,30746.75,C474533904,0.0,0.0,C35656683,105159.94,48058.23,0,0
PAYMENT,6685.17,C1539084872,218680.93,211995.76,M771249277,0.0,0.0,0,0
CASH_IN,696003.94,C2093611948,20212.0,716215.94,C1502188223,0.0,0.0,0,0
CASH_IN,254122.3,C1863030861,328.0,254450.3,C2041586859,2276410.3,2022288.0,0,0
CASH_OUT,44827.57,C654716279,0.0,0.0,C293348398,4820152.59,4864980.16,0,0
CASH_IN,46186.33,C1564606491,40698.0,86884.33,C1955211596,0.0,0.0,0,0
PAYMENT,5777.35,C1788218028,467.0,0.0,M1083243741,0.0,0.0,0,0
TRANSFER,587944.83,C1595069469,0.0,0.0,C2072865894,12521458.23,13109403.06,0,0
PAYMENT,6902.72,C1593842777,385944.35,379041.63,M464861403,0.0,0.0,0,0
CASH_IN,41353.57,C873511093,8433367.76,8474721.33,C1366198415,474396.85,433043.28,0,0
CASH_OUT,305172.54,C506932602,0.0,0.0,C1744144728,3312889.84,3618062.38,0,0
CASH_OUT,153031.32,C1429869739,0.0,0.0,C979818878,247539.22,400570.54,0,0
PAYMENT,6768.27,C366205772,446946.48,440178.22,M1027040405,0.0,0.0,0,0
PAYMENT,10081.64,C1280369974,0.0,0.0,M2108253706,0.0,0.0,0,0
CASH_IN,52181.61,C200304281,7049507.53,7101689.14,C694033784,7698170.56,7645988.96,0,0
CASH_OUT,47019.8,C1364407192,0.0,0.0,C382317311,661307.06,708326.86,0,0
PAYMENT,9168.67,C1514216907,30097.0,20928.33,M1755755220,0.0,0.0,0,0
TRANSFER,1788440.58,C983876011,0.0,0.0,C1677196884,2524182.4,4312622.98,0,0
CASH_OUT,106626.5,C622738933,0.0,0.0,C1991642620,1096489.36,1203115.87,0,0
PAYMENT,14529.75,C574726708,56297.0,41767.25,M734754204,0.0,0.0,0,0
CASH_OUT,252662.53,C1550842628,101819.0,0.0,C1173267981,0.0,15739.52,0,0
PAYMENT,23333.14,C1848349651,0.0,0.0,M1204740786,0.0,0.0,0,0
TRANSFER,30833.74,C1681714324,94341.05,63507.31,C593923231,126646.92,157480.66,0,0
CASH_IN,216114.98,C390545668,3409909.81,3626024.79,C496673497,587618.22,371503.25,0,0
CASH_OUT,254131.22,C1092934741,0.0,0.0,C972097091,1762541.65,2016672.87,0,0
PAYMENT,10340.2,C1290600369,0.0,0.0,M1916292528,0.0,0.0,0,0
CASH_OUT,254193.07,C1536955094,0.0,0.0,C337075968,720758.07,974951.14,0,0
CASH_OUT,119581.82,C501867824,0.0,0.0,C1817081365,261841.84,381423.66,0,0
CASH_IN,345600.95,C1956066781,31119.0,376719.95,C1602168591,245210.78,0.0,0,0
CASH_IN,26298.28,C454295085,1541286.47,1567584.76,C1187898593,318345.58,292047.29,0,0
CASH_IN,137936.35,C891088198,4936.0,142872.35,C1476512473,2495102.07,2357165.72,0,0
PAYMENT,33175.57,C566188154,1024.97,0.0,M1686695835,0.0,0.0,0,0
PAYMENT,11704.93,C199964726,19674.0,7969.07,M222271969,0.0,0.0,0,0
TRANSFER,317641.16,C674426198,0.0,0.0,C1746281994,2718378.14,3036019.29,0,0
CASH_IN,261642.02,C569186664,10876.0,272518.02,C364894548,273218.08,11576.06,0,0
TRANSFER,650375.3,C1181950581,119447.0,0.0,C1421814764,0.0,650375.3,0,0
CASH_IN,305158.58,C866170981,2826.0,307984.58,C1325763647,0.0,0.0,0,0
PAYMENT,17225.38,C2095738407,69367.0,52141.62,M1147611966,0.0,0.0,0,0
CASH_OUT,16958.28,C32195750,106644.0,89685.72,C849975448,147498.37,164456.65,0,0
PAYMENT,3729.14,C863716078,0.0,0.0,M418368723,0.0,0.0,0,0
CASH_OUT,169681.99,C677575362,44462.0,0.0,C2014757906,5822.68,175504.66,0,0
PAYMENT,9351.69,C1833816098,22096.0,12744.31,M747842717,0.0,0.0,0,0
CASH_IN,253638.12,C1184474860,9384374.21,9638012.34,C1224692003,552769.93,299131.8,0,0
CASH_OUT,395095.41,C2083767125,3274.0,0.0,C1589347702,1975912.19,2371007.59,0,0
CASH_OUT,134055.53,C86149094,0.0,0.0,C1991184172,199731.09,333786.61,0,0
PAYMENT,4334.06,C571033684,0.0,0.0,M742624277,0.0,0.0,0,0
CASH_IN,455749.82,C2032538187,10854.0,466603.82,C820161932,0.0,0.0,0,0
CASH_IN,39082.13,C1339182723,4298751.84,4337833.97,C863558495,6740710.79,6701628.66,0,0
CASH_IN,109381.12,C42508315,2584989.91,2694371.03,C1203878704,2886126.42,2776745.3,0,0
CASH_IN,393071.53,C1550662926,1530.0,394601.53,C1102504519,227627.2,0.0,0,0
CASH_IN,175180.63,C1514622603,3526.0,178706.63,C1437589722,112052.57,0.0,0,0
CASH_IN,71490.64,C532404705,7883420.32,7954910.96,C1061582902,964624.78,893134.14,0,0
CASH_IN,284386.76,C1219208872,6399770.66,6684157.42,C1165398731,3973177.61,3628275.49,0,0
PAYMENT,2057.72,C755472700,39820.0,37762.28,M479406792,0.0,0.0,0,0
PAYMENT,5818.38,C1020239709,0.0,0.0,M1138187669,0.0,0.0,0,0
CASH_IN,164224.44,C2029588802,78234.0,242458.44,C990926057,0.0,0.0,0,0
CASH_IN,90149.21,C1459057146,16669964.72,16760113.93,C1624630518,363166.06,273016.85,0,0
CASH_OUT,58682.53,C324435724,11538.0,0.0,C1407827147,0.0,58682.53,0,0
CASH_OUT,32348.76,C1543707437,101961.0,69612.24,C853443881,0.0,32348.76,0,0
CASH_IN,243053.06,C1949042277,194982.15,438035.21,C917188011,0.0,0.0,0,0
CASH_IN,152722.68,C1971967947,3834117.81,3986840.49,C1091041839,526958.35,374235.68,0,0
PAYMENT,8740.27,C306555255,1440.0,0.0,M1904059717,0.0,0.0,0,0
PAYMENT,15468.78,C1230765846,31416.0,15947.22,M528075785,0.0,0.0,0,0
PAYMENT,24327.97,C106931186,4586.0,0.0,M176520266,0.0,0.0,0,0
CASH_IN,9150.26,C763147873,10228.0,19378.26,C987902843,10035976.66,10026826.4,0,0
CASH_IN,170541.97,C737271788,117554.0,288095.97,C1566862502,123669.55,0.0,0,0
CASH_OUT,33730.23,C919860331,0.0,0.0,C2073791868,255866.29,289596.52,0,0
CASH_IN,82355.85,C1667047428,10118539.02,10200894.87,C854375844,1042061.33,959705.48,0,0
CASH_OUT,34360.32,C22792623,20654.0,0.0,C424926101,835527.13,869887.45,0,0
CASH_IN,36816.82,C676669287,2456111.68,2492928.5,C117333861,130444.04,93627.22,0,0
PAYMENT,1619.64,C829163295,101.0,0.0,M71365930,0.0,0.0,0,0
DEBIT,6305.48,C1272912261,84860.55,78555.07,C890802235,23702.56,30008.04,0,0
CASH_OUT,42670.06,C1582603159,0.0,0.0,C1886498636,423127.86,465797.92,0,0
TRANSFER,1055611.64,C518333611,7090.81,0.0,C239180439,2233706.4,3289318.04,0,0
CASH_IN,84257.37,C1933147264,3747812.9,3832070.26,C545824,372139.39,287882.02,0,0
PAYMENT,18385.24,C1605119539,77924.0,59538.76,M1428329132,0.0,0.0,0,0
CASH_OUT,284040.45,C889450424,0.0,0.0,C822540098,358212.23,642252.68,0,0
CASH_IN,105845.33,C1471958078,1277.0,107122.33,C1765740357,0.0,0.0,0,0
PAYMENT,45283.22,C544079118,0.0,0.0,M1940731845,0.0,0.0,0,0
CASH_IN,285864.39,C1514630396,9972489.11,10258353.5,C794456028,6981664.14,6695799.75,0,0
PAYMENT,55487.24,C726588634,98805.87,43318.63,M1023150017,0.0,0.0,0,0
CASH_OUT,465790.48,C1054724258,14121.0,0.0,C575023887,200065.8,665856.28,0,0
CASH_IN,169278.57,C1620357685,191.0,169469.57,C282782863,44644.85,0.0,0,0
CASH_OUT,23691.63,C481297789,46551.0,22859.37,C80580404,1656736.7,1680428.32,0,0
PAYMENT,7292.93,C1902561314,95477.0,88184.07,M1219348582,0.0,0.0,0,0
CASH_IN,169445.85,C318197917,10318754.84,10488200.69,C1446457869,3179912.46,3010466.61,0,0
PAYMENT,5094.09,C1729786564,311.0,0.0,M191784957,0.0,0.0,0,0
CASH_OUT,210326.35,C360896524,2233.0,0.0,C43839478,689746.09,900072.44,0,0
PAYMENT,3143.47,C1176950782,0.0,0.0,M2129603379,0.0,0.0,0,0
CASH_IN,61633.78,C842558834,1415110.59,1476744.37,C509784188,143630.08,8834.43,0,0
CASH_OUT,110239.79,C289481193,0.0,0.0,C1680434762,260017.0,340188.89,0,0
TRANSFER,21689.53,C521503320,336963.0,315273.47,C1287250639,784043.1,805732.63,0,0
CASH_IN,246230.67,C1923661606,7423457.31,7669687.98,C439476926,1221775.94,975545.27,0,0
CASH_OUT,94420.98,C1529325487,0.0,0.0,C1041420813,748352.75,842773.73,0,0
CASH_IN,72210.2,C2125384403,38935.0,111145.2,C134354896,72960.49,750.3,0,0
CASH_OUT,67875.58,C58491441,0.0,0.0,C691718282,1505055.45,1572931.03,0,0
CASH_IN,144389.13,C2121997319,2738697.14,2883086.28,C21971767,1176948.48,1032559.34,0,0
CASH_IN,12209.1,C233118780,3141294.49,3153503.59,C43712112,3872089.23,3859880.12,0,0
CASH_OUT,77813.32,C396305616,0.0,0.0,C1401628742,1171343.16,1249156.49,0,0
PAYMENT,8625.97,C2114270481,22414.0,13788.03,M1612853208,0.0,0.0,0,0
CASH_OUT,527090.21,C267137532,608.0,0.0,C290269528,369338.3,1094147.48,0,0
PAYMENT,4101.42,C1522660384,0.0,0.0,M2096077958,0.0,0.0,0,0
CASH_OUT,439061.94,C1948637765,37402.0,0.0,C559813296,346474.54,785536.48,0,0
PAYMENT,5933.91,C785102457,490566.47,484632.56,M2125346016,0.0,0.0,0,0
CASH_OUT,298292.99,C531373078,32289.0,0.0,C267689928,62412.42,360705.42,0,0
CASH_OUT,43215.09,C2004190202,96989.0,53773.91,C1548868129,843900.4,887115.49,0,0
PAYMENT,37419.84,C1777093000,10062.0,0.0,M482122285,0.0,0.0,0,0
CASH_OUT,77447.01,C1682047355,0.0,0.0,C244386981,141665.89,219112.9,0,0
PAYMENT,13699.56,C1135075224,11324.0,0.0,M331682637,0.0,0.0,0,0
CASH_IN,435240.08,C105220767,19952.0,455192.08,C1712496369,1383625.48,948385.4,0,0
PAYMENT,16291.59,C680935739,41901.0,25609.41,M707538359,0.0,0.0,0,0
CASH_OUT,68028.67,C1651498170,0.0,0.0,C1042759830,289187.4,357216.07,0,0
PAYMENT,5742.72,C1615722464,0.0,0.0,M865976973,0.0,0.0,0,0
PAYMENT,2150.87,C676220237,0.0,0.0,M439772614,0.0,0.0,0,0
TRANSFER,1406609.69,C1323936419,168.0,0.0,C1683284442,869917.67,2276527.36,0,0
CASH_OUT,36310.81,C426807286,0.0,0.0,C1600956649,1199624.62,1235935.43,0,0
PAYMENT,1524.55,C1505421487,28168.0,26643.45,M1865767094,0.0,0.0,0,0
CASH_OUT,356918.96,C1953960860,111750.17,0.0,C1639421990,2402506.63,2759425.59,0,0
CASH_IN,164440.31,C1538541343,196813.92,361254.23,C1715607429,690361.81,525921.5,0,0
PAYMENT,13449.6,C1750706290,25480.0,12030.4,M387167349,0.0,0.0,0,0
PAYMENT,6898.13,C484788627,0.0,0.0,M572967098,0.0,0.0,0,0
CASH_IN,174084.03,C1637914156,1265151.16,1439235.19,C1672765316,1894234.88,1720150.85,0,0
PAYMENT,7000.02,C1518412504,0.0,0.0,M394305974,0.0,0.0,0,0
DEBIT,1218.27,C2116210858,0.0,0.0,C679180168,52574.93,53793.2,0,0
CASH_OUT,330028.11,C1401295854,0.0,0.0,C1737701397,1517783.52,1847811.63,0,0
PAYMENT,14812.1,C1570233667,2537.0,0.0,M776915461,0.0,0.0,0,0
PAYMENT,20401.95,C1043996241,112.0,0.0,M1456615582,0.0,0.0,0,0
PAYMENT,7499.38,C579146789,399734.0,392234.62,M399252048,0.0,0.0,0,0
TRANSFER,24952.33,C1162589356,10449.0,0.0,C1190030315,188316.51,213268.85,0,0
PAYMENT,4165.45,C1764305725,229713.49,225548.04,M961223677,0.0,0.0,0,0
PAYMENT,2708.42,C1700202455,0.0,0.0,M2051203841,0.0,0.0,0,0
PAYMENT,6306.26,C1193271277,10566.0,4259.74,M1920077886,0.0,0.0,0,0
CASH_OUT,126820.77,C717377728,0.0,0.0,C959093930,1177500.65,1304321.42,0,0
PAYMENT,7337.79,C253383466,17472.02,10134.23,M1949923533,0.0,0.0,0,0
PAYMENT,7167.48,C293725530,0.0,0.0,M1128916674,0.0,0.0,0,0
CASH_OUT,232611.6,C172292053,0.0,0.0,C2023616558,516933.01,749544.62,0,0
CASH_IN,9286.15,C812392686,10518010.02,10527296.17,C2026755678,1659683.18,1650397.03,0,0
PAYMENT,35997.27,C611328740,0.0,0.0,M2136907040,0.0,0.0,0,0
CASH_OUT,132559.99,C1224193091,0.0,0.0,C991148487,617568.71,877444.01,0,0
PAYMENT,19839.43,C307317268,0.0,0.0,M823782613,0.0,0.0,0,0
PAYMENT,9016.81,C452955561,49738.8,40721.99,M185124531,0.0,0.0,0,0
CASH_IN,361082.05,C228977489,193283.96,554366.01,C103836696,487138.68,126056.63,0,0
TRANSFER,1163289.84,C1740266122,10469.0,0.0,C1197695042,534447.13,1697736.97,0,0
PAYMENT,5094.51,C901675387,492.0,0.0,M378898088,0.0,0.0,0,0
PAYMENT,26648.88,C1723595339,0.0,0.0,M98522199,0.0,0.0,0,0
CASH_OUT,125390.26,C1314347074,100277.0,0.0,C1309663067,1092906.32,1218296.57,0,0
CASH_IN,115649.14,C134051707,608851.0,724500.14,C901425140,0.0,0.0,0,0
TRANSFER,421538.19,C704089140,0.0,0.0,C729777268,2130140.89,2551679.09,0,0
CASH_IN,198039.26,C887610136,506.0,198545.26,C1561418384,0.0,0.0,0,0
TRANSFER,945175.69,C1096051754,40945.0,0.0,C855787614,156008.34,1101184.03,0,0
PAYMENT,20520.64,C116608806,139.0,0.0,M1805026047,0.0,0.0,0,0
CASH_IN,370616.09,C133840618,153296.0,523912.09,C966557908,11370.0,0.0,0,0
CASH_OUT,324550.86,C212409541,105464.0,0.0,C498610684,0.0,324550.86,0,0
PAYMENT,3264.32,C465670476,120552.85,117288.53,M263791504,0.0,0.0,0,0
CASH_OUT,98976.33,C1536148726,29506.0,0.0,C1076016796,1148572.54,1247548.87,0,0
PAYMENT,15190.82,C1687091066,154444.79,139253.98,M1738758294,0.0,0.0,0,0
CASH_OUT,126483.23,C845256077,6072.0,0.0,C1345291480,66713.46,193196.69,0,0
CASH_IN,194613.1,C408342255,446329.22,640942.33,C1157236631,530238.11,335625.01,0,0
CASH_IN,473177.7,C2018771575,7807718.57,8280896.27,C1437522582,1029856.2,556678.51,0,0
TRANSFER,39740.76,C972244672,333.0,0.0,C1830536435,135272.43,175013.19,0,0
TRANSFER,3017173.21,C2131661473,11645.0,0.0,C1188132211,0.0,3017173.21,0,0
CASH_OUT,231451.99,C641571488,113.0,0.0,C1711144181,0.0,231451.99,0,0
CASH_IN,352445.37,C1339165149,134591.0,487036.37,C203306536,0.0,0.0,0,0
CASH_OUT,35646.88,C759054277,0.0,0.0,C609379163,142260.77,177907.65,0,0
PAYMENT,16808.38,C140624455,311053.9,294245.52,M809592421,0.0,0.0,0,0
CASH_OUT,165651.88,C1692848447,0.0,0.0,C100196193,2344942.41,2510594.28,0,0
CASH_IN,81342.42,C2114693372,21595.0,102937.42,C4972940,446247.99,55048.55,0,0
CASH_OUT,111268.15,C313431628,67430.0,0.0,C1696583417,3947895.35,4059163.5,0,0
CASH_OUT,112408.15,C1924054337,18962.0,0.0,C443984832,0.0,112408.15,0,0
CASH_OUT,53510.07,C161056657,0.0,0.0,C694316129,1343301.19,1396811.27,0,0
CASH_IN,125854.79,C1062461079,17012.0,142866.79,C1029944996,579794.64,453939.86,0,0
PAYMENT,683.1,C1087238436,10247.0,9563.9,M1684405214,0.0,0.0,0,0
CASH_IN,224099.66,C582848994,11489.0,235588.66,C327221208,0.0,0.0,0,0
CASH_IN,109036.32,C873904906,5591.0,114627.32,C1758086191,0.0,0.0,0,0
PAYMENT,11608.42,C1244828900,114522.0,102913.58,M1583619743,0.0,0.0,0,0
PAYMENT,19268.63,C971755880,62942.0,43673.37,M633582152,0.0,0.0,0,0
PAYMENT,2551.2,C2057770377,0.0,0.0,M1305769381,0.0,0.0,0,0
CASH_OUT,334046.49,C423485557,0.0,0.0,C1145764047,1352313.52,1686360.01,0,0
CASH_IN,262845.88,C1044977085,8799338.64,9062184.52,C1771120834,3982857.39,3720011.5,0,0
TRANSFER,1051583.43,C870945051,472190.0,0.0,C472386272,766129.09,1817712.52,0,0
PAYMENT,1926.57,C899401132,0.0,0.0,M1785728022,0.0,0.0,0,0
PAYMENT,10069.21,C1077069058,251625.39,241556.18,M1376427375,0.0,0.0,0,0
CASH_OUT,65015.54,C614848586,20503.0,0.0,C1659051700,10412.42,75427.96,0,0
PAYMENT,554.67,C310919912,0.0,0.0,M133987900,0.0,0.0,0,0
PAYMENT,4934.59,C594969189,0.0,0.0,M1759027668,0.0,0.0,0,0
CASH_IN,158702.46,C761601077,4769612.55,4928315.01,C1638328701,5175847.31,5017144.84,0,0
PAYMENT,6000.71,C1536492625,0.0,0.0,M891726814,0.0,0.0,0,0
CASH_OUT,218594.88,C1417611393,0.0,0.0,C676666342,482963.16,701558.04,0,0
CASH_OUT,144183.39,C773384905,0.0,0.0,C1501002143,491452.89,635636.28,0,0
PAYMENT,130.35,C892844875,0.0,0.0,M2081244566,0.0,0.0,0,0
PAYMENT,20735.34,C1758768491,11515.0,0.0,M719840270,0.0,0.0,0,0
CASH_IN,29439.22,C652378782,126094.96,155534.18,C1034385129,68922.88,39483.67,0,0
CASH_OUT,354695.34,C993155506,175726.12,0.0,C700491314,817373.97,1172069.31,0,0
PAYMENT,15320.86,C106108171,20475.0,5154.14,M999435593,0.0,0.0,0,0
CASH_IN,142873.95,C1292865481,2147149.5,2290023.44,C886507225,820365.48,639781.63,0,0
PAYMENT,10655.29,C343744163,85165.0,74509.71,M1738748939,0.0,0.0,0,0
PAYMENT,8692.98,C1520826714,20045.0,11352.02,M1039121928,0.0,0.0,0,0
PAYMENT,9240.82,C767602585,214716.0,205475.18,M364059072,0.0,0.0,0,0
CASH_OUT,377312.3,C219220773,316786.58,0.0,C294810721,31042128.08,31419440.37,0,0
TRANSFER,1090954.74,C254397038,0.0,0.0,C1774531247,6870996.7,7961951.44,0,0
PAYMENT,24763.53,C765786984,0.0,0.0,M258943303,0.0,0.0,0,0
CASH_IN,180769.58,C2021410423,1954295.21,2135064.79,C1615099232,320560.34,139790.76,0,0
CASH_OUT,31486.15,C601153773,596.0,0.0,C995908846,1775585.23,1807071.38,0,0
CASH_IN,503017.91,C1253307528,864689.57,1367707.49,C1209501347,1323984.72,820966.81,0,0
PAYMENT,2516.77,C1495595623,25047.0,22530.23,M1273493431,0.0,0.0,0,0
CASH_IN,334285.02,C1940032160,11188.0,345473.02,C246836229,62422.89,0.0,0,0
PAYMENT,5840.86,C462649562,0.0,0.0,M483507639,0.0,0.0,0,0
CASH_OUT,121769.68,C1564220114,0.0,0.0,C1581058269,1620380.91,1742150.6,0,0
PAYMENT,20898.55,C17212216,0.0,0.0,M1338217529,0.0,0.0,0,0
PAYMENT,48075.61,C265626605,0.0,0.0,M2028568948,0.0,0.0,0,0
PAYMENT,12469.62,C1901882377,0.0,0.0,M1942190347,0.0,0.0,0,0
PAYMENT,14685.24,C1698775348,0.0,0.0,M942337467,0.0,0.0,0,0
CASH_OUT,334827.76,C963806227,521.0,0.0,C621845892,615569.06,787953.05,0,0
PAYMENT,35692.21,C1426512148,4530.34,0.0,M1853639646,0.0,0.0,0,0
PAYMENT,15638.7,C1547631614,118.0,0.0,M2134372922,0.0,0.0,0,0
CASH_OUT,15039.48,C1936647424,11179.0,0.0,C1845759436,0.0,15039.48,0,0
CASH_IN,184327.41,C12113584,30821.0,215148.41,C2263766,0.0,0.0,0,0
CASH_IN,39390.6,C1581937182,42696.0,82086.6,C1080877795,0.0,0.0,0,0
CASH_OUT,96044.03,C1809394886,0.0,0.0,C1787870120,2980671.52,2703911.36,0,0
CASH_IN,106139.37,C1710650756,8759751.82,8865891.19,C757783942,1080689.51,974550.15,0,0
CASH_OUT,207637.06,C227479715,0.0,0.0,C1817802728,1110962.95,1318600.02,0,0
PAYMENT,14362.23,C363562161,240515.22,226152.99,M1301120520,0.0,0.0,0,0
CASH_OUT,181918.51,C1507730650,104607.0,0.0,C1152890758,315103.11,497021.62,0,0
PAYMENT,15390.14,C1043577833,658858.24,643468.1,M649844833,0.0,0.0,0,0
CASH_OUT,156983.15,C1608610660,0.0,0.0,C811969419,166184.67,323167.82,0,0
CASH_OUT,39736.98,C434318303,53020.0,13283.02,C1162832820,35790.38,75527.37,0,0
CASH_OUT,107076.42,C569313629,0.0,0.0,C1731493383,1622162.35,1729238.77,0,0
CASH_OUT,343095.29,C1365928414,0.0,0.0,C1337720486,452224.91,711069.78,0,0
CASH_IN,8316.83,C393660233,2335054.91,2343371.75,C2070480153,8963237.73,8954920.89,0,0
PAYMENT,14901.09,C331202800,913.0,0.0,M1156840325,0.0,0.0,0,0
CASH_OUT,56661.89,C2016286909,440.0,0.0,C709805109,0.0,56661.89,0,0
CASH_OUT,185787.39,C1808031516,0.0,0.0,C1899552868,2503243.12,2689030.51,0,0
CASH_OUT,343959.85,C108912451,35566.0,0.0,C982503928,231314.09,575273.94,0,0
CASH_IN,40692.6,C909693550,14107.0,54799.6,C222545409,178171.73,313569.41,0,0
CASH_OUT,150356.98,C904309872,0.0,0.0,C210397630,271073.91,421430.89,0,0
PAYMENT,7954.08,C391437774,0.0,0.0,M2080915263,0.0,0.0,0,0
CASH_OUT,201767.29,C528493406,0.0,0.0,C2052500354,529688.67,731455.95,0,0
CASH_OUT,179666.26,C1878616523,0.0,0.0,C88943017,573328.21,922171.33,0,0
PAYMENT,8461.52,C472581602,37053.0,28591.48,M918774715,0.0,0.0,0,0
PAYMENT,21196.15,C603370985,0.0,0.0,M220666998,0.0,0.0,0,0
CASH_IN,44540.46,C1051193347,123599.69,168140.15,C182162449,1123273.27,1078732.82,0,0
TRANSFER,128657.9,C2919210,0.0,0.0,C302114649,1232153.08,1360810.98,0,0
PAYMENT,38909.56,C742888344,315.0,0.0,M799185145,0.0,0.0,0,0
PAYMENT,10641.42,C1922574662,0.0,0.0,M1156180068,0.0,0.0,0,0
PAYMENT,6434.97,C484818316,0.0,0.0,M977764801,0.0,0.0,0,0
PAYMENT,63256.61,C1363079794,21463.0,0.0,M1947311321,0.0,0.0,0,0
CASH_OUT,44990.46,C42148670,31231.0,0.0,C1862843521,0.0,44990.46,0,0
TRANSFER,95058.87,C1806496257,90861.0,0.0,C1776648955,504604.84,599663.71,0,0
CASH_OUT,307248.09,C608962571,37609.0,0.0,C335211614,313487.47,620735.56,0,0
TRANSFER,663753.59,C1577456669,0.0,0.0,C665502076,1196689.18,1860442.76,0,0
CASH_IN,375829.26,C1594687069,1093660.0,1469489.26,C1423696633,1492348.07,1116518.81,0,0
PAYMENT,1581.17,C859067617,0.0,0.0,M1954884899,0.0,0.0,0,0
CASH_OUT,66132.33,C1086385570,262169.0,196036.67,C457948548,682471.2,748603.53,0,0
TRANSFER,439196.25,C1565542178,15032.0,0.0,C433405302,572628.2,1011824.45,0,0
PAYMENT,39657.15,C1358568446,0.0,0.0,M322422389,0.0,0.0,0,0
PAYMENT,12139.01,C624297355,0.0,0.0,M1471762756,0.0,0.0,0,0
CASH_IN,72931.7,C1037324004,52196.0,125127.7,C2143114177,0.0,0.0,0,0
CASH_OUT,91833.6,C231077203,0.0,0.0,C791838631,2701958.94,2793792.54,0,0
PAYMENT,1758.7,C944054868,203368.0,201609.3,M613266267,0.0,0.0,0,0
PAYMENT,449.16,C1899631180,86438.0,85988.84,M1104927158,0.0,0.0,0,0
PAYMENT,1028.87,C1477486318,21939.0,20910.13,M303342105,0.0,0.0,0,0
CASH_OUT,208129.56,C668206961,0.0,0.0,C674486348,1232902.47,1441032.03,0,0
PAYMENT,35441.56,C1993249544,21702.0,0.0,M527954174,0.0,0.0,0,0
CASH_IN,136676.42,C347289719,6088024.23,6224700.65,C1584136489,386255.33,249578.92,0,0
CASH_IN,4740.61,C484813297,72358.0,77098.61,C1887655359,273299.25,276944.02,0,0
CASH_OUT,159222.25,C1337559489,0.0,0.0,C58424768,243451.79,402674.05,0,0
CASH_IN,37937.56,C1441202292,3784905.02,3822842.58,C1322816985,849476.06,811538.5,0,0
CASH_IN,64895.79,C2282746,672210.0,737105.79,C820473497,858358.21,910264.58,0,0
PAYMENT,968.91,C1602717945,0.0,0.0,M773459449,0.0,0.0,0,0
CASH_OUT,143725.75,C1129566133,286885.0,143159.25,C640920533,126205.63,269931.38,0,0
CASH_OUT,104068.55,C1974017800,0.0,0.0,C878214169,185938.54,290007.09,0,0
CASH_OUT,253471.99,C1754790935,110647.0,0.0,C2034159951,772787.24,1185250.77,0,0
PAYMENT,3177.9,C453393612,12347.76,9169.85,M1700611826,0.0,0.0,0,0
PAYMENT,2967.74,C1751719243,19009.0,16041.26,M1145301210,0.0,0.0,0,0
CASH_OUT,67471.46,C580982995,5057.0,0.0,C143045003,1508225.2,1575696.66,0,0
CASH_OUT,68071.87,C611016777,10641.0,0.0,C1362233626,0.0,68071.87,0,0
CASH_OUT,189380.27,C1924840283,19685.0,0.0,C2067051782,1780623.38,1970003.65,0,0
CASH_OUT,20308.56,C1852217540,139710.0,119401.44,C1216025195,397152.08,417460.64,0,0
CASH_OUT,220332.87,C1689453851,26570.0,0.0,C811048546,319025.59,539358.46,0,0
PAYMENT,5655.8,C80018233,696316.0,690660.2,M122839573,0.0,0.0,0,0
TRANSFER,254709.55,C1448723646,5594.0,0.0,C390709201,78435.33,333144.88,0,0
CASH_OUT,215.46,C1848440127,0.0,0.0,C470821114,73145.68,73361.14,0,0
CASH_OUT,34283.07,C123183171,51648.38,17365.31,C1626434349,232099.35,266382.42,0,0
CASH_IN,69028.99,C1381898739,15061.0,84089.99,C1405722418,306761.98,93456.07,0,0
PAYMENT,1701.19,C1455647376,624646.0,622944.81,M783022765,0.0,0.0,0,0
CASH_IN,41254.27,C124382567,126177.0,167431.27,C1092200207,0.0,0.0,0,0
CASH_IN,61292.21,C1356168430,10679.0,71971.21,C520670147,0.0,0.0,0,0
CASH_IN,239114.43,C2108481826,940652.96,1179767.39,C1859326228,1310362.04,1071247.61,0,0
PAYMENT,16870.69,C1164591536,20261.0,3390.31,M1618650440,0.0,0.0,0,0
CASH_IN,229217.69,C1073583069,16986.0,246203.69,C1013793487,0.0,0.0,0,0
PAYMENT,18159.2,C35079379,1183.0,0.0,M1700141151,0.0,0.0,0,0
CASH_OUT,32805.92,C430198000,74135.0,41329.08,C1805064595,41595.72,74401.64,0,0
CASH_OUT,240346.44,C1475746353,10095.0,0.0,C680100840,415011.23,655357.67,0,0
CASH_OUT,48507.78,C1400525463,17002.0,0.0,C1854319535,0.0,48507.78,0,0
CASH_IN,128142.05,C2094711349,2000165.09,2128307.14,C222380474,305366.56,177224.5,0,0
CASH_IN,66875.58,C299737180,22204259.18,22271134.76,C1753286921,568209.97,501334.39,0,0
PAYMENT,15903.76,C1278002340,0.0,0.0,M2115544788,0.0,0.0,0,0
PAYMENT,5904.37,C1163596322,101935.0,96030.63,M5420815,0.0,0.0,0,0
CASH_IN,254567.27,C756341789,11229.0,265796.27,C1877061834,3016387.29,2761820.02,0,0
CASH_IN,153254.81,C608177219,184.0,153438.81,C522484299,954560.3,801305.49,0,0
CASH_IN,14852.4,C878328587,51600.0,66452.4,C1558315146,493221.59,478369.19,0,0
PAYMENT,18333.61,C1615648898,0.0,0.0,M181911950,0.0,0.0,0,0
PAYMENT,19777.3,C1741253961,0.0,0.0,M1965651171,0.0,0.0,0,0
PAYMENT,10414.96,C318552118,9364.53,0.0,M1192684731,0.0,0.0,0,0
PAYMENT,3208.97,C1260957936,11673.0,8464.03,M1387115091,0.0,0.0,0,0
PAYMENT,1773.27,C1165164710,0.0,0.0,M1188466865,0.0,0.0,0,0
PAYMENT,14269.29,C2062530042,0.0,0.0,M553353439,0.0,0.0,0,0
CASH_IN,33708.25,C863887786,149356.0,183064.25,C2116690910,0.0,400033.34,0,0
CASH_IN,253714.82,C1161075102,495.0,254209.82,C117557788,1161072.59,907357.77,0,0
CASH_OUT,384272.49,C2136358691,0.0,0.0,C2012903824,1096573.63,1480846.11,0,0
PAYMENT,3208.05,C1785495410,179479.56,176271.51,M964995678,0.0,0.0,0,0
CASH_IN,90753.73,C1850188832,3454429.96,3545183.69,C23709006,1035208.38,944454.65,0,0
PAYMENT,12370.94,C584795281,172.89,0.0,M1516767151,0.0,0.0,0,0
PAYMENT,1031.61,C538094064,36815.0,35783.39,M2024341739,0.0,0.0,0,0
PAYMENT,37297.0,C2013444341,0.0,0.0,M385764259,0.0,0.0,0,0
CASH_OUT,173259.13,C1150526283,57719.35,0.0,C1165306064,7200352.52,7373611.65,0,0
PAYMENT,5681.82,C146103376,0.0,0.0,M1062599950,0.0,0.0,0,0
PAYMENT,29587.61,C1170152766,0.0,0.0,M1536420055,0.0,0.0,0,0
CASH_IN,27200.35,C1002236526,6750988.88,6778189.22,C493028686,2490953.98,2463753.63,0,0
PAYMENT,24105.33,C1888406526,12276.0,0.0,M115413599,0.0,0.0,0,0
PAYMENT,25311.73,C295236476,0.0,0.0,M1830388850,0.0,0.0,0,0
CASH_OUT,134284.37,C1084008936,5006.0,0.0,C983193479,477796.16,612080.53,0,0
PAYMENT,5686.63,C405331057,0.0,0.0,M562123561,0.0,0.0,0,0
PAYMENT,16871.22,C1087621378,5517.0,0.0,M1998364208,0.0,0.0,0,0
CASH_OUT,186843.12,C430740684,46651.0,0.0,C106720414,3230036.13,3416879.26,0,0
CASH_OUT,109404.41,C997450952,298117.8,188713.39,C1440885220,0.0,109404.41,0,0
PAYMENT,7915.73,C1896240925,321636.91,313721.18,M1393852155,0.0,0.0,0,0
CASH_OUT,126720.55,C1774589153,0.0,0.0,C998575631,466917.1,593637.65,0,0
CASH_IN,217471.1,C73768092,3021446.35,3238917.45,C909772656,294060.62,76589.53,0,0
CASH_OUT,564113.48,C2098509293,0.0,0.0,C2062323242,616072.84,1180186.32,0,0
TRANSFER,17557.34,C1797532400,145694.63,128137.29,C178284655,14112612.05,14130169.39,0,0
CASH_IN,420148.37,C728802678,20521.0,440669.37,C542983907,1420028.21,999879.84,0,0
CASH_OUT,96580.78,C1367660798,203706.0,107125.22,C804091379,58105.33,154686.11,0,0
CASH_IN,273599.37,C532259765,1146.0,274745.37,C1118636317,612458.07,338858.7,0,0
PAYMENT,86.95,C1147330824,51226.0,51139.05,M846041393,0.0,0.0,0,0
PAYMENT,9483.41,C1985532892,52208.0,42724.59,M118752487,0.0,0.0,0,0
CASH_OUT,42427.83,C1511737772,0.0,0.0,C1967456613,204935.7,247363.53,0,0
CASH_OUT,261357.28,C1792629224,0.0,0.0,C975233179,1487964.56,1749321.84,0,0
CASH_IN,141777.53,C1105054370,0.0,141777.53,C1887700061,250826.55,109049.01,0,0
TRANSFER,10000000.0,C1724995321,52553.0,0.0,C172427700,591742.21,19606841.46,0,0
PAYMENT,12957.44,C1435113616,55032.0,42074.56,M1344739881,0.0,0.0,0,0
CASH_OUT,229931.53,C1726357660,0.0,0.0,C248464360,1651898.64,1881830.16,0,0
PAYMENT,5611.94,C1295160866,0.0,0.0,M2145726494,0.0,0.0,0,0
TRANSFER,76808.81,C473301081,624254.37,547445.57,C88206578,474173.09,550981.9,0,0
PAYMENT,17025.26,C488123029,24733.0,7707.74,M26559404,0.0,0.0,0,0
CASH_OUT,558497.26,C1566677783,22732.0,0.0,C224763475,528663.02,1087160.28,0,0
PAYMENT,14652.04,C1611891637,138328.0,123675.96,M272284879,0.0,0.0,0,0
PAYMENT,1092.88,C1117458380,0.0,0.0,M169395991,0.0,0.0,0,0
CASH_IN,95036.36,C1497083484,40953.0,135989.36,C1418641216,82543.42,0.0,0,0
TRANSFER,280563.04,C8139101,20419.0,0.0,C201501941,7011.62,287574.66,0,0
DEBIT,1177.81,C1773124457,0.0,0.0,C1830441900,581451.48,582629.3,0,0
CASH_IN,283063.46,C2061467254,4459168.71,4742232.18,C140073624,13626281.35,13343217.89,0,0
PAYMENT,16203.63,C1096245442,49644.72,33441.1,M1988671330,0.0,0.0,0,0
TRANSFER,1457195.88,C180499789,0.0,0.0,C266230633,2387800.95,3844996.83,0,0
PAYMENT,23604.75,C1727800309,11291.0,0.0,M626593887,0.0,0.0,0,0
CASH_OUT,160672.63,C1933050719,298341.0,137668.37,C185905991,2116196.43,2462201.78,0,0
PAYMENT,10013.04,C470406395,10921.0,907.96,M1898685273,0.0,0.0,0,0
CASH_OUT,75008.27,C1375161270,38574.0,0.0,C1019368187,7586925.5,7661933.77,0,0
CASH_OUT,455516.25,C909722662,0.0,0.0,C438147387,1711515.49,2167031.74,0,0
PAYMENT,10713.42,C761357147,20020.0,9306.58,M26865396,0.0,0.0,0,0
CASH_OUT,290640.2,C951665872,10508.0,0.0,C187324892,3217797.61,3508437.8,0,0
TRANSFER,972409.34,C4841493,0.0,0.0,C236356518,12653341.61,13625750.95,0,0
TRANSFER,882399.78,C1973932925,0.0,0.0,C1549768001,4625337.77,5507737.55,0,0
CASH_IN,119240.24,C2111742357,9317439.74,9436679.98,C315208959,240868.59,121628.35,0,0
CASH_OUT,66775.36,C482259685,20036.0,0.0,C926006921,0.0,66775.36,0,0
PAYMENT,6612.34,C20066834,0.0,0.0,M803920347,0.0,0.0,0,0
PAYMENT,7294.79,C528897894,0.0,0.0,M477307916,0.0,0.0,0,0
CASH_OUT,235646.06,C164912855,0.0,0.0,C768427295,2697883.97,2933530.04,0,0
CASH_OUT,50827.41,C1168401286,256926.75,206099.34,C2050181899,105823.0,0.0,0,0
CASH_OUT,1676.01,C601241477,0.0,0.0,C1990660074,3899675.53,3901351.53,0,0
CASH_OUT,48799.38,C2025595214,2235.0,0.0,C1143914498,0.0,30581.44,0,0
CASH_OUT,371681.03,C1373710037,10467.0,0.0,C1553648646,123594.33,495275.36,0,0
PAYMENT,3256.56,C1535709556,0.0,0.0,M490009346,0.0,0.0,0,0
CASH_IN,231972.78,C2097655283,11462818.38,11694791.17,C566005083,502668.19,270695.41,0,0
PAYMENT,1836.1,C1910751335,30849.0,29012.9,M1855945228,0.0,0.0,0,0
CASH_IN,189407.99,C1840899464,442.0,189849.99,C1527142280,11227915.25,11038507.26,0,0
CASH_IN,69972.66,C1813279701,4621231.05,4691203.71,C822685582,585723.29,515750.63,0,0
PAYMENT,2693.18,C1195775319,0.0,0.0,M1674025280,0.0,0.0,0,0
CASH_OUT,253360.79,C1914826291,41146.0,0.0,C1895377777,0.0,253360.79,0,0
PAYMENT,11941.67,C907382454,0.0,0.0,M434373469,0.0,0.0,0,0
CASH_OUT,124505.7,C396646393,0.0,0.0,C323039620,17764372.44,17888878.14,0,0
CASH_OUT,12477.17,C1804393333,11725.0,0.0,C135241798,4203972.08,4216449.25,0,0
CASH_OUT,202756.05,C1763559556,174.0,0.0,C307127360,1060222.35,1262978.41,0,0
CASH_IN,103173.47,C1143307075,53264.0,156437.47,C1954492010,0.0,0.0,0,0
PAYMENT,29596.03,C1007127065,0.0,0.0,M1589433908,0.0,0.0,0,0
TRANSFER,527641.15,C1375397201,0.0,0.0,C1937196092,2066947.13,2594588.28,0,0
CASH_OUT,270886.59,C770839772,12228.0,0.0,C2114134621,7968464.07,8239350.66,0,0
CASH_OUT,130302.69,C311169261,0.0,0.0,C2069283752,163342.33,293645.02,0,0
CASH_IN,101076.13,C524558017,20240.0,121316.13,C551723016,46376.93,0.0,0,0
CASH_OUT,135874.04,C1689045238,0.0,0.0,C213966098,12282095.98,12417970.02,0,0
CASH_IN,112356.04,C1508045022,209140.0,321496.04,C1760752420,183340.89,70984.85,0,0
CASH_OUT,106997.94,C22113458,51347.0,0.0,C625364742,66771.61,173769.55,0,0
CASH_OUT,186230.05,C656157821,195.0,0.0,C2093321511,285952.66,472182.71,0,0
TRANSFER,987840.67,C672790106,0.0,0.0,C1695982417,3671410.28,4659250.96,0,0
PAYMENT,5375.69,C633576896,161395.74,156020.05,M1086204707,0.0,0.0,0,0
TRANSFER,918851.23,C1529763683,399596.67,0.0,C1538760719,6011414.64,6930265.87,0,0
TRANSFER,681666.63,C1576700772,210940.72,0.0,C1153883756,3998379.35,4680045.98,0,0
PAYMENT,15348.43,C184375447,70420.27,55071.85,M330431854,0.0,0.0,0,0
CASH_OUT,269781.12,C1797007935,52004.0,0.0,C974622094,240721.66,510502.78,0,0
TRANSFER,662652.18,C1306084580,0.0,0.0,C2071941803,1472326.69,2134978.87,0,0
PAYMENT,23633.73,C641973521,201860.36,178226.64,M1265641758,0.0,0.0,0,0
CASH_OUT,136931.45,C1825303442,540.0,0.0,C883323675,0.0,136931.45,0,0
CASH_IN,325149.04,C820543857,2536376.48,2861525.52,C2027310038,538489.29,213340.26,0,0
CASH_OUT,248049.18,C1517253928,0.0,0.0,C1783870825,1146080.67,1394129.84,0,0
CASH_IN,166873.9,C702132791,25210.0,192083.9,C141917508,0.0,0.0,0,0
PAYMENT,1558.46,C1623617857,10727.0,9168.54,M632682896,0.0,0.0,0,0
CASH_OUT,34969.51,C1085333263,69136.89,34167.37,C82824506,0.0,0.0,0,0
CASH_IN,177782.69,C1815394340,2837579.57,3015362.26,C828097295,207694.39,29911.71,0,0
CASH_OUT,88958.36,C1507501335,56320.0,0.0,C1334631036,532556.5,621514.86,0,0
TRANSFER,190858.88,C708796857,0.0,0.0,C1222565867,6232789.03,6423647.91,0,0
CASH_OUT,304886.91,C1349870777,10996.0,0.0,C147045778,252806.09,557692.99,0,0
CASH_OUT,339277.7,C842815612,0.0,0.0,C1093326773,842369.35,1181647.05,0,0
CASH_IN,114644.27,C1791839666,6134886.81,6249531.08,C1142559867,2754395.28,2639751.01,0,0
CASH_IN,327701.78,C1425095102,54187.0,381888.78,C1826989018,0.0,0.0,0,0
CASH_OUT,115407.21,C559700489,0.0,0.0,C311147552,6367758.99,6483166.2,0,0
PAYMENT,334.12,C812662571,0.0,0.0,M909694728,0.0,0.0,0,0
PAYMENT,8394.03,C16095827,402101.73,393707.7,M845199297,0.0,0.0,0,0
CASH_OUT,394590.77,C312267453,0.0,0.0,C763550684,741115.3,1135706.07,0,0
CASH_IN,31599.25,C239188506,10180813.21,10212412.47,C596185827,334935.69,303336.44,0,0
PAYMENT,2023.8,C946221091,41990.0,39966.2,M1174048701,0.0,0.0,0,0
PAYMENT,16603.4,C84672457,0.0,0.0,M892985481,0.0,0.0,0,0
CASH_OUT,155687.27,C1847803726,79758.5,0.0,C1541622577,1141748.5,1297435.77,0,0
CASH_IN,195935.04,C2106845033,559438.46,755373.5,C772373402,984554.85,788619.81,0,0
TRANSFER,371476.58,C450215994,11979.0,0.0,C503988518,1331266.45,1702743.03,0,0
TRANSFER,560946.86,C948873047,11075.0,0.0,C2086416315,1358953.97,1919900.84,0,0
PAYMENT,24316.4,C1836716224,959421.0,935104.6,M236054421,0.0,0.0,0,0
CASH_OUT,330639.34,C530201603,0.0,0.0,C1894654874,1425356.0,1755995.34,0,0
PAYMENT,45164.95,C1086694405,29922.0,0.0,M791349362,0.0,0.0,0,0
CASH_OUT,23314.68,C1695713871,116122.0,92807.32,C1053279275,706061.4,729376.08,0,0
CASH_OUT,204935.33,C761376178,0.0,0.0,C1062843388,5991285.49,6196220.82,0,0
PAYMENT,4598.79,C529024935,1090.0,0.0,M1444797103,0.0,0.0,0,0
PAYMENT,4964.2,C328943732,0.0,0.0,M1637455617,0.0,0.0,0,0
PAYMENT,4407.49,C241784814,0.0,0.0,M1995643247,0.0,0.0,0,0
CASH_OUT,248414.42,C1595349420,64878.0,0.0,C601824187,0.0,248414.42,0,0
CASH_IN,164893.78,C1963560321,4740571.79,4905465.58,C281987650,562854.83,88590.43,0,0
CASH_OUT,70760.19,C846724674,0.0,0.0,C1612654137,296178.07,366938.26,0,0
CASH_IN,429218.33,C1268529711,52176.0,481394.33,C430518215,0.0,0.0,0,0
PAYMENT,50545.31,C510805158,132167.95,81622.64,M1607439529,0.0,0.0,0,0
PAYMENT,8492.75,C319969710,3232.0,0.0,M972193264,0.0,0.0,0,0
PAYMENT,478.47,C1438743061,94809.26,94330.79,M1437912425,0.0,0.0,0,0
CASH_OUT,222789.34,C584844843,0.0,0.0,C383143703,2841784.36,3064573.71,0,0
CASH_IN,164439.05,C1609276962,775.0,165214.05,C1293954727,818480.02,654040.97,0,0
TRANSFER,225525.06,C49961111,0.0,0.0,C1037387528,436146.64,661671.71,0,0
CASH_IN,319491.79,C1605396858,35510.0,355001.79,C453757414,1186317.31,269632.15,0,0
CASH_OUT,231483.47,C1613270970,15426.0,0.0,C674808184,0.0,231483.47,0,0
CASH_OUT,299993.44,C1514474988,0.0,0.0,C351045038,318967.82,618961.26,0,0
CASH_OUT,186778.22,C200616125,15049.0,0.0,C304670363,29620.03,216398.25,0,0
PAYMENT,17227.67,C2043775652,141934.36,124706.69,M867101506,0.0,0.0,0,0
PAYMENT,12302.14,C2141879777,354.0,0.0,M1951950995,0.0,0.0,0,0
CASH_OUT,62996.68,C1897068248,81521.0,18524.32,C971451359,81018.82,144015.5,0,0
CASH_OUT,76114.27,C671898550,61785.0,0.0,C145797558,6698445.67,6774559.94,0,0
CASH_OUT,119407.59,C1641223652,123.0,0.0,C1141414321,1759781.42,1879189.01,0,0
PAYMENT,2340.07,C969760265,52100.0,49759.93,M1922407049,0.0,0.0,0,0
CASH_IN,240542.68,C270662563,1552173.35,1792716.03,C1473234854,1954870.53,1714327.86,0,0
PAYMENT,10204.16,C381586311,20320.0,10115.84,M814757269,0.0,0.0,0,0
PAYMENT,16801.85,C1164404247,11146.0,0.0,M129818008,0.0,0.0,0,0
PAYMENT,3789.4,C960154277,70047.61,66258.22,M507638847,0.0,0.0,0,0
CASH_OUT,221969.9,C923767402,21468.0,0.0,C164576559,0.0,221969.9,0,0
PAYMENT,7532.35,C2026440801,128785.0,121252.65,M1524011506,0.0,0.0,0,0
PAYMENT,8430.16,C1862356945,1777.0,0.0,M1503516842,0.0,0.0,0,0
PAYMENT,5703.63,C1144573241,0.0,0.0,M480698148,0.0,0.0,0,0
CASH_IN,269278.6,C1967538168,88668.0,357946.6,C752006244,24387.0,0.0,0,0
CASH_IN,158581.34,C1693735489,7007879.5,7166460.84,C1628610299,1444387.71,1285806.37,0,0
PAYMENT,4611.77,C1668721301,652.0,0.0,M1512187983,0.0,0.0,0,0
PAYMENT,20511.39,C1591686745,178.0,0.0,M1585559342,0.0,0.0,0,0
CASH_OUT,165599.42,C636803534,20203.0,0.0,C1478438197,134172.3,461943.31,0,0
CASH_IN,79207.95,C82462830,407.0,79614.95,C229288573,2149893.89,2070685.94,0,0
CASH_OUT,219011.91,C1467792526,126760.0,0.0,C698894450,1781108.81,2000120.71,0,0
CASH_OUT,107463.32,C1010119189,0.0,0.0,C991749638,124929.99,232393.3,0,0
PAYMENT,20587.99,C652606604,197486.0,176898.01,M1458442252,0.0,0.0,0,0
TRANSFER,792979.47,C384106576,10185.0,0.0,C1428692029,381215.21,1174194.68,0,0
CASH_IN,359205.08,C1545609537,21768.0,380973.08,C25946348,695426.51,336221.43,0,0
TRANSFER,1067396.75,C1290631015,56684.0,0.0,C1730674641,0.0,1067396.75,0,0
PAYMENT,9705.34,C126965764,51286.0,41580.66,M1286501615,0.0,0.0,0,0
PAYMENT,27260.24,C1263747870,0.0,0.0,M1360468090,0.0,0.0,0,0
CASH_IN,247496.55,C1477591346,30927.0,278423.55,C1834655725,612071.77,364575.21,0,0
CASH_OUT,152940.41,C319146415,50657.41,0.0,C1967668144,391432.13,544372.54,0,0
PAYMENT,28241.22,C1155474269,0.0,0.0,M74338281,0.0,0.0,0,0
PAYMENT,48830.72,C268659431,0.0,0.0,M1622601379,0.0,0.0,0,0
PAYMENT,13933.52,C1604684002,102946.0,89012.48,M709745431,0.0,0.0,0,0
PAYMENT,8487.1,C823379125,0.0,0.0,M752833213,0.0,0.0,0,0
CASH_IN,246035.65,C1507629206,9420.0,255455.65,C209205517,0.0,0.0,0,0
CASH_OUT,185734.62,C1037993730,0.0,0.0,C1349025053,402441.38,588176.0,0,0
CASH_OUT,32312.07,C1829127431,52721.0,20408.93,C1362352863,0.0,32312.07,0,0
PAYMENT,18453.32,C271354519,8047.0,0.0,M2029411781,0.0,0.0,0,0
CASH_OUT,149111.59,C2074444259,0.0,0.0,C1016178591,2843192.54,2992304.13,0,0
PAYMENT,11735.21,C2118609768,0.0,0.0,M1667330355,0.0,0.0,0,0
PAYMENT,359.24,C1572685742,69836.0,69476.76,M727401370,0.0,0.0,0,0
CASH_OUT,166123.73,C1450622719,0.0,0.0,C1265578531,1073996.61,1240120.34,0,0
CASH_IN,20890.24,C856531994,12348.0,33238.24,C1520721685,380683.93,359793.69,0,0
CASH_IN,92464.38,C361039704,4664926.34,4757390.73,C1761436672,540924.7,448460.32,0,0
CASH_OUT,243728.51,C382566729,9385.0,0.0,C1235549363,0.0,243728.51,0,0
CASH_OUT,343345.95,C978142420,12392.0,0.0,C1372313291,307888.15,651234.11,0,0
CASH_OUT,149416.8,C1746875390,0.0,0.0,C828300552,3310845.49,3460262.29,0,0
PAYMENT,3960.1,C2040932651,28870.0,24909.9,M1795337931,0.0,0.0,0,0
CASH_OUT,34197.33,C2125985380,8253.0,0.0,C97449814,118710.2,184138.69,0,0
CASH_OUT,11493.59,C1261526859,0.0,0.0,C1158538373,72839.76,84333.35,0,0
CASH_OUT,163225.25,C1662210748,19413.0,0.0,C1762408620,0.0,163225.25,0,0
CASH_OUT,47559.89,C1817224106,173.0,0.0,C1700170396,6496.86,54056.75,0,0
CASH_OUT,49259.46,C355160564,22232.0,0.0,C1738924486,34169.47,83428.93,0,0
CASH_OUT,24561.56,C442956038,46315.0,21753.44,C523257355,1626285.76,1650847.33,0,0
CASH_IN,877.73,C1380363876,5617736.96,5618614.69,C1861506275,245874.35,244996.62,0,0
PAYMENT,534.25,C665029749,0.0,0.0,M699598428,0.0,0.0,0,0
CASH_OUT,210102.13,C1780218219,0.0,0.0,C908061456,24978055.37,25188157.5,0,0
CASH_IN,164628.3,C307823863,116799.0,281427.3,C2011093179,0.0,0.0,0,0
TRANSFER,620108.11,C603813897,1993.84,0.0,C679781592,940278.54,1560386.65,0,0
CASH_IN,43544.38,C774286399,29933947.47,29977491.85,C405438084,1479018.09,1435473.71,0,0
CASH_OUT,277282.49,C852117936,0.0,0.0,C2141951733,793523.05,1070805.54,0,0
CASH_IN,47696.88,C2045020286,612.0,48308.88,C1489406543,7776230.35,7728533.47,0,0
PAYMENT,10359.55,C1732358669,5037.0,0.0,M1766279259,0.0,0.0,0,0
PAYMENT,36038.51,C1879315827,0.0,0.0,M1205777087,0.0,0.0,0,0
CASH_IN,50598.77,C1787118411,131821.0,182419.77,C1368399300,270629.95,220031.18,0,0
PAYMENT,3113.26,C2008228951,0.0,0.0,M1372746652,0.0,0.0,0,0
